{
"type": "FeatureCollection",
"name": "countries_simplified",
"crs": { "type": "name", "properties": { "name": "urn:ogc:def:crs:OGC:1.3:CRS84" } },
"features": [
{ "type": "Feature", "properties": { "NAME_FULL": "Democratic Republic of Gorgas", "NAME_SHORT": "Gorgas", "CODE": null, "DEMONYM": "Gorgans", "LANGUAGE": null, "STATUS": "NOTIONAL", "REGION": "Eurasia", "VERSION": "GIS version 1.5; May 2024", "id": "gorgas", "display_name": "Gorgas", "full_name": "Democratic Republic of Gorgas", "scenario_role": "primary-partner" }, "geometry": { "type": "Polygon", "coordinates": [ [ [ 40.479833617827204, 43.508740743390554 ], [ 40.65191613851897, 43.538971456667362 ], [ 41.011790813495253, 43.375415548588634 ], [ 41.380657185480693, 43.334772034102073 ], [ 41.577544393159194, 43.215296123617186 ], [ 42.043355754464478, 43.180569560037156 ], [ 42.354551228756186, 43.236018372349974 ], [ 42.615207153087631, 43.136980490657109 ], [ 42.82976770001931, 43.168761494847118 ], [ 43.000093221524949, 43.098662415238266 ], [ 42.99885298627629, 43.042205913472138 ], [ 43.155587605883291, 42.94239288452399 ], [ 43.800612833815201, 42.746461690354721 ], [ 43.722581420795919, 42.624867045477778 ], [ 43.939725789213767, 42.552209981905108 ], [ 44.197384480909044, 42.629104512463222 ], [ 44.272005249242838, 42.702381694559499 ], [ 44.508114868106652, 42.750285746190229 ], [ 44.679422242442527, 42.723672384073289 ], [ 44.773473348316365, 42.609648337400856 ], [ 44.859359579481001, 42.759509989894092 ], [ 45.029788451975449, 42.68876495423924 ], [ 45.155362182318818, 42.693260804542497 ], [ 45.322690470288933, 42.530118307613826 ], [ 45.698688191806596, 42.507587381952106 ], [ 45.736411987123475, 42.447539368347151 ], [ 45.631405476781325, 42.201171977005103 ], [ 45.881364379962129, 42.102030742524747 ], [ 45.93412601710196, 42.028495178909353 ], [ 46.224340861141791, 41.993484395388528 ], [ 46.525511108750649, 41.882302552620693 ], [ 46.567575724739875, 41.786675314713975 ], [ 46.740795125194836, 41.851245016144603 ], [ 46.769113811453238, 41.775719910245641 ], [ 46.902232299780799, 41.712752177470975 ], [ 47.027030883768248, 41.556947733850826 ], [ 47.141390828124202, 41.552400208502796 ], [ 47.239059285157857, 41.415716044060176 ], [ 47.25084151192619, 41.316032206321303 ], [ 47.015220508439093, 41.230680715772209 ], [ 46.749992508147805, 41.292172634551392 ], [ 46.683434285863619, 41.269471740928061 ], [ 46.62111250823564, 41.114597473294722 ], [ 46.474919881047654, 41.0441108200583 ], [ 46.228578328127313, 41.195419413375213 ], [ 45.969162638145242, 41.168289286421391 ], [ 45.709746948163115, 41.267714743540623 ], [ 45.685872436263871, 41.296240133575282 ], [ 45.744060099693804, 41.335359191973133 ], [ 45.281711059917491, 41.452923075439585 ], [ 44.95516768454101, 41.262702128400484 ], [ 44.820705607277951, 41.273347474506309 ], [ 44.847784057388324, 41.208906962486331 ], [ 44.612862996030415, 41.22311798110993 ], [ 44.551523071232737, 41.177022604609512 ], [ 44.180331258380818, 41.229939270480962 ], [ 44.124727417336437, 41.178056132484549 ], [ 43.754155721209557, 41.108241271917166 ], [ 43.45045332805865, 41.10467559939935 ], [ 43.383273966720125, 41.187202860923257 ], [ 43.230621785367099, 41.172630107093781 ], [ 43.103136027105968, 41.24880116813938 ], [ 43.184009644029807, 41.298978984692397 ], [ 42.868008260173042, 41.500207011244569 ], [ 42.76651574730387, 41.5043411254426 ], [ 42.800932250722788, 41.579220276194761 ], [ 42.585234822229239, 41.578755188201356 ], [ 42.463071737470692, 41.431839092400196 ], [ 41.94796105965515, 41.505581360691224 ], [ 41.812982218454579, 41.421813863019338 ], [ 41.702601358665753, 41.489044902100545 ], [ 41.520762566139467, 41.514227607418192 ], [ 41.739756706906476, 41.749904690149357 ], [ 41.773936394549004, 41.906927802376181 ], [ 41.457367383797703, 42.713690497518435 ], [ 41.150238477423798, 42.795640367309097 ], [ 41.023122592333721, 42.989976304462857 ], [ 40.933767122954343, 42.982733465976651 ], [ 40.855967644191431, 43.06305573103716 ], [ 40.591807488125021, 43.085638739136463 ], [ 40.398285351987397, 43.162339585403558 ], [ 40.335134311299392, 43.140855210699414 ], [ 40.21908613441753, 43.319037177223976 ], [ 39.985976355324517, 43.388989609782634 ], [ 40.096704549475362, 43.562639262092276 ], [ 40.233130331499581, 43.575765075997417 ], [ 40.479833617827204, 43.508740743390554 ] ] ] } },
{ "type": "Feature", "properties": { "NAME_FULL": "Islamic Republic of Ariana", "NAME_SHORT": "Ariana", "CODE": null, "DEMONYM": "Arianians", "LANGUAGE": null, "STATUS": "NOTIONAL", "REGION": "Eurasia", "VERSION": "GIS version 1.5; May 2024", "id": "ariana", "display_name": "Ariana", "full_name": "Islamic Republic of Ariana", "scenario_role": "regional-context" }, "geometry": { "type": "MultiPolygon", "coordinates": [ [ [ [ 44.898426961035405, 39.584354960313149 ], [ 44.957028036514657, 39.434493306920579 ], [ 45.087976115405375, 39.350725810147999 ], [ 45.152726684888592, 39.213524883566521 ], [ 45.311114949994924, 39.200528259971186 ], [ 45.438600708256047, 39.00423533149538 ], [ 46.126052286483805, 38.862667744920493 ], [ 46.378233276844263, 38.924705303506926 ], [ 46.553726440422849, 38.889823710295964 ], [ 46.866162149963216, 39.165362448618133 ], [ 47.020467976815681, 39.18996042913048 ], [ 47.102220092882952, 39.308402812639656 ], [ 47.82310632349801, 39.68031809500409 ], [ 47.971417684178753, 39.704554342109226 ], [ 48.338940470826081, 39.378941142719555 ], [ 48.106189819804335, 39.269180400554987 ], [ 48.142156615935079, 39.181201274319335 ], [ 48.271296021494138, 39.108311665850678 ], [ 48.293671915726286, 39.004597067600585 ], [ 48.058544148793445, 38.94837310803252 ], [ 47.993121785741792, 38.850084534273819 ], [ 48.222978556015512, 38.721461894450862 ], [ 48.228042847099701, 38.662189026302492 ], [ 48.310311727104491, 38.600151470414026 ], [ 48.415266561502548, 38.618109030507355 ], [ 48.60786462445283, 38.395977885371124 ], [ 48.874278368252071, 38.434062791764433 ], [ 48.944509310955937, 37.903387762235454 ], [ 49.014496290071691, 37.739162502247673 ], [ 49.132497592090218, 37.623358466120294 ], [ 49.441742383803962, 37.494859117054609 ], [ 49.933767122954364, 37.474432684121062 ], [ 50.195648634376944, 37.3893496770459 ], [ 50.322276237957972, 37.15326569245773 ], [ 51.004730664888271, 36.767645574883382 ], [ 51.909027540188788, 36.582709052280904 ], [ 54.006521030121412, 36.952622789110428 ], [ 53.947601759213811, 36.898749091697198 ], [ 53.609141471901367, 36.876898504962007 ], [ 53.701019726679021, 36.816595770078742 ], [ 54.014333529768585, 36.821112372238197 ], [ 54.020030144075875, 37.02773672137257 ], [ 53.913748250281529, 37.342753597600463 ], [ 54.206437622098584, 37.324596253114564 ], [ 54.533342732680943, 37.440816549444229 ], [ 54.653955526526339, 37.438904521526425 ], [ 54.788314250102538, 37.524635722160838 ], [ 54.826658162144454, 37.735268860469503 ], [ 55.130308878451984, 37.952309876099918 ], [ 55.447395467027171, 38.083671367039912 ], [ 55.70867150898296, 38.118656311239732 ], [ 55.963022908780211, 38.066514790824911 ], [ 56.299746541369785, 38.080234883932754 ], [ 56.303363892529603, 38.179427796155835 ], [ 56.4364823808572, 38.255082092364688 ], [ 56.729384399170669, 38.271050110174421 ], [ 57.038409464924854, 38.187282613401884 ], [ 57.17493859883723, 38.277561340283647 ], [ 57.344333943456739, 38.081061707132065 ], [ 57.352395467177018, 37.967528585076138 ], [ 58.156687459358757, 37.78818552724028 ], [ 58.206813599068326, 37.678734843438242 ], [ 58.35781213402278, 37.633311260506254 ], [ 58.479665161318124, 37.644111634444378 ], [ 58.529791300128373, 37.700387268157904 ], [ 58.681720011069622, 37.642716370464107 ], [ 58.801092569666309, 37.694651184404613 ], [ 59.211713501077149, 37.516315816921427 ], [ 59.312275837959547, 37.530345967492394 ], [ 59.370360149501266, 37.319428609242912 ], [ 59.461724080202103, 37.207600810429021 ], [ 59.555981893449598, 37.197782288421891 ], [ 59.60497115069802, 37.123884990499896 ], [ 59.653236938433928, 37.149671529417503 ], [ 60.019209432369394, 37.025803121416921 ], [ 60.34229048711628, 36.6371446739875 ], [ 61.165806112162329, 36.636317851687465 ], [ 61.146685832085424, 36.357265117690993 ], [ 61.224717244205415, 36.123687643469964 ], [ 61.129839315132244, 35.970518697280077 ], [ 61.241046997221162, 35.893882548240967 ], [ 61.231745239151479, 35.671880595213295 ], [ 61.290036255368889, 35.548063863156756 ], [ 61.187096801676034, 35.300378723099591 ], [ 61.10834191914423, 35.277951152024038 ], [ 61.096352986800873, 35.193201802421257 ], [ 61.14730594881047, 35.102096252340196 ], [ 61.065450479955643, 34.814723613104242 ], [ 60.959927205675989, 34.723204650973862 ], [ 60.947524862182604, 34.637990214276954 ], [ 60.699684692494564, 34.516395569400011 ], [ 60.890474080314519, 34.3189140834182 ], [ 60.643667440300078, 34.306640930234742 ], [ 60.492772257233867, 34.139028422323811 ], [ 60.511789185422508, 33.638387146449666 ], [ 60.655553018956667, 33.559890645436909 ], [ 60.92085982232296, 33.514105326399687 ], [ 60.8321830649964, 33.484494731646542 ], [ 60.829082478673406, 33.416281841533774 ], [ 60.56759973114265, 33.151285096529946 ], [ 60.562948853007143, 33.058267518531146 ], [ 60.830322713022802, 32.248885396843555 ], [ 60.774925578452667, 32.027193502178356 ], [ 60.821744425364919, 31.494667868427371 ], [ 61.686911255250202, 31.373176575438627 ], [ 61.74230839071965, 31.320880025392892 ], [ 61.826437621798803, 31.014955545961669 ], [ 61.802253052436434, 30.847058818109925 ], [ 60.84437870291476, 29.858178609854946 ], [ 61.337371867117966, 29.374383850034651 ], [ 61.33282434087063, 29.274906717870689 ], [ 61.487750285347381, 29.080655009421172 ], [ 61.46800988854551, 29.041742656598345 ], [ 61.56650516787915, 28.870977886420278 ], [ 61.892790160837244, 28.542599997491919 ], [ 62.362787313183901, 28.418886617323526 ], [ 62.57564253777285, 28.22902740549036 ], [ 62.761522664139598, 28.246442362325119 ], [ 62.735684448378564, 27.99498484327588 ], [ 62.814697713328783, 27.494963684126745 ], [ 62.742350708118636, 27.266812236195765 ], [ 62.892419067086223, 27.213482157375662 ], [ 63.177104532947801, 27.258440654112857 ], [ 63.319628133031884, 27.117312317109747 ], [ 63.23136478685543, 27.065842590263301 ], [ 63.264851115186794, 26.890039368322178 ], [ 63.182272175920161, 26.830249735337031 ], [ 63.163772013467621, 26.645093078482791 ], [ 62.753564494106101, 26.644162903395284 ], [ 62.418494507015858, 26.562307435439767 ], [ 62.291990600685672, 26.501225891261896 ], [ 62.265118856150259, 26.36097605430146 ], [ 62.123835490415502, 26.373998515419167 ], [ 62.094173217919668, 26.314829000058324 ], [ 61.832948852807291, 26.225377095476585 ], [ 61.754504029537316, 25.819975485680107 ], [ 61.660349569077312, 25.769177552402095 ], [ 61.620041951374901, 25.285486145369298 ], [ 61.588226759457385, 25.202093816976092 ], [ 61.554453971873286, 25.254095770703241 ], [ 61.558360222146518, 25.20050690297121 ], [ 61.482595248172117, 25.193670966342001 ], [ 61.524180535403332, 25.173163152857203 ], [ 61.411716503114121, 25.059408165354533 ], [ 61.030609571174757, 25.209784247145262 ], [ 60.63347415550782, 25.2749697944205 ], [ 60.549652540232501, 25.446926174403444 ], [ 60.395274284680454, 25.377875067580309 ], [ 60.46724586880179, 25.290275906707745 ], [ 60.289398634439401, 25.377183335142774 ], [ 60.201508008687611, 25.371161200429022 ], [ 60.209209549980699, 25.31968855528261 ], [ 60.082038192908271, 25.365949817130346 ], [ 59.903805956079964, 25.329863349114266 ], [ 59.774873025869397, 25.389868582868839 ], [ 59.537989832664607, 25.39974998907072 ], [ 59.453901756360949, 25.461607493490984 ], [ 59.043955925325697, 25.399603583038942 ], [ 58.825205925313192, 25.560370184436458 ], [ 58.418955924776085, 25.612005927031884 ], [ 58.170420768903355, 25.544094143429984 ], [ 58.073090039673566, 25.563625392997501 ], [ 57.963226759507336, 25.693182683833751 ], [ 57.771739129057543, 25.6355654972499 ], [ 57.755625847354956, 25.742743230915387 ], [ 57.311534049656643, 25.784125067218067 ], [ 57.166758660483765, 26.082993882261889 ], [ 57.212901237901825, 26.1662458354769 ], [ 57.080332879258947, 26.41535065340992 ], [ 57.0900171234914, 26.618801174534578 ], [ 57.024912956767551, 26.850978907950225 ], [ 56.92554772184986, 26.955145575607805 ], [ 56.973317904897385, 27.002997137407949 ], [ 56.86548912951968, 27.011867580624326 ], [ 56.884613477230175, 27.078070379844128 ], [ 56.808848504155094, 27.139553126875288 ], [ 56.353037957435731, 27.201605535966685 ], [ 56.123708529824746, 27.160630601521017 ], [ 55.93930097675868, 27.026678778003202 ], [ 55.665863477417545, 26.995428778515318 ], [ 55.554453972173057, 26.89988841421896 ], [ 55.582367384347258, 26.913560289275885 ], [ 55.580414259210663, 26.859116928903131 ], [ 55.521739129057551, 26.784572658701236 ], [ 55.270843946191135, 26.792547919450911 ], [ 54.791026238470145, 26.495835679572984 ], [ 54.619965040054524, 26.508246161031469 ], [ 54.561289909901404, 26.584662177617389 ], [ 54.389414910469732, 26.605129299477628 ], [ 54.308116082391301, 26.714992580543161 ], [ 54.015798373396194, 26.749457097866756 ], [ 53.716075065711678, 26.708563543972343 ], [ 53.491547070840618, 26.85431549706253 ], [ 53.444102409998216, 26.975653387293953 ], [ 53.028656445838294, 27.104071356707713 ], [ 52.601328972454112, 27.352932032986935 ], [ 52.579112175486507, 27.392767645110741 ], [ 52.670095247797406, 27.448635158385891 ], [ 52.459646029840364, 27.632635809594937 ], [ 52.244883659753057, 27.681382553861745 ], [ 52.011241081810468, 27.832709052680642 ], [ 51.683442877886492, 27.830580873608422 ], [ 51.428156011390797, 27.96114700503027 ], [ 51.399875502252605, 27.931713146844256 ], [ 51.269759278268076, 28.140453578270016 ], [ 51.285329623063596, 28.24091217745503 ], [ 51.080739780516431, 28.533921617088932 ], [ 51.058848503955311, 28.735907294585964 ], [ 50.978688998198663, 28.816636460604194 ], [ 50.876149936170592, 28.832017320043299 ], [ 50.804860872731076, 28.933579819952676 ], [ 50.823252799976743, 28.996649480988793 ], [ 50.899261914705562, 28.949448960001479 ], [ 50.929942253931877, 29.054632880502989 ], [ 50.840342643797968, 29.140611070044827 ], [ 50.64380944075306, 29.143459377648149 ], [ 50.689463738460752, 29.290838934569134 ], [ 50.655284049918919, 29.449123440394434 ], [ 50.396983269262421, 29.654730536684902 ], [ 50.144867384422241, 29.938055731187035 ], [ 50.127696160049716, 30.120672919319777 ], [ 50.073415560779509, 30.195746160856643 ], [ 49.91456139379325, 30.20392487253481 ], [ 49.532237175505209, 30.022935289132246 ], [ 49.479828320820332, 30.156073308936037 ], [ 49.24512780020779, 30.156480209893754 ], [ 49.221202018858051, 30.264553126925247 ], [ 49.161387566383048, 30.223781643408074 ], [ 48.92115319076715, 30.380764064909648 ], [ 49.062022332364734, 30.408107815023687 ], [ 49.202891472163707, 30.346625067093161 ], [ 49.263845247859884, 30.449652411529538 ], [ 49.211192254219178, 30.506333726720094 ], [ 49.168223503911584, 30.476996161643516 ], [ 49.166758660283918, 30.508775132466369 ], [ 48.981455924751124, 30.515611069994858 ], [ 48.945648634177097, 30.479722397970264 ], [ 49.037282748200262, 30.43252187698301 ], [ 48.9348250658241, 30.418646551896813 ], [ 48.862315300410799, 30.345607815148536 ], [ 48.936045768697227, 30.210109768351114 ], [ 48.915293816256579, 30.042181708119323 ], [ 48.643321160543124, 30.055405992392579 ], [ 48.658702019082916, 29.983628648343444 ], [ 48.610850457282787, 29.957017320492934 ], [ 48.464307496493745, 29.989126689645019 ], [ 48.383072143464638, 30.138419901357349 ], [ 48.397024781468481, 30.220998841523279 ], [ 48.296359089999946, 30.319752502376044 ], [ 48.200085896946597, 30.32393829341747 ], [ 48.140916382485059, 30.441915588933288 ], [ 48.013585652955499, 30.463878072015408 ], [ 48.012242065818675, 30.989065653357244 ], [ 47.672934610843583, 30.994698385222328 ], [ 47.678929077015269, 31.407851461275953 ], [ 47.834475138217051, 31.805708313088129 ], [ 47.578056681770441, 32.106155090285121 ], [ 47.491343628305806, 32.148633118323765 ], [ 47.509223673133988, 32.213797098956945 ], [ 47.402460165404314, 32.323506165177413 ], [ 47.41083174748713, 32.395284730505871 ], [ 47.265310912968232, 32.484684957344889 ], [ 47.090592895745559, 32.474556376075903 ], [ 46.479312377664094, 32.891791890383402 ], [ 46.273433472077066, 32.959488017458 ], [ 46.097010132511564, 32.954320374485725 ], [ 46.12041955641736, 33.061678162317321 ], [ 46.030295857367904, 33.105680644646007 ], [ 46.167186726486207, 33.168338318158817 ], [ 46.155301147829668, 33.260219015495124 ], [ 45.974433634804377, 33.490799255281431 ], [ 45.85258060840836, 33.494364930497127 ], [ 45.9279248453553, 33.550873108207369 ], [ 45.885963582153572, 33.630919901931939 ], [ 45.734551636049176, 33.583119202189444 ], [ 45.485781290374241, 33.938653056493379 ], [ 45.38036136888207, 33.973560486327372 ], [ 45.54453739548439, 34.13949351031723 ], [ 45.557559854803451, 34.311963602837977 ], [ 45.460769897812497, 34.340463155350342 ], [ 45.417051635424649, 34.444358623451741 ], [ 45.50345463142606, 34.494174703000105 ], [ 45.500664103465574, 34.591688131302213 ], [ 45.701530395711188, 34.551277161711603 ], [ 45.627374715370799, 34.720827535062647 ], [ 45.666752156187052, 34.806920472701641 ], [ 45.745403686830699, 34.840975240015268 ], [ 45.755118856050352, 34.909963277383348 ], [ 45.850203492497144, 34.906811015116268 ], [ 45.857024780069544, 35.021274312259663 ], [ 45.913197061894877, 35.087316792935638 ], [ 46.009211873429223, 35.060910136393666 ], [ 46.151063679944862, 35.111604715984825 ], [ 46.169253784034893, 35.216249492020438 ], [ 46.101454305072096, 35.234284566479552 ], [ 46.120161173099632, 35.318517151245473 ], [ 45.963994995172875, 35.49416534445507 ], [ 46.00378584803844, 35.674257711124419 ], [ 46.237880086196988, 35.71554718165708 ], [ 46.327073608360337, 35.803500469471089 ], [ 46.163517700281602, 35.797506002400056 ], [ 46.060423217857192, 35.857243958541893 ], [ 45.74902103709114, 35.81099355151116 ], [ 45.539989868337742, 35.993979798029251 ], [ 45.320210002489603, 35.99408315171604 ], [ 45.348321980475028, 36.087514139965577 ], [ 45.238871298471629, 36.402998758985518 ], [ 45.072266479114717, 36.423410950255104 ], [ 44.991392863090148, 36.533740133200574 ], [ 45.035266154209651, 36.689596253664149 ], [ 44.823392782450931, 36.809330547466757 ], [ 44.883440796055886, 36.886845195649265 ], [ 44.887368204678879, 37.015932923465655 ], [ 44.75269942184083, 37.103317770498684 ], [ 44.801585327201053, 37.292686055916697 ], [ 44.572141968077347, 37.43079132096269 ], [ 44.58743819141938, 37.584011943096698 ], [ 44.540877726026245, 37.632716980404339 ], [ 44.596119832764046, 37.716381124389315 ], [ 44.506461223506612, 37.779348857164003 ], [ 44.43643965646492, 37.767799174392351 ], [ 44.367141560734417, 37.860222473188571 ], [ 44.202087035887999, 37.89717112214953 ], [ 44.458763875652316, 38.338332825199714 ], [ 44.289523559764469, 38.382257792263253 ], [ 44.297016642703845, 38.622320659071171 ], [ 44.244306682407448, 38.658959249669628 ], [ 44.275002481879042, 38.843573303265345 ], [ 44.151960897077686, 38.964625346682389 ], [ 44.186635782915019, 39.145131125401122 ], [ 44.077701863949812, 39.200063171977803 ], [ 44.014863322384393, 39.37408355721039 ], [ 44.387967163154023, 39.414494528599626 ], [ 44.459487345164803, 39.69845652315005 ], [ 44.565734089856342, 39.765894266906855 ], [ 44.898426961035405, 39.584354960313149 ] ] ], [ [ [ 56.504649285036464, 27.088934637123771 ], [ 56.434580925369424, 27.054836330032582 ], [ 56.455414259260635, 27.102769273283336 ], [ 56.504649285036464, 27.088934637123771 ] ] ], [ [ [ 56.409190300392034, 26.862250067086919 ], [ 56.32227623765823, 26.834418036363285 ], [ 56.404144726897584, 26.893052476690418 ], [ 56.409190300392034, 26.862250067086919 ] ] ], [ [ [ 56.279470248453151, 26.973822333433965 ], [ 55.947032096753858, 26.696275131991744 ], [ 55.876638216680313, 26.742905992717404 ], [ 55.502940299954837, 26.594875393184878 ], [ 55.285411003714827, 26.559963283278879 ], [ 55.284678582350701, 26.660223700663213 ], [ 55.351898634414404, 26.64744700717365 ], [ 55.774180535203534, 26.796942450333823 ], [ 55.757985872949618, 26.954046942212592 ], [ 55.89771569132607, 26.90680573139938 ], [ 56.173187696355065, 27.002346096595097 ], [ 56.279470248453151, 26.973822333433965 ] ] ], [ [ [ 55.903981966794284, 26.645249742181832 ], [ 55.853200716839574, 26.621039130251635 ], [ 55.894297721662504, 26.67942942892503 ], [ 55.903981966794284, 26.645249742181832 ] ] ], [ [ [ 54.546560092174495, 25.926499742269304 ], [ 54.529633009455779, 25.895982164145554 ], [ 54.509776237683191, 25.913763739504947 ], [ 54.546560092174495, 25.926499742269304 ] ] ], [ [ [ 54.547373894089922, 26.290432033311699 ], [ 54.492198113252314, 26.265570380568619 ], [ 54.506846550427973, 26.321234442015861 ], [ 54.547373894089922, 26.290432033311699 ] ] ], [ [ [ 53.963063998304854, 26.49217357005422 ], [ 53.912852410410395, 26.550197658495104 ], [ 54.033050977420658, 26.550482489075598 ], [ 54.04802493590207, 26.493841864610317 ], [ 53.963063998304854, 26.49217357005422 ] ] ], [ [ [ 53.659190300491971, 26.668850002225792 ], [ 53.628672722368194, 26.65932851819656 ], [ 53.601247591703014, 26.679592190027513 ], [ 53.629161003877201, 26.691107489019373 ], [ 53.659190300491971, 26.668850002225792 ] ] ], [ [ [ 53.382009311080829, 26.803127346150056 ], [ 53.222829622788829, 26.7995466171826 ], [ 53.149424674908815, 26.847886460491733 ], [ 53.337412956942394, 26.828680731330699 ], [ 53.382009311080829, 26.803127346150056 ] ] ], [ [ [ 50.33465062152893, 29.258660858112105 ], [ 50.306629707095311, 29.21544575022121 ], [ 50.283267078512843, 29.268939366258774 ], [ 50.33465062152893, 29.258660858112105 ] ] ] ] } },
{ "type": "Feature", "properties": { "NAME_FULL": "United Republics of Donovia", "NAME_SHORT": "Donovia", "CODE": null, "DEMONYM": "Donovians", "LANGUAGE": null, "STATUS": "NOTIONAL", "REGION": "Eurasia", "VERSION": "GIS version 1.5; May 2024", "id": "donovia", "display_name": "Donovia", "full_name": "United Republics of Donovia", "scenario_role": "primary-adversary" }, "geometry": { "type": "MultiPolygon", "coordinates": [ [ [ [ 179.9999885408441, 71.536418204026106 ], [ 179.9999885408441, 70.992419970538478 ], [ 179.806980450987055, 70.913096599028776 ], [ 179.666993360854804, 70.874778509220818 ], [ 179.131032747663113, 70.878729559221753 ], [ 178.793304884412862, 70.80499909093534 ], [ 178.622731967506212, 71.037746486411223 ], [ 178.905446811021562, 71.23700592758145 ], [ 179.56348717509303, 71.451483466189046 ], [ 179.9999885408441, 71.536418204026106 ] ] ], [ [ [ 104.325694206722332, 77.729966539624087 ], [ 104.257497592539849, 77.68528880403511 ], [ 104.751638217030148, 77.706203518477551 ], [ 104.866872591996596, 77.61298248955022 ], [ 105.334239129332417, 77.541001695471834 ], [ 105.87370853022459, 77.568589585441003 ], [ 105.833343945866389, 77.54071686399206 ], [ 105.977305534922422, 77.425238348271151 ], [ 106.292002800189096, 77.370021877607599 ], [ 105.758148633952274, 77.369452216446589 ], [ 105.435394727384761, 77.274400131860602 ], [ 105.538422070921754, 77.266994533171143 ], [ 105.455821160318223, 77.240464584972585 ], [ 104.119639518748741, 77.095648505074379 ], [ 105.340668165003748, 77.088812567545958 ], [ 105.928477410104449, 77.14411041966008 ], [ 105.737071160205872, 77.061468817431987 ], [ 105.784922722005945, 77.041001695571765 ], [ 105.435394727384761, 77.000067450052768 ], [ 105.895355665131831, 76.995062567283668 ], [ 106.205577018964206, 77.06195709804166 ], [ 106.755381706700319, 77.001166083447998 ], [ 106.64893639439903, 77.034247137695303 ], [ 106.829844597250442, 77.054673570628722 ], [ 107.002940300454455, 77.003119208584621 ], [ 107.28581790507225, 77.020575262638204 ], [ 107.237966342372843, 77.006293036594428 ], [ 107.499766472344774, 76.924505927006905 ], [ 107.265879754547043, 76.890814519974086 ], [ 107.354665560966822, 76.869086005414744 ], [ 107.225352409985732, 76.85785553610414 ], [ 107.190196160224545, 76.84235260628769 ], [ 107.28581790507225, 76.835598049310562 ], [ 107.190196160224545, 76.801459052393355 ], [ 107.080332879159016, 76.808294989022571 ], [ 106.925547721749879, 76.712795315451416 ], [ 106.724131707212408, 76.718898830716441 ], [ 106.799082879271381, 76.674505927506516 ], [ 106.612315300110993, 76.559637761873176 ], [ 106.396657748456249, 76.604315497462196 ], [ 106.367035351899901, 76.574896551834414 ], [ 106.417002799939269, 76.509222723050215 ], [ 106.819834831712043, 76.468939520142769 ], [ 107.270030143776069, 76.534613348027619 ], [ 107.845469597244076, 76.534816798956044 ], [ 107.984629754459533, 76.622707424707897 ], [ 107.902110221709378, 76.671087957842914 ], [ 107.94605553503493, 76.737290757062738 ], [ 108.320485873124468, 76.725083726532745 ], [ 108.286306186381367, 76.705267645485435 ], [ 109.397797071078003, 76.759995835539414 ], [ 110.06137129015292, 76.691595770428421 ], [ 110.358571811539989, 76.755682684308383 ], [ 110.70484459670071, 76.726507880334381 ], [ 111.09034264389787, 76.762274481082429 ], [ 111.137054884275628, 76.746812241991407 ], [ 111.068858269193797, 76.718898830716441 ], [ 111.119395379293252, 76.682114976225151 ], [ 111.55543053479137, 76.684149481013819 ], [ 111.445567253725713, 76.630072333571292 ], [ 111.826426629285663, 76.596380927437778 ], [ 112.199066602441675, 76.47186920829725 ], [ 111.829112174886902, 76.341498114646257 ], [ 112.256846550128159, 76.45441315334439 ], [ 112.747813347508128, 76.335272528104753 ], [ 112.658376498476784, 76.322251695659233 ], [ 112.740407747919306, 76.267035223196956 ], [ 112.692637565770937, 76.231634833580699 ], [ 112.500743035262971, 76.23908112209611 ], [ 112.857676629472849, 76.143500067074413 ], [ 112.761485221665637, 76.075262762166673 ], [ 112.569672070809389, 76.047308661065813 ], [ 112.962168815738295, 76.065090236425235 ], [ 113.042002800189152, 76.115627346524789 ], [ 112.987315299961082, 76.143500067074413 ], [ 113.059336784764852, 76.163763738905445 ], [ 113.302744988390486, 76.115627346524789 ], [ 113.256114129463512, 76.159247137645295 ], [ 113.289073113333444, 76.170843817188356 ], [ 112.932139519123425, 76.259588934681659 ], [ 113.259287957473262, 76.266424872210038 ], [ 113.295909049962688, 76.24591705962456 ], [ 113.241221549734689, 76.204982815004897 ], [ 113.358897332245959, 76.211330471024439 ], [ 113.459727409892025, 76.148382880365617 ], [ 113.452810091812253, 76.041327216178061 ], [ 113.549082879271438, 76.020656643389415 ], [ 113.500743035063124, 75.985825914034649 ], [ 113.555918815900696, 75.972235419529 ], [ 113.531993035450228, 75.954046942312502 ], [ 113.439789259366876, 75.94428131752872 ], [ 113.562754754328353, 75.896470445554669 ], [ 113.480804884537761, 75.855536200035559 ], [ 113.780935092280629, 75.939276433860329 ], [ 113.890147332533274, 75.85398997585672 ], [ 113.720469597194096, 75.670558986707832 ], [ 113.720469597194096, 75.619330145070151 ], [ 113.555918815900696, 75.54022858288279 ], [ 113.426117384309762, 75.54022858288279 ], [ 113.617442253657103, 75.656236069938643 ], [ 113.067556186269059, 75.683498440400754 ], [ 113.137543165384869, 75.711493231327609 ], [ 112.559092644110166, 75.851304429355878 ], [ 112.336924675333435, 75.848089911520248 ], [ 112.870616082266295, 75.711493231327609 ], [ 112.747813347508128, 75.698472397982812 ], [ 112.878103061507105, 75.646673895184122 ], [ 112.788828971779608, 75.588609116917212 ], [ 112.813649936495381, 75.557318427603349 ], [ 113.035492383966371, 75.553045966198383 ], [ 112.993011915167685, 75.609849350866924 ], [ 113.267425977526869, 75.651109117691604 ], [ 113.309418164816449, 75.615912177205203 ], [ 113.254893424791746, 75.574367580699231 ], [ 113.29053795696116, 75.550523179001473 ], [ 113.637705925488049, 75.524074611354209 ], [ 113.720469597194096, 75.409857489231655 ], [ 113.549082879271438, 75.406439520467544 ], [ 113.670664910257443, 75.368882553886735 ], [ 113.605235222227634, 75.284979558959435 ], [ 112.879649284786609, 74.992905992517606 ], [ 112.146820508859477, 74.878363348189922 ], [ 112.056488477361313, 74.789496161218821 ], [ 111.772308790218474, 74.668524481219848 ], [ 111.402842644172679, 74.691107489319165 ], [ 110.986175977139609, 74.594224350873091 ], [ 111.052093945778992, 74.579169011840463 ], [ 110.960215691001238, 74.548488674412724 ], [ 110.557139519373308, 74.481105861246476 ], [ 110.331553581832296, 74.496161200279161 ], [ 110.28052819112321, 74.478216864716515 ], [ 110.389821811027758, 74.450873114602572 ], [ 110.362559441465038, 74.418280340964955 ], [ 110.212087436186223, 74.372381903402115 ], [ 109.561208530049541, 74.31370677324901 ], [ 109.979502800014316, 74.296332097947982 ], [ 109.796885612780812, 74.161688544690548 ], [ 108.996104363425616, 74.015570380468759 ], [ 108.55079186285414, 73.81183502786422 ], [ 108.43775475377889, 73.820257880296893 ], [ 108.491709831743293, 73.772528387075482 ], [ 108.066579623350862, 73.635321355895826 ], [ 108.094493035525261, 73.662665106009797 ], [ 108.036794467490679, 73.677232164432851 ], [ 107.74870853007458, 73.612046617157631 ], [ 107.146820508959237, 73.617661850913649 ], [ 107.101328972354182, 73.573879299590047 ], [ 107.169688346739775, 73.553412176830491 ], [ 106.881602410222996, 73.4435488948656 ], [ 106.785411004214538, 73.34052155222787 ], [ 106.232432488468532, 73.322821356520393 ], [ 106.062754754028688, 73.273016669583697 ], [ 106.009287956673859, 73.155096747217144 ], [ 105.853282097290872, 73.094794012333779 ], [ 105.833832227375368, 73.002264715843921 ], [ 105.627940300504463, 72.901678778053096 ], [ 105.073008660521239, 72.7650820978605 ], [ 105.482595248371965, 72.768133856392424 ], [ 106.036367876276529, 72.952521541635861 ], [ 106.657134698707381, 72.831952970153424 ], [ 107.103262717100776, 72.856405815376036 ], [ 106.254639767011639, 72.967199506252285 ], [ 106.175629102001523, 73.094387111376079 ], [ 106.359873893964988, 73.194281317628736 ], [ 106.7755639979801, 73.141017971202359 ], [ 107.035899285223834, 73.182196356576583 ], [ 107.722341342079218, 73.16852448151964 ], [ 108.091644727022455, 73.246405340833888 ], [ 108.316661004301992, 73.221584377017408 ], [ 108.396169467447024, 73.257879949999676 ], [ 108.197520379062198, 73.2790388042974 ], [ 109.22120201945765, 73.38711172132885 ], [ 109.2548934246919, 73.42023346630144 ], [ 109.209239128782883, 73.468817450365052 ], [ 109.434906445975685, 73.426703192698142 ], [ 109.180186394286636, 73.510199286667714 ], [ 109.193614129488523, 73.551662502622477 ], [ 109.512054883925771, 73.45750560140236 ], [ 109.713877800320361, 73.452582098285191 ], [ 110.103770379299618, 73.516058661178249 ], [ 110.156993035000625, 73.545884506864496 ], [ 110.089366081979037, 73.559556381921482 ], [ 110.124278190985734, 73.580308335261478 ], [ 110.924815300485719, 73.704169012689789 ], [ 110.876475457176582, 73.734605210262274 ], [ 110.917979362957325, 73.765611069894973 ], [ 110.663747591877836, 73.787258205701676 ], [ 110.28687584714261, 73.705755927593927 ], [ 109.799571160180847, 73.705064195156467 ], [ 109.737478061263417, 73.661688543891174 ], [ 109.531097851984299, 73.775295315026739 ], [ 109.557627800182814, 73.833970445179901 ], [ 109.819834832012006, 73.877264715893901 ], [ 109.886729362769799, 73.960882880240717 ], [ 110.021494988203088, 74.014471747073443 ], [ 110.580821159968494, 73.991400458364453 ], [ 110.95899498812814, 73.908636786658349 ], [ 111.10303795683636, 73.950018622061734 ], [ 111.06763756632057, 73.979925848299217 ], [ 111.126231315922439, 74.030462958398843 ], [ 111.536468946384701, 74.051174221013483 ], [ 111.582204622845111, 74.025702216384232 ], [ 111.198496941480627, 73.9779320333367 ], [ 111.29517662899822, 73.869126694940988 ], [ 111.435557488187513, 73.812567450127688 ], [ 112.371836785239466, 73.705308335011651 ], [ 112.945323112671574, 73.790472723537334 ], [ 112.934580924869707, 73.882310289388329 ], [ 112.822927279770127, 73.957464911476436 ], [ 112.846934440771903, 73.994533596548266 ], [ 113.131358268669231, 73.882310289388329 ], [ 113.427907748343827, 73.633978583544774 ], [ 113.422699415545594, 73.590643622105446 ], [ 113.292653842300979, 73.569769598388305 ], [ 113.131358268669231, 73.449693100855896 ], [ 113.498301629316629, 73.335882880590475 ], [ 113.521169467097238, 73.103989975956594 ], [ 113.455251498457855, 72.9931094420471 ], [ 113.487071160005996, 72.963690497318638 ], [ 113.117686394511438, 72.860663152882168 ], [ 113.177256707131278, 72.732977606631209 ], [ 113.497243685747435, 72.645249741981957 ], [ 114.090342644197676, 72.600653386944202 ], [ 113.390961134548647, 72.680609442671667 ], [ 113.23804772172501, 72.735419012377534 ], [ 113.158213738173487, 72.822699286243079 ], [ 113.542246940843583, 72.977362372375524 ], [ 113.530935091880949, 73.048407294161322 ], [ 113.600596549691033, 73.103989975956594 ], [ 113.529307488050193, 73.182684637186256 ], [ 113.562347852471362, 73.25340403946484 ], [ 113.724131706712953, 73.320624091528543 ], [ 114.03581790507225, 73.347316799031034 ], [ 113.775075716870774, 73.356146552421421 ], [ 113.466563347420617, 73.504950262244819 ], [ 113.915049675102424, 73.535834052399608 ], [ 114.109141472400978, 73.599554755147793 ], [ 114.853526238045433, 73.608872789147952 ], [ 115.413096549666136, 73.71039459833203 ], [ 116.60287519643316, 73.674790756887901 ], [ 117.443858269043886, 73.588771877520131 ], [ 118.450205924863496, 73.588771877520131 ], [ 118.997569206853285, 73.491359768638432 ], [ 118.706553582182067, 73.443915105997334 ], [ 118.467133009380902, 73.478094794539132 ], [ 118.346446159962241, 73.402533270593977 ], [ 118.428396029752903, 73.374660549145005 ], [ 118.353282097490791, 73.282416083235603 ], [ 118.394216342110397, 73.238023179126472 ], [ 118.91765384185139, 73.1195335964983 ], [ 119.534515821447954, 73.055243231689772 ], [ 119.722504101683029, 72.958929755303927 ], [ 120.533702019332623, 72.874212958461214 ], [ 120.573496940731218, 72.888617254882377 ], [ 119.841563347270636, 72.956854558890782 ], [ 119.763845248159669, 73.008286851457058 ], [ 121.054698113327461, 72.931789455219118 ], [ 121.79135175897656, 72.976874090866559 ], [ 121.963715039917162, 72.963690497318638 ], [ 121.923513216661561, 72.92584870015736 ], [ 122.043304884512722, 72.891546942137623 ], [ 122.732188347114516, 72.826564846690374 ], [ 122.308278842494587, 72.941351629973681 ], [ 122.953379753772623, 72.891546942137623 ], [ 122.430430535540765, 72.984808660890977 ], [ 122.61378014413846, 73.030951239208335 ], [ 123.137950066142693, 72.918036200510187 ], [ 123.234548373108822, 72.934719143373741 ], [ 123.348643424854075, 72.987982488900741 ], [ 123.314300977008557, 73.025783596235925 ], [ 123.400401237826827, 73.093207098328932 ], [ 123.46794681119637, 73.079575913997246 ], [ 123.397308790368342, 73.121649480938771 ], [ 123.400889519335806, 73.174302476378159 ], [ 123.547129753934954, 73.197088934506667 ], [ 123.512950066292461, 73.175970770034979 ], [ 123.585297071502637, 73.160345769841427 ], [ 123.670664910057525, 73.203314520149007 ], [ 123.538584832024355, 73.22040436397026 ], [ 123.331797721787495, 73.350734768694608 ], [ 123.413340691519693, 73.390936591050846 ], [ 123.218109570999943, 73.408758856236219 ], [ 123.307465040379299, 73.426459051943652 ], [ 123.281911655198655, 73.464178777828295 ], [ 123.41732832144487, 73.4435488948656 ], [ 123.24610436282606, 73.545884506864496 ], [ 123.369639518948645, 73.559556381921482 ], [ 123.314300977008557, 73.594387111276149 ], [ 123.424164258973335, 73.580715236219163 ], [ 123.369639518948645, 73.662665106009797 ], [ 123.591319207115703, 73.716986395106062 ], [ 123.629079622826339, 73.696722723275016 ], [ 123.561696811458688, 73.643377997196822 ], [ 123.656993035000482, 73.635321355895826 ], [ 123.601817254162967, 73.61481354420971 ], [ 123.64551842493529, 73.602972723012755 ], [ 123.97380618650628, 73.627020575639008 ], [ 123.905284050118809, 73.700425523519058 ], [ 123.931407097359795, 73.745184636961412 ], [ 123.876719597131711, 73.772528387075482 ], [ 123.98601321703643, 73.758856512018397 ], [ 124.054942254381444, 73.724066473389016 ], [ 123.992849155464285, 73.690578518184068 ], [ 124.059580925119576, 73.684800523325535 ], [ 124.383067253950529, 73.80638255431144 ], [ 124.725922071246487, 73.70840078336947 ], [ 124.856211785245691, 73.724066473389016 ], [ 124.979746941368262, 73.676255601414823 ], [ 124.986582878896655, 73.627875067380472 ], [ 125.137461785133311, 73.704169012689789 ], [ 125.151052280538266, 73.655747788829373 ], [ 125.212412957192228, 73.648911851300852 ], [ 125.1777449880407, 73.621649480838826 ], [ 125.213877799920482, 73.616156317460053 ], [ 125.171560092224567, 73.577297268354243 ], [ 125.197520379262201, 73.550930080358924 ], [ 125.364919467259739, 73.582709052081029 ], [ 125.651866082353791, 73.525458074830269 ], [ 125.521006707193692, 73.45718008009662 ], [ 125.562510612974435, 73.408758856236219 ], [ 125.638682487906379, 73.458197332940529 ], [ 125.876638217079943, 73.460598048860888 ], [ 125.815765821035697, 73.491359768638432 ], [ 125.918467644166412, 73.539699611048249 ], [ 125.972829623088614, 73.532294012358761 ], [ 125.911875847392366, 73.43610260635019 ], [ 125.941172721743655, 73.428290106702988 ], [ 126.014008009362144, 73.508693752314826 ], [ 126.288096550415531, 73.557277736378467 ], [ 126.404795769009496, 73.512396552558869 ], [ 126.391123893952454, 73.464016018524447 ], [ 126.329112174687282, 73.429877020707949 ], [ 126.170746290109136, 73.459295966335802 ], [ 126.151621941499357, 73.43610260635019 ], [ 126.254567905384505, 73.402533270593977 ], [ 126.158457879027878, 73.381496486673498 ], [ 126.419688346939722, 73.409491278499686 ], [ 126.548838737717602, 73.347316799031034 ], [ 126.589691601786043, 73.295803127712205 ], [ 126.565196160174665, 73.233465887140923 ], [ 126.658702018783046, 73.302639065240626 ], [ 126.562998894283538, 73.381496486673498 ], [ 126.730153842425935, 73.444159247651129 ], [ 126.82878665508008, 73.388617255681837 ], [ 126.833181185962857, 73.440130927000666 ], [ 126.932383659778182, 73.429877020707949 ], [ 126.917735221703097, 73.50429922143195 ], [ 126.830088738504429, 73.518622137301818 ], [ 127.050466342347832, 73.549017645048309 ], [ 127.450856967475076, 73.490708726026924 ], [ 127.987559441315156, 73.470851955153577 ], [ 127.899424674808913, 73.43610260635019 ], [ 128.076914909795221, 73.405666407878499 ], [ 127.960215691201185, 73.347316799031034 ], [ 128.340342644497326, 73.361029363913971 ], [ 128.234629754459576, 73.265366929240415 ], [ 128.659434441546267, 73.261297919663278 ], [ 128.969248894420986, 73.177394923836673 ], [ 128.850922071096647, 73.155503648174829 ], [ 128.86426842484795, 73.116156317559998 ], [ 128.777354363013416, 73.070786851332144 ], [ 129.06617272179372, 73.127671617451213 ], [ 129.44350849152363, 73.028944249177698 ], [ 129.478931140259903, 72.979239843843757 ], [ 129.359618418055476, 72.940011765130791 ], [ 128.92751877407224, 72.980158208134725 ], [ 128.290782097415786, 72.908636785958905 ], [ 128.213552279813825, 72.860663152882168 ], [ 128.228037956786267, 72.819484768407321 ], [ 128.129242383928869, 72.786078191954985 ], [ 129.358083529831049, 72.703029690567789 ], [ 129.198415560929476, 72.65517812696902 ], [ 128.479177280407129, 72.724554755097813 ], [ 128.396006706844048, 72.673163153256937 ], [ 127.905446811321198, 72.66714101854312 ], [ 128.611338738092314, 72.482733466376359 ], [ 129.258311393955637, 72.463934637273667 ], [ 129.241953972397823, 72.415676174515852 ], [ 129.500743035462733, 72.332464911126763 ], [ 129.340098504442466, 72.305080471186841 ], [ 129.357595248322127, 72.262884832968638 ], [ 129.56413821690515, 72.230658270462811 ], [ 129.241953972397823, 72.134466864454211 ], [ 129.489024285542428, 72.127630926925676 ], [ 128.93409264376055, 72.072984117423061 ], [ 128.494313998192439, 72.202785549013939 ], [ 128.569509311005817, 72.243719794532907 ], [ 128.528819207140685, 72.259344793827154 ], [ 128.149750196514333, 72.316636460004574 ], [ 127.858897332046212, 72.429144598644243 ], [ 127.665782096866195, 72.430080470936971 ], [ 127.864431186150313, 72.332464911126763 ], [ 127.747080924944783, 72.325628973598199 ], [ 127.780121290265214, 72.306301174059939 ], [ 128.192149284761626, 72.22833893419444 ], [ 128.441661003652399, 72.100287177711039 ], [ 128.453379754472195, 72.023993231502388 ], [ 128.623545769521684, 71.962591864123198 ], [ 128.663910352081018, 71.862982489350443 ], [ 128.926605665419061, 71.738755601689689 ], [ 129.183929883956893, 71.809271552140459 ], [ 129.041188997774043, 72.018784898704098 ], [ 129.286875846942849, 71.883490301935851 ], [ 129.30990644582576, 71.804185289719399 ], [ 129.54371178487105, 71.7229678412928 ], [ 129.305430535290981, 71.760891018106037 ], [ 128.907725456664508, 71.708156643014604 ], [ 128.820485873524177, 71.658107815323461 ], [ 128.875254754303427, 71.596747136870832 ], [ 129.145762566389351, 71.613104559327908 ], [ 129.248708530274371, 71.549872137189396 ], [ 129.235687696030311, 71.49701569262011 ], [ 129.314300976708722, 71.466009832987396 ], [ 129.392100457270175, 71.34682851792175 ], [ 129.65259850381787, 71.260891018205953 ], [ 129.762705924738611, 71.147609768376086 ], [ 129.626231315822594, 71.086127020445602 ], [ 130.080414258711016, 71.083441473045596 ], [ 130.221690300367072, 70.993638414681087 ], [ 130.16732832144487, 70.968817449965272 ], [ 130.619883660502524, 70.866400458314459 ], [ 130.699473504199034, 70.887884833018589 ], [ 130.768890821254359, 70.977525132079251 ], [ 130.89079837354609, 70.845282293842729 ], [ 130.888438347451796, 70.76276276199188 ], [ 131.042002800189039, 70.738755600990146 ], [ 131.226328971804605, 70.750230210156047 ], [ 131.546153191116787, 70.88711172092917 ], [ 131.770762566539133, 71.099798895502616 ], [ 131.761403841813802, 71.135199286018192 ], [ 131.865896029877803, 71.148871161075178 ], [ 131.826508009437077, 71.182318427353536 ], [ 131.85092207139661, 71.208197332940586 ], [ 132.188324415139704, 71.215887762210414 ], [ 131.941905143707487, 71.267401434428621 ], [ 132.264170768765894, 71.682033596673136 ], [ 132.539317254287766, 71.883612372313095 ], [ 132.717784050493492, 71.946234442565427 ], [ 133.066274403740664, 71.971290714894565 ], [ 133.341360794764796, 71.8862648282592 ], [ 133.354002727543815, 71.833959655513638 ], [ 133.031344913536799, 71.955098626500401 ], [ 132.796394937176615, 71.910922306119559 ], [ 132.813128411147204, 71.831469953475576 ], [ 132.715098503992721, 71.810695705042747 ], [ 132.72966556151647, 71.769232489088139 ], [ 132.985216044484787, 71.719717242656586 ], [ 133.151621940999689, 71.579169012439934 ], [ 133.908702018683186, 71.399400131910582 ], [ 134.167653841951164, 71.370794989097419 ], [ 134.585297071103071, 71.40582916938061 ], [ 134.739024284942815, 71.36798737221946 ], [ 134.650645379480636, 71.297308661565467 ], [ 134.668630404869276, 71.264308986070816 ], [ 134.770030143676081, 71.366929429549558 ], [ 134.696543816144185, 71.421332098297697 ], [ 134.778493685934791, 71.42877838771247 ], [ 134.810231966931724, 71.481838283210152 ], [ 135.03296959686935, 71.539129950287034 ], [ 135.423350457357657, 71.531195380262616 ], [ 135.340830925506793, 71.565904039240039 ], [ 135.621592643885464, 71.623114324866151 ], [ 135.985118034869402, 71.634833075685904 ], [ 136.443858268843968, 71.575873114052996 ], [ 136.516368035156717, 71.558498440550565 ], [ 136.546885613280296, 71.476548569860597 ], [ 136.774587436161198, 71.523423570441395 ], [ 137.274668815713198, 71.385239976243923 ], [ 137.238942904791173, 71.367336330507285 ], [ 137.492198112852577, 71.34682851792175 ], [ 137.444997591865445, 71.312933660859841 ], [ 137.485362175324099, 71.298407294061363 ], [ 137.403493686084772, 71.284735419004349 ], [ 137.532481315760009, 71.245672918970001 ], [ 137.704925977251975, 71.284735419004349 ], [ 137.670909049812735, 71.250637111013802 ], [ 137.73926842509772, 71.250637111013802 ], [ 137.692393425416327, 71.220933335704913 ], [ 137.526133659740594, 71.220282293992625 ], [ 137.766449415008452, 71.168036200410327 ], [ 137.81299889428351, 71.119614976549968 ], [ 138.074392123297855, 71.133978583145094 ], [ 137.994151237889355, 71.190619208509659 ], [ 137.842295769534189, 71.182318427353536 ], [ 137.73926842509772, 71.229478257615554 ], [ 138.067230665362928, 71.224920966529339 ], [ 138.23951256575242, 71.277899481475856 ], [ 137.996104363025921, 71.302191473058031 ], [ 138.362966342222876, 71.318915106646884 ], [ 137.828623894477147, 71.387152411554496 ], [ 138.014984570881182, 71.473618882605379 ], [ 138.038584831824522, 71.558742580405749 ], [ 138.098643425054064, 71.581447657983006 ], [ 138.500254753953698, 71.613104559327908 ], [ 138.403981967393918, 71.579535223571739 ], [ 138.438161655036311, 71.538641669677361 ], [ 138.57715905024989, 71.551947333602627 ], [ 138.554860872731041, 71.60687897368571 ], [ 138.756032748312663, 71.64301178646474 ], [ 139.045095247847513, 71.569037177423766 ], [ 139.158050977270676, 71.44863515858566 ], [ 139.116465690938952, 71.42877838771247 ], [ 139.192230664913183, 71.415106512655484 ], [ 139.346364779710655, 71.421820380705981 ], [ 139.443369988534016, 71.495103257309452 ], [ 140.033213738423228, 71.472113348252392 ], [ 139.734548373408614, 71.672186591338061 ], [ 139.691905144406917, 71.791815497187471 ], [ 139.809255404713156, 71.860785223459274 ], [ 139.336192253969472, 71.949530340952435 ], [ 139.634532096778798, 71.954535222822244 ], [ 139.712250195889766, 71.997951565712114 ], [ 139.715668164654062, 72.082953192236005 ], [ 139.874196811233787, 72.178168036125953 ], [ 140.132090690932586, 72.15387604454385 ], [ 140.219493035175361, 72.18634674690486 ], [ 140.197113477105319, 72.213812567396047 ], [ 139.560720247941106, 72.232001044612488 ], [ 139.432383659977887, 72.182847398488619 ], [ 139.532969596869265, 72.164292710140472 ], [ 139.256683789924892, 72.17902252786736 ], [ 139.349864129026258, 72.134466864454211 ], [ 139.191579623201022, 72.162665106309589 ], [ 139.094004754116156, 72.248236394893738 ], [ 139.32878665527997, 72.422512111144982 ], [ 139.541758660433885, 72.497626044306443 ], [ 140.576508009037298, 72.496323959982789 ], [ 141.110850456783083, 72.586981511887259 ], [ 140.932627800432641, 72.600653386944202 ], [ 141.010996941255854, 72.668402411242312 ], [ 140.991547071340193, 72.70941803641324 ], [ 140.583181186362566, 72.867499091309995 ], [ 140.725840691095129, 72.898627020420676 ], [ 141.272715690676449, 72.866359768088785 ], [ 141.550629102351252, 72.774318752208671 ], [ 142.231700066204951, 72.701564846040768 ], [ 143.486827018652093, 72.700100002413166 ], [ 145.409515820998308, 72.555894273501991 ], [ 146.854014519454466, 72.354193427484688 ], [ 145.352875196533205, 72.346747137170638 ], [ 145.170258009299715, 72.420599677633007 ], [ 144.94320722723171, 72.438177802063919 ], [ 144.708262565864629, 72.374090887284567 ], [ 144.52076256623937, 72.225002345981537 ], [ 144.342458530236939, 72.293768622224107 ], [ 144.105479363181985, 72.277899481276009 ], [ 144.415537956811306, 72.175034897942169 ], [ 145.068695509390182, 72.264349677495673 ], [ 146.929209832268015, 72.312648830079397 ], [ 146.495371940862469, 72.065985419691401 ], [ 145.972504102282443, 71.856268622199124 ], [ 145.941661003752273, 71.88808828284796 ], [ 145.999034050480958, 71.938706773498794 ], [ 145.993011914867964, 72.029730536534998 ], [ 146.346934441271458, 72.127630926925676 ], [ 146.078949415483237, 72.170396226304774 ], [ 145.968028190848287, 72.070502020052217 ], [ 145.941661003752273, 72.154974677039746 ], [ 145.849375847117756, 72.162176825699902 ], [ 145.907481316109823, 72.203355210174763 ], [ 145.880056186343893, 72.219061590919637 ], [ 145.613291863428742, 72.244330145519797 ], [ 145.750336134405188, 72.20962148654236 ], [ 145.621104363075887, 72.080267644835871 ], [ 145.791270379024695, 72.028306381834057 ], [ 145.8056746754458, 71.929022528366929 ], [ 145.329356316141059, 71.870998439926112 ], [ 144.970957879202729, 71.98029205893134 ], [ 144.974375847067762, 71.913723049479145 ], [ 145.21599368575994, 71.843329169405607 ], [ 145.029063347295619, 71.770656642889776 ], [ 144.88640384166402, 71.771389065153215 ], [ 144.920664909857749, 71.743475652979043 ], [ 144.893239780091704, 71.675197658245281 ], [ 145.333262566414476, 71.661078192404631 ], [ 145.569997591815337, 71.740952867580788 ], [ 146.036306186481369, 71.786363023634578 ], [ 146.365407748169019, 71.905951239658023 ], [ 146.619476759045256, 72.074855861109143 ], [ 147.195567254225409, 72.329901434103874 ], [ 148.402028842057319, 72.310939846596639 ], [ 149.611338738392078, 72.148382880265672 ], [ 149.951345248084635, 71.999945380674774 ], [ 150.07422936339438, 71.894232488838313 ], [ 149.70948326953723, 71.772894598606797 ], [ 149.368988477436233, 71.903794664492167 ], [ 149.148692254144322, 71.771389065153215 ], [ 148.833994987978286, 71.812323308873587 ], [ 149.039398634239546, 71.757757879922224 ], [ 149.00521894569772, 71.70311107041961 ], [ 148.827159050449694, 71.675197658245281 ], [ 149.953298373221486, 71.669867255069732 ], [ 150.10206139411801, 71.594712632082306 ], [ 149.951670769390489, 71.59162018462375 ], [ 149.964610222184035, 71.529364325503195 ], [ 149.868011915217693, 71.462225653091409 ], [ 150.117198112802669, 71.515692450446181 ], [ 150.670664910057411, 71.490179755091702 ], [ 150.515147332183602, 71.346421616964051 ], [ 150.026866082203952, 71.22264232008699 ], [ 150.046722852177851, 71.209662177467479 ], [ 150.408702018982979, 71.284979558859533 ], [ 150.656993035000511, 71.390285548839017 ], [ 150.73894290479123, 71.393988348183754 ], [ 150.594899936083152, 71.277899481475856 ], [ 151.033050976921004, 71.393988348183754 ], [ 151.591156445813226, 71.310248114358998 ], [ 152.136729362869687, 71.017279364550973 ], [ 151.681488477311433, 70.975897528248325 ], [ 152.504893425491218, 70.847845769966284 ], [ 152.540782097515773, 70.791327215878255 ], [ 152.613047722174571, 70.834621486592326 ], [ 153.663747592277616, 70.861029364413596 ], [ 154.238780143888562, 70.964992580243418 ], [ 155.479828321220026, 71.061590887209647 ], [ 155.52979576925938, 70.976223049554065 ], [ 155.604502799664402, 71.065659898585494 ], [ 155.936371290202942, 71.099351304718908 ], [ 157.989105664894595, 71.047512111194933 ], [ 159.237803581669965, 70.829291083416734 ], [ 159.843109571549462, 70.581529039633466 ], [ 160.094248894271118, 70.309881903427126 ], [ 160.088145379006022, 70.238348700132363 ], [ 159.938243034888075, 70.128485419066877 ], [ 159.688649936345456, 70.133978583344941 ], [ 159.914561394292832, 70.098578191930045 ], [ 159.851328972154278, 70.05491771008424 ], [ 159.863047722074583, 69.992824611166881 ], [ 159.692067905109639, 69.910874742275496 ], [ 159.801117384259783, 69.807033595923713 ], [ 159.769053581957223, 69.762030340827579 ], [ 159.861827019201542, 69.789862372450486 ], [ 160.169444207084467, 69.703273830123123 ], [ 160.141123893952539, 69.728664455100485 ], [ 160.255869988309286, 69.718695380287556 ], [ 160.318614128938862, 69.654201565449839 ], [ 160.515961133899197, 69.687201239145878 ], [ 160.915049674702686, 69.646714585309894 ], [ 161.006358269218794, 69.577337958080264 ], [ 160.921234571418267, 69.461818752533404 ], [ 161.038584831724506, 69.194891669415057 ], [ 160.962901238301527, 69.10553620003553 ], [ 161.415375195908581, 68.982001043913002 ], [ 161.21941165492396, 68.792181708019342 ], [ 161.209646030140249, 68.692084052636929 ], [ 161.106944207009519, 68.605210678829764 ], [ 161.031748894196198, 68.560492255213404 ], [ 160.758067254100411, 68.564276434210058 ], [ 160.821055535484618, 68.527411200066865 ], [ 161.134125196020989, 68.561428127506147 ], [ 161.347015821522831, 68.701402084838335 ], [ 161.290293816506392, 68.753729558971969 ], [ 161.319102410247979, 68.790228582882776 ], [ 161.574066601792254, 68.921128647868841 ], [ 161.558767122904385, 69.0297712260612 ], [ 161.399261915105285, 69.221258856511071 ], [ 161.463145378956, 69.287054755672372 ], [ 161.415375195908581, 69.331447657982991 ], [ 161.483653191541663, 69.345119533039949 ], [ 161.435801628842, 69.379868881843379 ], [ 161.600352410135628, 69.428290106603214 ], [ 161.702647332308686, 69.495917059624645 ], [ 162.025563998179962, 69.551174221013468 ], [ 162.189707879415238, 69.650458075379902 ], [ 162.298513216911488, 69.651678778253 ], [ 162.327159050449808, 69.701971747598066 ], [ 162.768809441502498, 69.654201565449839 ], [ 163.16504967470263, 69.720892645279307 ], [ 163.584808790093604, 69.684068100962065 ], [ 164.027028842307175, 69.773830471299178 ], [ 164.439138217354753, 69.620754299171566 ], [ 164.834258049968952, 69.567404027873579 ], [ 165.674729139438398, 69.595977554120793 ], [ 166.075205925013535, 69.523260808839282 ], [ 166.893809441352573, 69.495917059624645 ], [ 167.674082879021597, 69.771877346162569 ], [ 167.802012566027145, 69.775213934375586 ], [ 168.083343946466044, 69.708807684227267 ], [ 167.926442905515671, 69.654201565449839 ], [ 168.2540796226765, 69.544338283485061 ], [ 168.192067905209655, 69.379868881843379 ], [ 168.288259311218241, 69.242661851563241 ], [ 168.850596549890838, 69.188055730987188 ], [ 169.37126712347893, 69.076564846090761 ], [ 169.453868034981724, 68.845445054445747 ], [ 169.625498893658857, 68.777248440263293 ], [ 170.351084831999401, 68.828070380044025 ], [ 170.625173373052746, 68.748602605825639 ], [ 170.549327019426272, 68.793036200660154 ], [ 170.563731315847519, 68.824937241860198 ], [ 170.44922936314461, 68.863470770559559 ], [ 170.633067254150461, 68.918158269888224 ], [ 170.728037957286034, 68.821966863879666 ], [ 170.680430535340832, 68.94037506685585 ], [ 170.979258659659394, 69.055853583476065 ], [ 171.050303582344412, 69.027736721272674 ], [ 171.159434441146487, 69.04409414283036 ], [ 171.027598503867864, 69.054754950080863 ], [ 170.980235221778031, 69.144354559315445 ], [ 170.900075716920838, 69.171210027920438 ], [ 170.91309655026572, 69.304144598594277 ], [ 170.748545768972065, 69.391180731705404 ], [ 170.606130404994218, 69.589789130264151 ], [ 170.160732902301731, 69.613366631165107 ], [ 170.23155301695806, 69.688588944324295 ], [ 170.591775558695019, 69.764724760938961 ], [ 170.522715690676506, 69.938462632244722 ], [ 170.556813997767733, 70.092433985939692 ], [ 170.406748894345924, 70.112860418873211 ], [ 170.481618685853761, 70.142035222847213 ], [ 171.994476758695527, 69.993068751921342 ], [ 172.725352410385341, 69.980861721391321 ], [ 172.860687696080447, 69.903469143586108 ], [ 173.236338737942361, 69.818670966192087 ], [ 173.198008660171439, 69.783433334980373 ], [ 173.479258660059031, 69.835760809113992 ], [ 173.253672722518132, 69.918687241922669 ], [ 173.164073113283564, 69.886664130345309 ], [ 173.278575065986558, 69.941839911182925 ], [ 173.460785352262207, 69.948553778334215 ], [ 173.73780358236931, 69.851996161193838 ], [ 173.787852410060623, 69.884466864454282 ], [ 173.928477410004405, 69.845404364419906 ], [ 174.070811394330377, 69.886908270200507 ], [ 175.088384156803471, 69.84574892797059 ], [ 175.715541792819437, 69.881453482692066 ], [ 175.529736586274311, 69.856304017216587 ], [ 175.997176518181902, 69.769362901076988 ], [ 176.143482262096626, 69.782090286537468 ], [ 176.157669637543677, 69.821481912360369 ], [ 175.781566227699159, 69.885282897587615 ], [ 176.127614780397778, 69.893784898454342 ], [ 176.272146029715458, 69.818670966192087 ], [ 176.242035352549522, 69.774359442634207 ], [ 176.503916863072732, 69.754095769903856 ], [ 176.734548373208781, 69.674750066962005 ], [ 177.357920769028141, 69.617173570204073 ], [ 178.212168815738181, 69.443426825287688 ], [ 178.364919467459373, 69.486802476553066 ], [ 178.772634310724783, 69.415228583432338 ], [ 179.067718945872656, 69.325262762166716 ], [ 178.666188998423422, 69.383286851506966 ], [ 178.653981966994081, 69.317450262519571 ], [ 179.261485221865456, 69.272162176842983 ], [ 179.958506707218817, 68.995672918969987 ], [ 179.548106315653826, 69.112982489450275 ], [ 179.692149285261394, 69.016099351004215 ], [ 179.9999885408441, 68.981050716108641 ], [ 179.9999885408441, 65.066188330239285 ], [ 179.77955162950397, 65.018215236244217 ], [ 179.478688997698981, 64.822739975869183 ], [ 179.171153191266825, 64.792669989428418 ], [ 178.561534050156325, 64.591538804572167 ], [ 178.4856063159786, 64.61050039297875 ], [ 178.75586998820944, 64.682196356476709 ], [ 178.21794681149612, 64.658270575126906 ], [ 178.273448112740141, 64.669338283335151 ], [ 177.625010613249174, 64.720160223115798 ], [ 177.642588737680086, 64.747707424158236 ], [ 177.389414910169876, 64.835842190664536 ], [ 177.491872592546116, 64.850083725983211 ], [ 177.432953320739102, 64.929022527967277 ], [ 177.238291863178915, 64.945624091178843 ], [ 177.169688347139441, 65.027573960070271 ], [ 176.936859571112223, 65.082831122358357 ], [ 176.608409050237441, 65.031805731649257 ], [ 176.418630405069223, 65.090236721047859 ], [ 176.306325717357936, 65.055487372244443 ], [ 176.546153191116844, 65.000921942393674 ], [ 176.958506706919053, 65.046576239202054 ], [ 177.221527539764168, 64.914618231546115 ], [ 177.224294466816104, 64.863714911214217 ], [ 177.300059440790477, 64.822739975869183 ], [ 177.039805534997441, 64.772772527829886 ], [ 176.885590040547896, 64.842108466132828 ], [ 176.626149935770854, 64.867905992067833 ], [ 176.435801629441755, 64.810939846296918 ], [ 176.397146030365008, 64.859930731318215 ], [ 176.045664909707739, 64.962795315551347 ], [ 175.714610221984117, 64.793646552446432 ], [ 175.040782097515773, 64.778062242078775 ], [ 174.750336134005323, 64.688910223627886 ], [ 174.44174238400376, 64.692450261870093 ], [ 174.771739129057636, 64.680650132297743 ], [ 175.10718834676473, 64.764797267979517 ], [ 175.711680534728913, 64.774725652966495 ], [ 176.08236738454724, 64.918931381877783 ], [ 176.423675976764883, 64.709621486242639 ], [ 176.145274285379855, 64.627590235900655 ], [ 176.114512566501702, 64.590033270219294 ], [ 176.114268424847864, 64.541937567664618 ], [ 176.209971550246848, 64.620062566833951 ], [ 176.368418816275323, 64.634263414125272 ], [ 176.457530144000913, 64.692450261870093 ], [ 176.582286003895916, 64.673732815117361 ], [ 176.742930534916212, 64.57123444201585 ], [ 176.985850457033024, 64.711127020595484 ], [ 177.338389519460662, 64.781480209943737 ], [ 177.491872592546116, 64.767523505205602 ], [ 177.361501497995675, 64.548407294061349 ], [ 177.453623894427096, 64.420640367259196 ], [ 177.813324414789804, 64.254217841380296 ], [ 178.183848504404864, 64.20579661751988 ], [ 178.074554884500344, 64.254217841380296 ], [ 178.28256269581172, 64.353989976356289 ], [ 178.21794681149612, 64.426825262176038 ], [ 178.183848504404864, 64.411281643433071 ], [ 178.200043164860176, 64.44017161682666 ], [ 178.2220158210732, 64.429429429024893 ], [ 178.39991295701725, 64.243353583201269 ], [ 178.44076582108579, 64.165187893306651 ], [ 178.58863366041507, 64.035101630235999 ], [ 178.48406009179979, 64.070868230984061 ], [ 178.382578972441678, 64.000962632419586 ], [ 178.492442254406456, 63.986721096201613 ], [ 178.382578972441678, 63.973049221144585 ], [ 178.639414910369879, 63.946356511843533 ], [ 178.643239780091704, 64.000962632419586 ], [ 178.759287956973623, 63.622992255188443 ], [ 178.608571810940219, 63.676499742369167 ], [ 178.733083530080762, 63.6083438171135 ], [ 178.355235222327565, 63.630438544603145 ], [ 178.268809441102889, 63.56541575753117 ], [ 178.372325066148875, 63.522365627571624 ], [ 178.509532097328417, 63.578517971427225 ], [ 178.711273634071034, 63.570013739342585 ], [ 178.720225456939346, 63.476467190008783 ], [ 178.595469597044342, 63.411322333458891 ], [ 178.6989852220903, 63.385687566827698 ], [ 178.838389519160927, 63.434881903676931 ], [ 178.754242384378614, 63.538275458345694 ], [ 178.777028842506951, 63.5951602235655 ], [ 178.815603061032306, 63.491156317010415 ], [ 179.005544467303309, 63.32135651219329 ], [ 178.848155143944695, 63.404201565349986 ], [ 178.809336784664737, 63.350490627240696 ], [ 179.232758008675205, 63.239406643301905 ], [ 179.407399936058141, 63.141343492708081 ], [ 179.417816601654721, 63.068060614305942 ], [ 179.273610872743461, 63.044134832956161 ], [ 179.249522332089896, 62.984686591612906 ], [ 179.316172722093398, 62.906154690586447 ], [ 179.511729363019612, 62.872503973379722 ], [ 179.609060092249337, 62.705633856717121 ], [ 179.5629988944834, 62.62474192959634 ], [ 179.433441601848358, 62.616115627134448 ], [ 179.383636914911762, 62.520819403592576 ], [ 179.11605879008124, 62.472235419528964 ], [ 179.150401237926758, 62.341864324978665 ], [ 179.073578321282554, 62.287176825649993 ], [ 178.938161655036311, 62.366034247082823 ], [ 178.061045768747135, 62.541083075423629 ], [ 177.306813997767733, 62.582098700594557 ], [ 177.341075065961547, 62.588324286236791 ], [ 177.265879754047319, 62.615627346524775 ], [ 177.334157747881704, 62.688177802663482 ], [ 177.31983483201185, 62.745917059624617 ], [ 177.457774285454946, 62.814846096070433 ], [ 177.332530144050878, 62.80678945566887 ], [ 177.265879754047319, 62.712469794245578 ], [ 177.188975456851921, 62.709662177367605 ], [ 177.128184441358911, 62.745917059624617 ], [ 177.147959831680879, 62.795843816938572 ], [ 176.992198113052382, 62.869452216646486 ], [ 177.042246940743695, 62.768703518652437 ], [ 176.927907748243967, 62.672919012702252 ], [ 177.050059441290102, 62.584214585035056 ], [ 177.265879754047319, 62.588324286236791 ], [ 176.708994988028167, 62.499212958511201 ], [ 176.723968946509586, 62.541083075423629 ], [ 176.661875846692965, 62.534613348127493 ], [ 176.59424889367142, 62.485825914034656 ], [ 176.642100457270288, 62.472235419528964 ], [ 176.27930748765047, 62.317084051887477 ], [ 175.63347415500823, 62.191310940047792 ], [ 175.306407097209785, 62.074937241860212 ], [ 175.395192905428246, 62.122748113834369 ], [ 175.318369987884637, 62.110012111070048 ], [ 175.258067253900606, 62.168768622673859 ], [ 175.250987174718404, 62.065741278237404 ], [ 175.174489780279117, 62.02191803618836 ], [ 174.76514733228359, 61.916693427659617 ], [ 174.804860873130679, 61.944037176874247 ], [ 174.599945509277802, 61.985012111319904 ], [ 174.726898634164598, 61.886297919013714 ], [ 174.489756706906405, 61.814642645341799 ], [ 174.353037957235898, 61.848456121852529 ], [ 174.15503990966414, 61.800604559153044 ], [ 174.19336998833424, 61.816799221406932 ], [ 174.073008660221348, 61.8416201843241 ], [ 174.020681186087984, 61.796861069982342 ], [ 174.106618685803568, 61.780178127118923 ], [ 173.804942253881762, 61.649847723293782 ], [ 173.801931186075393, 61.691799221656687 ], [ 173.544606967537504, 61.749090886934951 ], [ 173.473887566158282, 61.64280833483673 ], [ 173.481130405543695, 61.555243231290021 ], [ 173.331228061425946, 61.547308661265696 ], [ 173.285899285023845, 61.465073959995216 ], [ 173.12842858201347, 61.396958726364112 ], [ 172.897146030165175, 61.472316799380771 ], [ 172.71558678470231, 61.430731512149528 ], [ 172.955088738054769, 61.314032294454812 ], [ 172.894541863316277, 61.277899481675711 ], [ 172.667816601654721, 61.334458726489039 ], [ 172.766774936514111, 61.262518622236577 ], [ 172.646739128807667, 61.191107489319151 ], [ 172.338226759357582, 61.211004950018449 ], [ 172.434418165365969, 61.142726955284807 ], [ 172.242686394161836, 61.142726955284807 ], [ 172.263031446544005, 61.114732164357861 ], [ 172.48959394620374, 61.081244208253636 ], [ 172.372569207203298, 61.012884832968645 ], [ 172.009287956973594, 61.10114166895282 ], [ 172.200856967075396, 60.975775458070963 ], [ 172.047129754134687, 60.860663153481781 ], [ 172.006846550327992, 60.855210679029589 ], [ 172.004405143682305, 60.936468817282112 ], [ 171.957774284755345, 60.953111070319686 ], [ 171.94939212304817, 60.848293360949853 ], [ 171.536875847042722, 60.806952216271796 ], [ 171.632578972441678, 60.744818427528436 ], [ 171.413422071471416, 60.690171617126389 ], [ 171.46794681149612, 60.731146552471458 ], [ 171.396332226750843, 60.782945054370728 ], [ 171.372406446300403, 60.643052476690478 ], [ 171.179453972223172, 60.558905341008725 ], [ 170.75074303486312, 60.529486395380772 ], [ 170.810720248440731, 60.498439845922164 ], [ 170.717295769484167, 60.428168036225898 ], [ 170.51587975404729, 60.45062897304868 ], [ 170.662119987747189, 60.332017320043249 ], [ 170.502289259541641, 60.27252838707544 ], [ 170.400645379081112, 59.965643622355238 ], [ 170.265147332283505, 59.920355536678649 ], [ 170.118907096785023, 59.968003648449596 ], [ 170.118662956929796, 60.019273179014078 ], [ 169.955821160018445, 60.059230861515026 ], [ 169.848806185656912, 60.181626695315678 ], [ 169.974619988221804, 60.23216380451592 ], [ 169.75521894649728, 60.275580145607201 ], [ 169.693369988334211, 60.416489976131494 ], [ 169.264170769465409, 60.550482489475364 ], [ 169.371348504030237, 60.567328192542121 ], [ 169.214366082528613, 60.628729559021906 ], [ 169.13257897204187, 60.587225653241319 ], [ 169.166514518929887, 60.567328192542121 ], [ 168.650401238226635, 60.552679755366412 ], [ 168.280121290265356, 60.596421616864134 ], [ 167.837657097297239, 60.510565497699602 ], [ 167.768077019139156, 60.553045966498246 ], [ 167.771983269412345, 60.496730861540009 ], [ 167.592295769434173, 60.445461330076334 ], [ 167.480153841926125, 60.468003648349665 ], [ 167.433604362651209, 60.420396226404712 ], [ 167.336110873218246, 60.471136786533478 ], [ 167.374034050031298, 60.405951239258272 ], [ 167.281504754440846, 60.416489976131494 ], [ 167.306407097009981, 60.393011786464747 ], [ 167.192149285061532, 60.355047918926388 ], [ 167.024912957267134, 60.427679755616218 ], [ 167.04810631635354, 60.328436591075778 ], [ 166.897797071277751, 60.299790757537423 ], [ 166.931813997817756, 60.259019273120991 ], [ 166.245127800207882, 59.830633856167537 ], [ 166.109548372859081, 59.827460028157759 ], [ 166.102793815881824, 59.90940989794845 ], [ 166.175303582194545, 60.120306708487739 ], [ 166.285411004014549, 60.197251695509337 ], [ 166.23259524837195, 60.395982164445364 ], [ 166.312673372678148, 60.392726954985001 ], [ 166.37330162886704, 60.499457097866767 ], [ 166.013438347401831, 60.440375067655282 ], [ 165.924082878921837, 60.38239166904026 ], [ 165.979746941268331, 60.375718492614432 ], [ 166.040782097515688, 60.4233259145593 ], [ 166.080577018914255, 60.437404690574013 ], [ 166.212087435786486, 60.457464911476528 ], [ 165.670909050512222, 60.252020575389224 ], [ 165.461273634470558, 60.219468492476963 ], [ 165.444997591665469, 60.258856512018447 ], [ 165.444997591665469, 60.196763414000394 ], [ 165.229258660358823, 60.097235418879478 ], [ 165.160004101707869, 60.129095770253571 ], [ 165.191661003952248, 60.170111395424591 ], [ 165.082286004395542, 60.113104558928285 ], [ 164.999278191035671, 60.135321355895805 ], [ 165.024099154851996, 60.072211005033807 ], [ 165.129649284686792, 60.084173895708737 ], [ 165.212087435986348, 59.991359768638418 ], [ 165.013519727253509, 59.847967841642571 ], [ 164.838633660015432, 59.78742096600476 ], [ 164.701670768691031, 59.981105861446352 ], [ 164.48853600423314, 60.111029364313808 ], [ 164.32056725417533, 60.088609117316885 ], [ 164.368662956729963, 60.025458074830283 ], [ 164.339121940724937, 59.99152252794228 ], [ 164.117930534966092, 59.941392320599128 ], [ 164.109141472301076, 59.902533270594063 ], [ 164.190440300379635, 59.854193427284805 ], [ 164.041677280382174, 59.907538153363099 ], [ 164.204844596800626, 59.997503972830032 ], [ 163.628672721968485, 60.04657623930202 ], [ 163.683116082341286, 59.974269923917795 ], [ 163.79379316532237, 59.991359768638418 ], [ 163.688487175342885, 59.898342190639546 ], [ 163.534515820748368, 59.905422268023258 ], [ 163.361827019401431, 59.827460028157759 ], [ 163.390147332533274, 59.631537176999117 ], [ 163.180186394286608, 59.558254299496411 ], [ 163.210459831655896, 59.559963282979076 ], [ 163.170909050112556, 59.505682684608196 ], [ 163.321462435942834, 59.411037501879207 ], [ 163.312510613074465, 59.287543036481935 ], [ 163.244476759095221, 59.237860419023121 ], [ 163.286143425078933, 59.299261786402248 ], [ 163.13347415480834, 59.291083075623433 ], [ 163.06690514445674, 59.234076239127127 ], [ 163.261868850666843, 59.080830376620561 ], [ 163.164317254237972, 59.033677476534315 ], [ 163.16504967470263, 59.096665757019068 ], [ 163.074473504248715, 59.14223867417541 ], [ 162.882660352493332, 59.132798570697439 ], [ 163.077757777998983, 59.007594079503122 ], [ 163.068549302108579, 58.96805316891863 ], [ 162.878189701193747, 58.906477327666508 ], [ 162.919606967187775, 58.971625067442943 ], [ 162.889903190979595, 58.97874583555182 ], [ 162.816195489929896, 58.887224155670175 ], [ 162.676605665419032, 58.874090887284595 ], [ 162.785899285323779, 58.874090887284595 ], [ 162.787687457709865, 58.831921243970228 ], [ 162.405294472761653, 58.654444867536583 ], [ 162.169868003205806, 58.40591698088393 ], [ 161.993228165347489, 58.087392174908935 ], [ 162.025563998179962, 57.928778387712427 ], [ 162.082041863341317, 57.88247304919183 ], [ 162.455539484859287, 57.784350823931319 ], [ 162.354502799664431, 57.688544012096429 ], [ 162.521789319521559, 57.754155761579135 ], [ 162.491154975222003, 57.887320336564272 ], [ 162.529795768759698, 57.936509507707612 ], [ 162.689952019170306, 57.969712632332055 ], [ 163.003870380713465, 57.83752790289045 ], [ 163.21894184688864, 57.813458381099508 ], [ 163.329510111902152, 57.708944701037055 ], [ 163.242469026224512, 57.670345073066656 ], [ 163.242884547184076, 57.594992094709383 ], [ 163.074833846404829, 57.461000052610302 ], [ 162.800195794400366, 57.34643445488615 ], [ 162.785899285323779, 57.145453192410898 ], [ 162.859850844740691, 57.051442541639965 ], [ 162.78956139394316, 56.921861069832474 ], [ 162.783500266424255, 56.763028714103811 ], [ 162.967186912146303, 56.703559946634201 ], [ 163.238968537467912, 56.733020511087737 ], [ 163.280572401994732, 56.688011772824993 ], [ 163.238712696533639, 56.623415438871461 ], [ 163.278471183698116, 56.563520683232916 ], [ 163.250254753953698, 56.451117255357019 ], [ 163.353284323312806, 56.321979488362686 ], [ 163.366068623268234, 56.18065866316676 ], [ 163.11793053516601, 56.106431382402363 ], [ 163.051208462900092, 56.00540399349952 ], [ 162.821618084406992, 56.056198838505559 ], [ 162.638024593160367, 56.220794046308193 ], [ 162.55681399846722, 56.228501694897339 ], [ 163.116052432373777, 56.500504295336945 ], [ 163.020133205283202, 56.537640868431339 ], [ 162.909901772348775, 56.425690686276184 ], [ 162.68294384618153, 56.483866811404305 ], [ 162.41404181227972, 56.383870265000802 ], [ 162.592540353654414, 56.268490028092316 ], [ 162.056752367127956, 56.069135218315679 ], [ 162.076929068221915, 56.022471556617056 ], [ 161.764131177411798, 55.554845542387874 ], [ 161.747685524267439, 55.375954486510331 ], [ 161.812980582887604, 55.179183574662247 ], [ 161.874766472494713, 55.07859935097931 ], [ 162.151703321151331, 54.862616278018834 ], [ 162.107432488318636, 54.824693101205668 ], [ 162.127609226284846, 54.760405265290714 ], [ 161.723806185706934, 54.509426173878794 ], [ 161.311859570862453, 54.490139065065826 ], [ 161.150889519435736, 54.597316799630583 ], [ 160.741221550134469, 54.535223700713217 ], [ 160.052989129244907, 54.175726630379629 ], [ 159.901540560948121, 53.981878972936293 ], [ 159.844086133668043, 53.796942450333795 ], [ 159.866709832492745, 53.694484767957697 ], [ 159.818207227181716, 53.659654039502286 ], [ 159.914561394292832, 53.590765691983059 ], [ 159.872894727409658, 53.666489976131444 ], [ 159.930674675096157, 53.645086981079331 ], [ 159.9604598318559, 53.496771551865614 ], [ 159.791026238170247, 53.516302802332504 ], [ 159.975352409785842, 53.331610419585196 ], [ 159.914561394292832, 53.268622137301733 ], [ 159.969248894520774, 53.214667059337266 ], [ 160.017588737829954, 53.265204169436878 ], [ 160.058604363001052, 53.097357488856957 ], [ 159.77149498770342, 53.203599351129157 ], [ 159.825043164710195, 53.282945054071007 ], [ 159.163828971729572, 53.13491445543783 ], [ 158.708669466722455, 52.891791083291814 ], [ 158.59156334717062, 53.062160549269919 ], [ 158.437836134230139, 53.025336004952713 ], [ 158.435557487787776, 52.919745184392703 ], [ 158.530446811271304, 52.905585027826838 ], [ 158.506195509515152, 52.947455145638472 ], [ 158.647146029865354, 52.899359442184497 ], [ 158.499766472044939, 52.778957424245746 ], [ 158.599375846817765, 52.713771876970519 ], [ 158.564707879465118, 52.6473656268222 ], [ 158.500439470705004, 52.621315028965455 ], [ 158.421153191366784, 52.659125067467912 ], [ 158.427333843282184, 52.593767798245253 ], [ 158.52361087284342, 52.57037994997475 ], [ 158.530446811271304, 52.4878604190231 ], [ 158.421153191366784, 52.412095445048756 ], [ 158.543467643716781, 52.420721747510648 ], [ 158.571299675339674, 52.391669012115194 ], [ 158.503184440809321, 52.358099677258323 ], [ 158.557871941037234, 52.313055731436911 ], [ 158.390147331733914, 52.22622304925433 ], [ 158.427012565877106, 52.184271552690056 ], [ 158.319021030296312, 52.130316472926843 ], [ 158.28687584744236, 51.967515367640154 ], [ 158.014821811177711, 51.76601797165204 ], [ 157.913340690920108, 51.631293036044724 ], [ 157.536875847142767, 51.486070054289542 ], [ 157.475738208651336, 51.361473738622131 ], [ 157.351735872712453, 51.329657293948912 ], [ 156.669988442412659, 50.863916908938172 ], [ 156.761937298467501, 50.984430584903514 ], [ 156.761545361329439, 51.077973901174595 ], [ 156.708093579954721, 51.087703605237166 ], [ 156.721874034658839, 51.195482086029415 ], [ 156.523610873243143, 51.311509507457842 ], [ 156.43919187880212, 52.216030947969855 ], [ 156.282237175305397, 52.529445705354988 ], [ 156.370860222421356, 52.490057684014857 ], [ 156.372325066048944, 52.446844793852179 ], [ 156.446625196395644, 52.511419989241105 ], [ 156.265725830282832, 52.598171272885914 ], [ 156.111195840215828, 52.935420328085662 ], [ 155.954682693951071, 53.786104750034148 ], [ 155.728037956686308, 54.426825262375928 ], [ 155.551177167092533, 55.284204851872417 ], [ 155.686208530499215, 56.039129950686672 ], [ 155.762054884125547, 56.119452216646437 ], [ 155.946543815944381, 56.62189362229288 ], [ 156.125254753803802, 56.832017319843416 ], [ 156.174001498070794, 56.84585195510364 ], [ 156.082530144250683, 56.767075914222119 ], [ 156.063731316047324, 56.715969142961576 ], [ 156.205821160518099, 56.8543154973623 ], [ 156.461274804488596, 56.948406315499021 ], [ 156.552093945678962, 57.108954169399432 ], [ 156.683848504205002, 57.048325914109633 ], [ 157.001287591049476, 57.425505311520915 ], [ 156.930674674796336, 57.658433334930486 ], [ 156.820078972366758, 57.735988673838293 ], [ 156.749034049681597, 57.729559637267457 ], [ 156.981455924751145, 57.857123114040519 ], [ 157.241872592546116, 57.770493881887099 ], [ 157.469899935833354, 57.803941148165457 ], [ 157.639659049925172, 58.024969794620326 ], [ 157.947032097053636, 57.983099677708033 ], [ 158.224619988321678, 58.025458075230013 ], [ 158.33822675945737, 57.953029690367863 ], [ 158.295258009149791, 58.024847723343711 ], [ 158.228770379349527, 58.038641669677311 ], [ 159.152517122767023, 58.507879950699149 ], [ 159.236989779754595, 58.467840887646844 ], [ 159.193695509040509, 58.541978256891028 ], [ 159.503672722118409, 58.696600653197542 ], [ 159.727793816031777, 58.883042710152999 ], [ 159.729665561516356, 59.011297919363521 ], [ 159.803477410354219, 59.096380927337925 ], [ 160.336273633921024, 59.36107005383996 ], [ 160.497325065898991, 59.552476304637715 ], [ 160.846853061419523, 59.617987372319369 ], [ 161.283895958531673, 59.870533943386754 ], [ 161.466655284513791, 60.032238907299785 ], [ 161.897214502247351, 60.202960662004884 ], [ 161.948050444472472, 60.270097504296366 ], [ 161.893144038466488, 60.30310640593585 ], [ 161.938555114526821, 60.416787772237846 ], [ 162.206228061176006, 60.538031317291484 ], [ 162.75367272191852, 60.645941473220368 ], [ 162.91668833080189, 60.76000646152896 ], [ 163.324820507160638, 60.804664759171253 ], [ 163.314789259516601, 60.721747137020699 ], [ 163.436234205943862, 60.831511807423944 ], [ 163.751039604793789, 60.88305833367518 ], [ 163.774263047101812, 60.918520021981401 ], [ 163.734141472151151, 60.938544011896632 ], [ 163.487303347771217, 61.001664093423209 ], [ 163.618205010852535, 61.059158043209116 ], [ 163.666256507232077, 61.144859608484168 ], [ 163.932790561435354, 61.235296942499943 ], [ 164.028819207240588, 61.346625067193138 ], [ 163.95232181100269, 61.434515692045515 ], [ 163.751475456726922, 61.443304755610043 ], [ 163.866056571353624, 61.646523695911867 ], [ 164.044815335159569, 61.683433177599113 ], [ 164.127194414490504, 62.262379351226123 ], [ 164.418061347952857, 62.353483483076275 ], [ 164.538312869743123, 62.451109514592432 ], [ 165.225433789737536, 62.382879950149587 ], [ 165.296885613380226, 62.322577216165563 ], [ 165.287282747900605, 62.36611562763408 ], [ 165.12378205639672, 62.45061397285658 ], [ 165.650889519435822, 62.459173895458896 ], [ 165.110028503113028, 62.485325792950974 ], [ 164.765657525074658, 62.558323291286861 ], [ 164.597937066142634, 62.673065416036081 ], [ 164.44691868854656, 62.689418849100562 ], [ 164.055126146954109, 62.656095813371138 ], [ 163.908405675281699, 62.584373612152454 ], [ 163.763869128957083, 62.602200692308074 ], [ 163.475535819522378, 62.54506953712945 ], [ 163.398933680145262, 62.575901669326548 ], [ 163.167730729989046, 62.432054739334731 ], [ 163.368918350901083, 62.327669530124702 ], [ 163.231523058342475, 62.311398965989426 ], [ 163.091486597228595, 62.226638061897013 ], [ 163.150406726089585, 62.11330247862648 ], [ 163.105023220545178, 62.079971173630796 ], [ 163.193123654533167, 62.066623191207341 ], [ 163.026242762193732, 61.920971145601875 ], [ 163.058382361157015, 61.898198572106359 ], [ 162.976734166248661, 61.799570369377015 ], [ 163.343387025190992, 61.705686053568499 ], [ 163.326549085072202, 61.657855754439474 ], [ 163.112096767951471, 61.61592585599351 ], [ 163.075938346977239, 61.585150458426874 ], [ 163.112069140778203, 61.5480966859134 ], [ 163.017283612548766, 61.51658456462593 ], [ 162.859798356708865, 61.602535571259573 ], [ 162.943187836049788, 61.650097488408392 ], [ 162.838817237225783, 61.707571198052314 ], [ 162.622666721292177, 61.659068809477979 ], [ 162.774839956099072, 61.593885395394629 ], [ 162.417246941193298, 61.675848700157374 ], [ 161.986390231324094, 61.372619496992215 ], [ 161.888356967000391, 61.430731512149528 ], [ 161.890230628040968, 61.33551868543897 ], [ 161.80729264254154, 61.372207072398453 ], [ 161.802100311380201, 61.317111769192792 ], [ 161.595627497111252, 61.255177569689138 ], [ 161.567145383352681, 61.183744184846233 ], [ 161.471195191704624, 61.195590917286957 ], [ 161.411906418146572, 61.151759864626015 ], [ 161.445836134729888, 61.120964405882603 ], [ 160.915149244042453, 60.899645031992641 ], [ 160.79162375203461, 60.717700269651679 ], [ 160.686757043103114, 60.760112314431794 ], [ 160.635878987425315, 60.715577026058924 ], [ 160.41031937573868, 60.706086074912378 ], [ 160.431016276180145, 60.749204122572159 ], [ 160.357585786654653, 60.658620195465623 ], [ 160.185932915271763, 60.578406233960536 ], [ 160.136078321357331, 60.602118231171403 ], [ 160.146998671151835, 60.662010639579321 ], [ 160.219626839507015, 60.665107945175542 ], [ 160.251685091193963, 60.772417637264127 ], [ 160.170095247897279, 60.824896551834343 ], [ 160.253712373527179, 60.824550285866955 ], [ 160.241489083254521, 60.874577070275585 ], [ 160.357525556359292, 60.910754953478317 ], [ 160.444214535872163, 61.036219521413763 ], [ 160.201973145044576, 61.038219966178467 ], [ 159.898666866382769, 60.915526522431023 ], [ 159.797539083461885, 60.931102542848137 ], [ 160.000140499784152, 61.106117512613082 ], [ 159.918198151923121, 61.213638016581164 ], [ 159.943292631049928, 61.243773889153715 ], [ 159.775618305540405, 61.242205661262275 ], [ 159.818522114004281, 61.289178249976189 ], [ 159.996382848989242, 61.284324292332222 ], [ 159.910166863410069, 61.313910223178269 ], [ 160.10685275694911, 61.429962523451628 ], [ 160.034989348679488, 61.459046152358056 ], [ 160.28513998732052, 61.554107235560501 ], [ 160.259831545988988, 61.625070386489142 ], [ 160.31879412914563, 61.666769937982217 ], [ 160.259055168461259, 61.690378210985678 ], [ 160.413958351097023, 61.764781215680571 ], [ 160.361977767959758, 61.813543532607973 ], [ 160.40025470029417, 61.831353521148095 ], [ 160.345713738298343, 61.944728908412415 ], [ 160.039012102526499, 61.846246223184657 ], [ 159.880743830363372, 61.705208025230206 ], [ 159.707728830521091, 61.720991725188007 ], [ 159.707987357730303, 61.685159103409894 ], [ 159.577212525137924, 61.652771070328576 ], [ 159.511656424804102, 61.700354187195941 ], [ 159.565585768668285, 61.816648017491971 ], [ 159.477568702733379, 61.763558853558294 ], [ 159.356068342779793, 61.816505857159584 ], [ 159.402489747803656, 61.853085082610484 ], [ 159.359873894164963, 61.893011786164955 ], [ 159.117795677228656, 61.916660087992632 ], [ 158.894867383822685, 61.894354559415376 ], [ 158.837168815788118, 61.821112372637899 ], [ 158.54849162089161, 61.830418518499897 ], [ 158.484988321153992, 61.78969764702881 ], [ 158.260226740871445, 61.825933858460836 ], [ 158.080163581484101, 61.733999544443421 ], [ 157.537341492715711, 61.79194583613139 ], [ 157.393295160543147, 61.745830408346684 ], [ 157.364643737718268, 61.68539352159371 ], [ 157.027598503967738, 61.650580145557214 ], [ 156.923833274785864, 61.551813184630824 ], [ 156.670423448982916, 61.516026961575037 ], [ 156.62379370611464, 61.370591381886754 ], [ 156.654971258017184, 61.196760199623505 ], [ 156.54688838369205, 61.20922558649157 ], [ 156.373896755431048, 61.14876845060347 ], [ 155.943059712835435, 60.922629064879423 ], [ 155.972620980673724, 60.904677304513932 ], [ 155.916779070197919, 60.859377976412475 ], [ 155.913620653870083, 60.703583116867328 ], [ 155.829844597350188, 60.728989976406289 ], [ 155.492073189825788, 60.581981560700477 ], [ 155.47977303269937, 60.533923859898238 ], [ 155.340280564296592, 60.524582361686612 ], [ 154.952403190654678, 60.367417710558918 ], [ 154.692119962466194, 60.201314161619202 ], [ 154.509729347731337, 60.024955546261481 ], [ 154.487589875372379, 59.946306572390363 ], [ 154.498975385105894, 60.028848482971178 ], [ 154.563698362489362, 60.093704759666899 ], [ 154.407835273179359, 60.062927666878352 ], [ 154.473480665400274, 59.879339911507692 ], [ 154.220770298110693, 59.869620187221813 ], [ 154.228770379249625, 59.730373440581793 ], [ 154.368251316545042, 59.574686270355102 ], [ 154.220073610408775, 59.663976279881417 ], [ 154.196601032511694, 59.583166796310636 ], [ 154.075043165409738, 59.509182033024381 ], [ 154.138438346852126, 59.456976630167411 ], [ 154.297877204469444, 59.442553293299845 ], [ 154.402310524710884, 59.535015035415562 ], [ 154.379893425341322, 59.47003815333818 ], [ 154.426850373046364, 59.420881577222971 ], [ 154.53677930012455, 59.422840588422375 ], [ 154.436045769196909, 59.484198309004739 ], [ 154.428762257072464, 59.547033993424037 ], [ 154.554123928176608, 59.513398716677379 ], [ 154.644287069692496, 59.543434400277299 ], [ 154.877595837277994, 59.460809652243725 ], [ 154.962901237701857, 59.49607982002766 ], [ 155.209713214293402, 59.343879542606757 ], [ 155.215758099156943, 59.305493069249721 ], [ 155.157625126198553, 59.296358341364353 ], [ 155.197175659528938, 59.237229321575946 ], [ 155.149608075751985, 59.221568739705553 ], [ 155.194102409898278, 59.175767320105727 ], [ 154.813301078382096, 59.194172126542362 ], [ 154.790697921871526, 59.131347483999136 ], [ 154.438020693000567, 59.215520509364026 ], [ 154.33272309549443, 59.191753115713738 ], [ 154.357710273810113, 59.110587450250634 ], [ 154.048675977414376, 59.052801825144087 ], [ 153.69197477251771, 59.185061060719413 ], [ 153.768556553042458, 59.24658337971924 ], [ 153.648023949046092, 59.190771056938672 ], [ 153.369151237739402, 59.241278386888084 ], [ 153.348389975516881, 59.153625050855396 ], [ 153.283539259329331, 59.148993231152723 ], [ 153.350220266751933, 59.134019837445507 ], [ 153.337275275033932, 59.08988693903099 ], [ 153.006707779740253, 59.060565005970254 ], [ 152.899912956717714, 58.903631903289686 ], [ 152.556739525808496, 58.949981461475289 ], [ 152.363291863428742, 59.059719143223923 ], [ 152.020298305022749, 58.8750365334093 ], [ 151.353664541984926, 58.832562286120648 ], [ 151.236027988800629, 58.998267490252502 ], [ 151.088049854816859, 59.102020385232535 ], [ 151.216527621952139, 59.091682053284096 ], [ 151.437731343926288, 59.170316692861078 ], [ 151.924342012373927, 59.137779294079152 ], [ 152.322238140278046, 59.20740928461079 ], [ 152.136729362869687, 59.29621002787048 ], [ 151.97901451910468, 59.265082097860514 ], [ 151.734297835177017, 59.307264023216071 ], [ 151.770277722738683, 59.349664226622743 ], [ 151.665508991346769, 59.459439765332888 ], [ 151.396056621815546, 59.604162942565779 ], [ 151.322099810358026, 59.555888385540577 ], [ 150.906742501365471, 59.559351568619974 ], [ 150.941833169864907, 59.461225048197377 ], [ 150.779911935187556, 59.432263002235786 ], [ 150.740120393441288, 59.439772518486905 ], [ 150.765621805002411, 59.484321381226728 ], [ 150.503740513913556, 59.488665913401171 ], [ 150.774348010452286, 59.56191498269029 ], [ 150.601303056890572, 59.540960483139742 ], [ 150.306000195852306, 59.646185614174712 ], [ 149.375254753803802, 59.772202867668234 ], [ 149.326833529943514, 59.75861237226313 ], [ 149.378593037238915, 59.724654262284332 ], [ 149.040700716764633, 59.642889716687037 ], [ 149.10401877504637, 59.592341169909048 ], [ 149.081065300223457, 59.559963282979076 ], [ 149.201345247785099, 59.524888414668595 ], [ 149.21208743648603, 59.469142970871381 ], [ 148.892263217173621, 59.466782945676421 ], [ 148.840179883794661, 59.50128815282595 ], [ 148.887950065942789, 59.54629140792219 ], [ 148.845957878653138, 59.552720445392211 ], [ 148.743428863851022, 59.471577992330509 ], [ 148.735705207329346, 59.368390868044138 ], [ 148.865407747669394, 59.40485260606296 ], [ 148.861338738092257, 59.353908595904961 ], [ 148.915863477217613, 59.395453192410855 ], [ 148.989905678404341, 59.375376721658412 ], [ 148.933744226215055, 59.317273315710892 ], [ 148.964190141861707, 59.273270078851084 ], [ 148.934522468936819, 59.233272922407473 ], [ 148.841563346870998, 59.276556707925678 ], [ 148.787937206736615, 59.236484372655639 ], [ 148.437465897033434, 59.262317397529941 ], [ 148.393728060901225, 59.379299220882359 ], [ 148.219436473414476, 59.408869890233248 ], [ 147.84546254126343, 59.376615327335472 ], [ 147.788747592327525, 59.34393952019272 ], [ 147.846569197510433, 59.296919360040413 ], [ 147.825500793426926, 59.26960461126383 ], [ 147.591075066061563, 59.304144597894904 ], [ 147.545999065704223, 59.237546821828353 ], [ 147.271494988403134, 59.332098699895049 ], [ 146.719574415327003, 59.381903386831809 ], [ 146.50391686277294, 59.463120835258366 ], [ 146.319140978873037, 59.401693611471032 ], [ 146.319021029996605, 59.237860419023121 ], [ 146.363107906504666, 59.212811464477497 ], [ 146.322957181828457, 59.179951886270487 ], [ 146.204619384077262, 59.20462027920253 ], [ 146.050291998676727, 59.138872719500476 ], [ 145.82496178515828, 59.241278386888084 ], [ 145.957005528782133, 59.41672280721172 ], [ 145.818125846730425, 59.415961004996362 ], [ 145.808897570466485, 59.366828259116886 ], [ 145.674652540082633, 59.436428126856512 ], [ 145.000758577146655, 59.369582966180985 ], [ 143.903911340735704, 59.422709541911814 ], [ 143.493616865925532, 59.318518017892188 ], [ 143.164805535247183, 59.381008205264436 ], [ 142.262380405431259, 59.124579169193268 ], [ 142.015310092286882, 58.997259833174738 ], [ 141.58373388880787, 58.61774897843258 ], [ 140.987315299761235, 58.418524481319707 ], [ 140.740000846761603, 58.271307684601915 ], [ 140.49572797376706, 57.844773602120021 ], [ 140.302445932333995, 57.747788421198685 ], [ 140.034841342254254, 57.713080145332434 ], [ 139.789677801389388, 57.482731369457213 ], [ 139.620571540244327, 57.467344273219666 ], [ 139.418458932433794, 57.297193758884852 ], [ 139.196543816144242, 57.272650458052219 ], [ 139.025624070294583, 57.140003190195138 ], [ 138.932957226095056, 57.135024933653817 ], [ 138.885110402822761, 57.01911279092252 ], [ 138.623057487812787, 56.959295966035995 ], [ 138.581736352150813, 56.784509174958487 ], [ 138.543363155485224, 56.79385891995318 ], [ 138.54983493593366, 56.859517536704921 ], [ 138.454448482511452, 56.839336696031708 ], [ 138.260510505255581, 56.615820669588281 ], [ 138.129649284686678, 56.585638739136478 ], [ 138.12512578292862, 56.506933447020977 ], [ 138.257773217160178, 56.466050049170441 ], [ 138.223477098788948, 56.424160253293081 ], [ 138.06942815428593, 56.437754732694721 ], [ 138.053682591878101, 56.387850831650617 ], [ 137.914067011683187, 56.359525650488358 ], [ 137.723597340045103, 56.13632394699254 ], [ 137.443660893535423, 56.048511524487246 ], [ 137.390830770323703, 55.945607438432546 ], [ 137.295634026189276, 55.96132245716565 ], [ 136.773285351837558, 55.660549221569269 ], [ 136.430160600331419, 55.565246428479831 ], [ 136.161626584299427, 55.318283989914157 ], [ 135.868942504992646, 55.173885616328107 ], [ 135.469063845919749, 55.056664459097462 ], [ 135.173350456958048, 54.821275132441471 ], [ 135.244151237989172, 54.701239325634312 ], [ 135.654144726797654, 54.665961005495987 ], [ 135.750173373502321, 54.570949611635264 ], [ 136.206716342485237, 54.620672918920029 ], [ 136.534922721706266, 54.595526434697149 ], [ 136.662445508653235, 54.685248114309026 ], [ 136.681407097059832, 54.614691473133007 ], [ 136.823496941530749, 54.647528387525021 ], [ 136.883311394005545, 54.591376044568825 ], [ 136.807465040379356, 54.516262111407357 ], [ 136.840830925206973, 54.432318427553334 ], [ 136.738617384484712, 54.413804429031117 ], [ 136.82064863392722, 54.316107489568928 ], [ 136.752289259541612, 54.283514715931375 ], [ 136.814463738110959, 54.248724677301986 ], [ 136.762868686240921, 54.204046942612322 ], [ 136.814463738110959, 54.159328518096615 ], [ 136.659190300092234, 53.935044663980023 ], [ 136.684743686172197, 53.808498440051011 ], [ 136.775157097322136, 53.773098049535378 ], [ 136.89869225434407, 53.846991278025037 ], [ 137.107920769428006, 53.807928777990682 ], [ 137.185720248190819, 53.851060289400912 ], [ 137.290863477067774, 54.035711981422793 ], [ 137.156993035000511, 54.044012762578944 ], [ 137.061371290152863, 54.145697332865623 ], [ 137.394786003970864, 54.308294989022585 ], [ 137.735850457232885, 54.320990301960819 ], [ 137.483897331696454, 54.084662177517437 ], [ 137.436859570912475, 54.145697332865623 ], [ 137.307871941237067, 54.118353583650986 ], [ 137.320078971767202, 54.049465236131731 ], [ 137.590505405100316, 53.956122136827162 ], [ 137.862803582119568, 53.96759674689239 ], [ 137.609141472201173, 53.834418036363346 ], [ 137.487966342172825, 53.670558986608022 ], [ 137.345388217092449, 53.664740301923374 ], [ 137.217621290290282, 53.600572007492197 ], [ 137.335134310799702, 53.529364325503273 ], [ 137.918223503711715, 53.586615301854771 ], [ 138.150075716721091, 53.672756252499049 ], [ 138.284190300442077, 53.738511460035888 ], [ 138.366384310987172, 53.909491277900152 ], [ 138.578623893877619, 53.999335027889238 ], [ 138.579925977301968, 53.828314520198951 ], [ 138.246104363425587, 53.566351630023711 ], [ 138.215586785301866, 53.491766669096478 ], [ 138.439219596806907, 53.51365794565767 ], [ 138.655772331827706, 53.73175690305861 ], [ 138.771820508709538, 54.015570379969013 ], [ 138.767100457420156, 54.104681708593937 ], [ 138.664724154696017, 54.077460027957912 ], [ 138.746592643935372, 54.242499091659752 ], [ 138.643565300398222, 54.297186590988353 ], [ 138.738536004433058, 54.315985419191691 ], [ 139.302256707081398, 54.190619208309784 ], [ 139.767588737829868, 54.303941147965666 ], [ 139.815928582038453, 54.21515534154581 ], [ 140.240570508921905, 54.056952216271767 ], [ 140.23568769652988, 54.00128815302584 ], [ 140.330821159868606, 53.970282294292417 ], [ 140.25733483233671, 53.868557033280418 ], [ 140.521739129157567, 53.727036850869929 ], [ 140.581228061225943, 53.639308986220712 ], [ 141.097829623438457, 53.474758204927184 ], [ 140.949717644253866, 53.488959052218433 ], [ 140.930918816050564, 53.436346747504444 ], [ 140.995371941062217, 53.448431708556591 ], [ 141.229258659759211, 53.315985419391545 ], [ 141.407481316109937, 53.303778387062984 ], [ 141.357758008825073, 53.220892644979536 ], [ 141.42400149787079, 53.217840887347073 ], [ 141.432953320739131, 53.148871161075292 ], [ 141.36443118615037, 53.073391018580594 ], [ 141.186371290003081, 53.050197658595053 ], [ 141.26156660191711, 53.03587474182585 ], [ 141.188812695749363, 52.987494208690741 ], [ 140.860687696180236, 53.118475653328758 ], [ 140.706716342485151, 53.111029363914014 ], [ 140.93344160234804, 53.031561591494224 ], [ 140.966075065811538, 52.944647527861093 ], [ 141.08253014365124, 52.883978583644733 ], [ 141.260590039798444, 52.852240302647886 ], [ 141.201019727178618, 52.777411200066901 ], [ 141.316254102145081, 52.659125067467912 ], [ 141.128184441358854, 52.422919012502504 ], [ 141.402110222208989, 52.225531317716133 ], [ 141.540049674752623, 52.220770575701451 ], [ 141.555837436048762, 52.162298895577514 ], [ 141.354991081772937, 52.105902410967524 ], [ 141.30258222708801, 52.021673895633725 ], [ 141.425547722049828, 51.925482489625189 ], [ 141.200205925263162, 51.823675848061917 ], [ 141.109222852052994, 51.678778387612475 ], [ 140.91529381585687, 51.623846747529377 ], [ 140.901377800045339, 51.494086004865203 ], [ 140.800059440890493, 51.4541690121901 ], [ 140.818858269093795, 51.416734116885934 ], [ 140.896006707043938, 51.42877838721278 ], [ 140.873789910076226, 51.371771552515128 ], [ 140.686289910450967, 51.312811590882205 ], [ 140.713552280013658, 51.261379299215307 ], [ 140.658946160336995, 51.22382233353386 ], [ 140.706716342485151, 51.031683661371837 ], [ 140.673594597512732, 50.948309636880225 ], [ 140.529795768659795, 50.862372137164343 ], [ 140.542246940843683, 50.80512116171225 ], [ 140.463389519410754, 50.698960679092053 ], [ 140.514903190729569, 50.617092189852663 ], [ 140.442149285461255, 50.530096747466892 ], [ 140.545420768853347, 50.34406159146927 ], [ 140.522959832030551, 50.15106842756586 ], [ 140.600596549690977, 50.075181382314916 ], [ 140.690928582088304, 50.080267645635303 ], [ 140.482269727266043, 49.975287176961622 ], [ 140.415212436305012, 49.874579169692915 ], [ 140.535004102357419, 49.777411200666343 ], [ 140.50749759204021, 49.691636460254422 ], [ 140.560801629191815, 49.575384833343399 ], [ 140.454274936339203, 49.420843817588128 ], [ 140.435557487787889, 49.294378973310934 ], [ 140.335948113015149, 49.287543036681811 ], [ 140.390228712285278, 49.27505117467193 ], [ 140.345713737798832, 49.229193426935055 ], [ 140.356455924701152, 49.095770575651486 ], [ 140.294932487844051, 49.088324286236841 ], [ 140.343597852458828, 49.047064520311338 ], [ 140.2192488944209, 49.013861395686838 ], [ 140.281260612787065, 48.965399481101137 ], [ 140.359141472101186, 49.021307684202199 ], [ 140.397959832280492, 48.99274323121513 ], [ 140.212982618053303, 48.767401434428628 ], [ 140.177012566376732, 48.461818752233619 ], [ 139.261729363419335, 47.787909247213982 ], [ 138.969493034975557, 47.317531642970955 ], [ 138.890716993194587, 47.305161851338411 ], [ 138.562754753828841, 47.029933986164508 ], [ 138.349131706962652, 46.664252020014722 ], [ 138.34457441497716, 46.548732815367082 ], [ 138.20240319085454, 46.454331773392596 ], [ 138.03402753983903, 46.155951238958501 ], [ 137.671478711872965, 45.794623113865633 ], [ 137.396739129107431, 45.623928127481093 ], [ 137.144541862816709, 45.374660549344888 ], [ 136.810801629491635, 45.193182684433381 ], [ 136.780039909713963, 45.107855536603736 ], [ 136.558197462243015, 44.948309637179989 ], [ 136.44361412898877, 44.785101630036195 ], [ 136.35458418091514, 44.788804429380939 ], [ 136.165293816356439, 44.496527411111131 ], [ 135.837901238151517, 44.362697657970493 ], [ 135.819427931253955, 44.290594794414254 ], [ 135.655853712079249, 44.168687242122552 ], [ 135.62403405053098, 44.038478908674691 ], [ 135.541270378824834, 44.003973700625771 ], [ 135.511973504473616, 43.92169830952939 ], [ 135.463633660265231, 43.949652411529549 ], [ 135.463633660265231, 43.894435939966627 ], [ 135.518809441102803, 43.880764064909677 ], [ 135.425791863104052, 43.763169663848856 ], [ 135.275401238376389, 43.688950914053407 ], [ 135.235606316078588, 43.734076239526793 ], [ 135.18222089927508, 43.710638739686118 ], [ 135.223887566158311, 43.644598700669476 ], [ 135.128428582413108, 43.500555731062093 ], [ 134.193695509540134, 43.079779364625971 ], [ 133.92676842552234, 42.882717190246112 ], [ 133.839610222034054, 42.897609768176203 ], [ 133.717295768784652, 42.816636460504228 ], [ 133.593353711704367, 42.852850652935281 ], [ 133.15772545716402, 42.688421942018998 ], [ 133.024424675358404, 42.699367579849977 ], [ 132.996348503880284, 42.722560939835482 ], [ 133.078868034831856, 42.749823309398217 ], [ 132.989756707106267, 42.826971747348253 ], [ 132.815928582538106, 42.756415106172192 ], [ 132.757334832036861, 42.832424220901025 ], [ 132.763438347301985, 42.90814850504951 ], [ 132.577891471913972, 42.840399481650707 ], [ 132.502696159999715, 42.924302476578049 ], [ 132.404388867752033, 42.942287501966661 ], [ 132.311534049956549, 42.845445054245843 ], [ 132.291107617922222, 43.085638739136478 ], [ 132.381683790174748, 43.191229559696446 ], [ 132.307709181133788, 43.23818593992921 ], [ 132.345795118150107, 43.297919011852912 ], [ 132.289561393743327, 43.312567449927862 ], [ 132.226654492910512, 43.229803778221758 ], [ 131.929942253931813, 43.06956614815919 ], [ 131.886485222115454, 43.085638739136478 ], [ 131.920664909757733, 43.120428778665243 ], [ 131.849864128726523, 43.100490627240625 ], [ 132.052012566426697, 43.314764716718322 ], [ 131.968353712254043, 43.270575262638275 ], [ 131.815684441084159, 43.336737372032076 ], [ 131.722666863085237, 43.209784247145286 ], [ 131.76392662901074, 43.185858466694867 ], [ 131.646983268762796, 43.168850002525602 ], [ 131.694672071259134, 43.174994208515905 ], [ 131.564952019320231, 42.996283270656448 ], [ 131.499522332189883, 42.999986070001093 ], [ 131.496104363425729, 42.942287501966661 ], [ 131.393890820904659, 42.94501373919271 ], [ 131.400401238026745, 42.873358466420093 ], [ 131.471690299667699, 42.8732363951435 ], [ 131.352017262286779, 42.774327567063573 ], [ 131.273127171181926, 42.777331349462202 ], [ 131.201181608044806, 42.614024597657036 ], [ 131.219547211234726, 42.554711688093953 ], [ 131.120346581029906, 42.667190490848469 ], [ 130.889659050324894, 42.599595444873835 ], [ 130.815478427287559, 42.634171578855266 ], [ 130.932139519123581, 42.618353583251228 ], [ 130.949713986011631, 42.653122614616969 ], [ 130.786981479211818, 42.653763563237831 ], [ 130.825456917102969, 42.699322458164872 ], [ 130.656670389226974, 42.664079511959891 ], [ 130.729502799914371, 42.57916901194033 ], [ 130.774180535503291, 42.596828517821805 ], [ 130.87289472691009, 42.527655341520784 ], [ 130.699961784808465, 42.295111395174743 ], [ 130.530771118692172, 42.530480041920399 ], [ 130.584514607763026, 42.568901469227441 ], [ 130.571905558694596, 42.62181813599819 ], [ 130.379669230950356, 42.696671448328601 ], [ 130.586478313423498, 42.817258402853007 ], [ 130.794320922872203, 42.869064026483599 ], [ 130.992448364900099, 42.848729350479132 ], [ 131.103035929364751, 42.910431010482789 ], [ 131.078334595165416, 43.031818950684006 ], [ 131.18396122313186, 43.120805766372989 ], [ 131.169078410040669, 43.201705221718619 ], [ 131.280906209753795, 43.38022145635513 ], [ 131.274291625957716, 43.451199036006713 ], [ 131.160706827957682, 43.532770284021325 ], [ 131.20669885346922, 43.974784648692562 ], [ 131.264473103950536, 44.05421132569213 ], [ 131.065828898884689, 44.682028301464932 ], [ 130.933433879170281, 44.841708475965447 ], [ 131.051566203417451, 44.909042866934762 ], [ 131.433765096681839, 44.961287740137081 ], [ 131.60905155468555, 45.089703674385078 ], [ 131.627758424511654, 45.198482565517963 ], [ 131.72315311842155, 45.215329082471143 ], [ 131.853067668538102, 45.337595520017267 ], [ 131.991944336062289, 45.229353898263739 ], [ 132.04130151675156, 45.11288808161968 ], [ 132.012453832178551, 45.045478697084228 ], [ 132.114303820165134, 44.991315697661335 ], [ 132.120191102437417, 44.867682763648588 ], [ 132.037474782734932, 44.816757769655354 ], [ 132.065439375326861, 44.729920352542202 ], [ 132.284446285567611, 44.634252011121447 ], [ 132.216448172445126, 44.638078745137932 ], [ 132.236170568417037, 44.573318636545814 ], [ 132.353621855863992, 44.52798656143063 ], [ 132.63120722723167, 44.710492319964544 ], [ 132.648574710654344, 44.854730741930197 ], [ 132.835050694533919, 45.060111738765748 ], [ 132.953362264456956, 45.024384664120944 ], [ 133.098779745289136, 45.107790426586902 ], [ 133.10188033071276, 45.2872109996879 ], [ 133.179808390944459, 45.493813375686734 ], [ 133.477257935505264, 45.62770701126955 ], [ 133.487799927025009, 45.686669820156084 ], [ 133.443048136762087, 45.709665832911853 ], [ 133.511364381461021, 45.77855051749237 ], [ 133.477257935505264, 45.82009836954407 ], [ 133.514361613197934, 45.87926788400565 ], [ 133.658125448530569, 45.934509989844123 ], [ 133.720033814109286, 46.06375274729146 ], [ 133.687374308977184, 46.14183583625482 ], [ 133.902451619846431, 46.258986308571266 ], [ 133.915990844901586, 46.312988180060451 ], [ 133.863384237392523, 46.339291484714252 ], [ 133.933870891528414, 46.390761211560672 ], [ 133.845814250027587, 46.470652975654303 ], [ 134.014796183497026, 46.665033874413702 ], [ 134.069159790192117, 46.981241963845619 ], [ 134.124246867299007, 47.070513001274009 ], [ 134.227289672880119, 47.117745260235559 ], [ 134.154115845369972, 47.257891744408433 ], [ 134.183571411391426, 47.327499899400856 ], [ 134.312865844782948, 47.420129904671363 ], [ 134.556881959534763, 47.47118621946845 ], [ 134.772579387128985, 47.710732321439487 ], [ 134.55936242733415, 48.009525452237824 ], [ 134.682972452916346, 48.135512594630555 ], [ 134.718732544371477, 48.263411764041692 ], [ 134.386349732454192, 48.381337383613371 ], [ 133.737913859836681, 48.251086934914085 ], [ 133.524386840780124, 48.095437520924825 ], [ 133.091958455917933, 48.106780497222125 ], [ 132.805877726975638, 47.936196594197419 ], [ 132.674619588823049, 47.95061431929539 ], [ 132.668005005026885, 47.881316224464186 ], [ 132.524654581743448, 47.707528381429654 ], [ 132.332418253999208, 47.736518860357101 ], [ 131.603263794088775, 47.661536357716749 ], [ 131.44089644441533, 47.741169739391928 ], [ 131.103862753463176, 47.676548360218661 ], [ 130.965679973152248, 47.703936870490168 ], [ 130.906975545784917, 47.884261780256942 ], [ 130.674741658700555, 48.063940734877029 ], [ 130.674741658700555, 48.135926006679831 ], [ 130.8239831953681, 48.294159241255969 ], [ 130.743264608075208, 48.411593934412508 ], [ 130.75897424346644, 48.4857237754319 ], [ 130.626372518177163, 48.482261455701632 ], [ 130.620171346430453, 48.560499573396569 ], [ 130.529737589917772, 48.616258443172605 ], [ 130.674328248449939, 48.870816549444143 ], [ 130.201798951460432, 48.882598775313241 ], [ 129.926466920511842, 49.025690816178255 ], [ 129.920679159016032, 49.081863098902893 ], [ 129.741775350751794, 49.195706278422008 ], [ 129.711182902269059, 49.274151103490645 ], [ 129.551812785231931, 49.290480856506299 ], [ 129.480602662482937, 49.421273906665448 ], [ 129.378696736665006, 49.425046286556849 ], [ 129.340972941348241, 49.341175436097515 ], [ 129.217879679703401, 49.390784810970224 ], [ 129.115353638060071, 49.348771870925098 ], [ 128.998151489799511, 49.44127268498643 ], [ 128.760129842118431, 49.470883281538207 ], [ 128.801677694170195, 49.56514109298702 ], [ 128.671866495941998, 49.611443176861087 ], [ 128.198303670178319, 49.538992818863441 ], [ 127.967930135067604, 49.603226624409182 ], [ 127.854655395430086, 49.584881491587588 ], [ 127.703605185431016, 49.66063914148318 ], [ 127.644280640439192, 49.767144267693752 ], [ 127.538654012472733, 49.789933573975254 ], [ 127.486667521688815, 50.02562978258846 ], [ 127.590640503256665, 50.20871938099463 ], [ 127.33065637249355, 50.328195292378844 ], [ 127.358509969859099, 50.415115051418503 ], [ 127.288953491710274, 50.466016337483929 ], [ 127.36708825841643, 50.577792460353756 ], [ 127.288953491710274, 50.675150859024889 ], [ 127.287351522154978, 50.751011862607363 ], [ 126.931765991906857, 51.063783468032661 ], [ 126.905152628890775, 51.208115743246957 ], [ 126.972176961497652, 51.324000143691713 ], [ 126.899364868294015, 51.316507059852874 ], [ 126.869909302272475, 51.25173065194798 ], [ 126.808982789524194, 51.289066875435971 ], [ 126.909441772719575, 51.391101990664367 ], [ 126.800301148179415, 51.418955587130597 ], [ 126.807432495913048, 51.534219869051739 ], [ 126.676897827272967, 51.576594543403431 ], [ 126.725577027058094, 51.708731182498127 ], [ 126.647907349244804, 51.741261496420925 ], [ 126.439289592540732, 51.997860820020847 ], [ 126.555974975964375, 52.130643412463478 ], [ 126.31671309483346, 52.199760641040712 ], [ 126.439289592540732, 52.275285746939737 ], [ 126.315731242003238, 52.316213481367079 ], [ 126.350716187102293, 52.376907451018035 ], [ 126.275992065981072, 52.463284608597839 ], [ 126.200337768872984, 52.46708282511225 ], [ 126.21232670121627, 52.533047791422447 ], [ 125.99084151212621, 52.586429545287274 ], [ 125.982779989305143, 52.653040467643457 ], [ 126.068614542726863, 52.679886372857801 ], [ 126.03512821529489, 52.727118633618112 ], [ 126.088044881166326, 52.775410257977015 ], [ 125.976940551865056, 52.764997458565851 ], [ 125.83736250847295, 52.906720072972981 ], [ 125.646469767865497, 52.884886780200688 ], [ 125.733544556536003, 52.981650900568567 ], [ 125.621355022516255, 53.06213694296558 ], [ 125.521309448672085, 53.042422384585343 ], [ 125.073688192356215, 53.21220530283253 ], [ 124.897678263940747, 53.185514425450322 ], [ 124.870134724937529, 53.107999776368601 ], [ 124.651595093438814, 53.208768820624535 ], [ 124.383704467687224, 53.246130879836187 ], [ 124.253066447158858, 53.375502828492699 ], [ 124.121808309006269, 53.352687684688895 ], [ 123.970551392532641, 53.455187887011398 ], [ 123.614294067816957, 53.563346660519919 ], [ 123.541895385763326, 53.514099019953782 ], [ 123.514403525402372, 53.562416484533138 ], [ 123.481537312896663, 53.518078105420223 ], [ 123.252559041766318, 53.56779083308048 ], [ 123.153598674439237, 53.513117167123525 ], [ 122.859663127351354, 53.473946431882382 ], [ 122.401603231403996, 53.450950419126542 ], [ 122.316750529013845, 53.496012269550604 ], [ 121.203485148820548, 53.276749165841373 ], [ 120.874254598271108, 53.280159811426181 ], [ 120.28018233234863, 52.865921530654063 ], [ 120.032962280285133, 52.760656636994263 ], [ 120.033789103484295, 52.62536773743112 ], [ 120.079367716946663, 52.589969381182009 ], [ 120.454021851327326, 52.63903615459482 ], [ 120.723979532829162, 52.542168681439506 ], [ 120.626156047063901, 52.346805928950474 ], [ 120.75808597878482, 52.237406921991791 ], [ 120.784079224176878, 52.158006083413994 ], [ 120.697314493868788, 52.048710429242874 ], [ 120.705789428739166, 51.979954935871532 ], [ 120.647601766208453, 51.91101857534693 ], [ 120.493140909725213, 51.875723571885388 ], [ 120.100451700885316, 51.659948629025976 ], [ 119.952863811515741, 51.397664897616913 ], [ 119.895296264810867, 51.383970642031493 ], [ 119.915656779237054, 51.330743916898264 ], [ 119.819641967702694, 51.274726665603104 ], [ 119.814991090466393, 51.215893046127192 ], [ 119.762177776483099, 51.215040385405416 ], [ 119.740835409226747, 51.071534932491126 ], [ 119.517954956156331, 50.904800924623018 ], [ 119.496664267541888, 50.737059225502897 ], [ 119.29357588721733, 50.599238179498379 ], [ 119.24365645398214, 50.445500793426838 ], [ 119.13756473802222, 50.392532451611302 ], [ 119.356621134357823, 50.340752666402402 ], [ 119.316210164767242, 50.092654114295897 ], [ 119.09167606619755, 49.986562398335998 ], [ 118.644364868244182, 49.954574687671659 ], [ 117.873765909968668, 49.513206279046543 ], [ 117.057588338231284, 49.672886454446356 ], [ 116.722311646465371, 49.801664123900167 ], [ 116.575447224809636, 49.92176015290871 ], [ 116.217639608281303, 50.013847554920673 ], [ 115.716274861995231, 49.877783509001695 ], [ 115.387819458700989, 49.891064352537775 ], [ 114.997352336141375, 50.144330547616669 ], [ 114.753749634338192, 50.236211243154365 ], [ 114.286284628432824, 50.276880595163341 ], [ 113.849825480361616, 50.080716857896668 ], [ 113.579661092385422, 50.019945373879928 ], [ 113.182682739716597, 49.801974182262668 ], [ 113.060829712421224, 49.595991922988816 ], [ 112.777126099389875, 49.501372375434784 ], [ 112.473268678406853, 49.534135234253682 ], [ 112.030194947438886, 49.411868794908905 ], [ 111.661018514392993, 49.396365865092548 ], [ 111.479117473492551, 49.343345846433664 ], [ 111.338454224482859, 49.36473988963418 ], [ 110.731359497442796, 49.137673646421611 ], [ 110.37117476410404, 49.241749979877632 ], [ 110.18141890505845, 49.161961569470883 ], [ 109.728526652083374, 49.266451314976173 ], [ 109.516239868275278, 49.255909323456493 ], [ 109.28669315636408, 49.338539938667246 ], [ 108.538056681170971, 49.327429505467279 ], [ 108.236369670523885, 49.532481587854996 ], [ 108.106196737089846, 49.554340719048923 ], [ 108.01571130373361, 49.602244772478258 ], [ 108.015814657420478, 49.655729879130611 ], [ 107.927447958456526, 49.670044251441034 ], [ 107.946516560790556, 49.933490702833623 ], [ 107.192195678687554, 50.006044414518122 ], [ 107.05711348469957, 50.074102275 ], [ 106.973656047188769, 50.196368713445331 ], [ 106.656517781770162, 50.327006734872917 ], [ 106.222280720878558, 50.292383524979705 ], [ 106.055934285738758, 50.333569641825491 ], [ 105.984879191721419, 50.399767151232965 ], [ 105.328640177801873, 50.476454977115473 ], [ 105.105759726530138, 50.390051982013354 ], [ 104.405802450222907, 50.300548401487497 ], [ 104.12168542514226, 50.148257955340334 ], [ 103.785271850915194, 50.186136780288187 ], [ 103.601407104354323, 50.133530171879933 ], [ 103.27677575689566, 50.197557271850613 ], [ 103.201689901467802, 50.296982727171098 ], [ 102.927391398394292, 50.302977193342791 ], [ 102.617797892758574, 50.399302063239595 ], [ 102.513101440778868, 50.503688456856764 ], [ 102.30293339046365, 50.563891500092616 ], [ 102.275906616297348, 50.650191142407273 ], [ 102.329391723848929, 50.718817445468694 ], [ 102.216788777779783, 50.798864237394639 ], [ 102.229656209266579, 50.979266663325809 ], [ 102.146508830118378, 51.097631531569959 ], [ 102.135295044130928, 51.240284322863204 ], [ 102.193379353873993, 51.307205303581888 ], [ 102.074678588845785, 51.374823914492055 ], [ 101.526391642860034, 51.475825500946101 ], [ 101.35017500797025, 51.450452372279123 ], [ 100.510898072488018, 51.726895447267054 ], [ 99.917911011284176, 51.749478047973554 ], [ 99.709654988886655, 51.880581156495168 ], [ 99.323890422205167, 51.934221294577149 ], [ 98.994711548499225, 52.058296407253366 ], [ 98.927635539048879, 52.129584046166769 ], [ 98.855598592201247, 52.106691386198442 ], [ 98.682689250108751, 51.819473776593512 ], [ 98.332219685989685, 51.71831716050859 ], [ 98.228246704421849, 51.583415833673776 ], [ 98.220391886276474, 51.475205383321736 ], [ 98.039731079725541, 51.457299500071812 ], [ 97.922838989827525, 51.318470765513389 ], [ 97.929040162473555, 51.215040385405416 ], [ 97.806360311079501, 51.001125794519787 ], [ 97.984644003517886, 50.846923320454863 ], [ 97.944026327453003, 50.774472962457239 ], [ 98.038490845376131, 50.622957663565302 ], [ 98.293462361898463, 50.518622945892233 ], [ 98.262456502265749, 50.283805237321857 ], [ 98.04799930812149, 50.023045960202857 ], [ 97.829924765515528, 49.923310446519878 ], [ 97.756337525056765, 49.96149932893087 ], [ 97.566581665111713, 49.916799215511389 ], [ 97.57360966005777, 49.847501118881496 ], [ 97.343339477734702, 49.734174703299935 ], [ 97.15296350106469, 49.750246073897202 ], [ 96.969202108190672, 49.886671855022094 ], [ 96.701931600063233, 49.91375030513246 ], [ 96.585142862952736, 49.85752634736302 ], [ 96.503287394097981, 49.922121887215297 ], [ 96.346294392971785, 49.888583882939841 ], [ 96.055976196144513, 49.998809713097721 ], [ 95.946318806767536, 49.938503316175108 ], [ 95.827876424157679, 50.020152079454938 ], [ 95.500661255212734, 49.886723531865535 ], [ 95.354727010443185, 49.947701721457236 ], [ 95.076397745959198, 49.945531311121137 ], [ 94.921575155169236, 50.045886943327751 ], [ 94.603455037819671, 50.019738668304917 ], [ 94.491730590894065, 50.152288717650144 ], [ 94.354477987469167, 50.223602193186707 ], [ 94.258669882409123, 50.557535299614379 ], [ 93.104941853983377, 50.598824768348436 ], [ 93.011407512047001, 50.62331939697264 ], [ 92.961694783487417, 50.777883606243414 ], [ 92.796123494703508, 50.788012187512457 ], [ 92.649775838783881, 50.67406565340719 ], [ 92.360904581880916, 50.868369040498813 ], [ 92.301683391475279, 50.84335764613845 ], [ 92.242772258532909, 50.720006002075344 ], [ 92.158849731230092, 50.689103495230093 ], [ 91.749779093430405, 50.684090881888658 ], [ 91.415742635114555, 50.461365458449102 ], [ 91.012046345862174, 50.425295309530902 ], [ 90.72658573544328, 50.291866761042193 ], [ 90.683901000930419, 50.216212463934042 ], [ 90.475231567382878, 50.214610494378839 ], [ 90.020530640176887, 50.070743307157862 ], [ 89.969422649435671, 49.967080383952528 ], [ 89.667683960146647, 49.927289531086934 ], [ 89.61533573415673, 49.841920065658528 ], [ 89.702410522827321, 49.719963685575586 ], [ 89.441599568865016, 49.643585917156315 ], [ 89.371939737928614, 49.581677552477082 ], [ 89.216445354469528, 49.634490866460297 ], [ 89.178204793416484, 49.598472392586814 ], [ 89.215618530370875, 49.545452373028624 ], [ 89.160738159738273, 49.502715963470891 ], [ 88.975323120465717, 49.455845439715304 ], [ 88.888920125363498, 49.541679993137173 ], [ 88.870626668485897, 49.436001689226551 ], [ 88.615758504751213, 49.492949117407818 ], [ 88.199969930367942, 49.454346822048194 ], [ 88.115530640027004, 49.356575012227005 ], [ 88.143952677274228, 49.270740459704434 ], [ 87.975487509540883, 49.175810851989198 ], [ 87.506058797075838, 49.120878805412531 ], [ 87.400432170008656, 49.071011048121377 ], [ 87.32379602096961, 49.085273743588374 ], [ 87.271757853342223, 49.205111389279196 ], [ 87.024537801278512, 49.248933004454543 ], [ 86.913020060827208, 49.33869496739878 ], [ 86.933070515991488, 49.390113017401809 ], [ 86.814008015757295, 49.450006002275153 ], [ 86.824343303500683, 49.509227194479415 ], [ 86.599344116038111, 49.573512675069857 ], [ 86.6470931398365, 49.653662822481238 ], [ 86.77587080929041, 49.695003968058643 ], [ 86.748378947130675, 49.782957254973361 ], [ 86.610196166819577, 49.795514628097585 ], [ 86.475475708037479, 49.670819396897642 ], [ 86.272128947093179, 49.583641256338872 ], [ 86.17725101712071, 49.463338522654666 ], [ 86.070487508491738, 49.526280416108307 ], [ 85.946257365285106, 49.481373596214503 ], [ 85.940572957475979, 49.559611715708179 ], [ 85.67330244934854, 49.560438538008142 ], [ 85.614856404399546, 49.617127584670243 ], [ 85.223614136383404, 49.59573354146972 ], [ 85.056285848413182, 49.873339336441184 ], [ 84.954586629069667, 49.906929017560124 ], [ 84.954793336443316, 49.990489807858275 ], [ 85.025435018411372, 50.004080708857579 ], [ 84.986729370264186, 50.066970927266517 ], [ 84.838676392001844, 50.080820211583543 ], [ 84.44076786334621, 50.244634501181295 ], [ 84.331368856387684, 50.213473613716296 ], [ 84.249978476425497, 50.259930725422691 ], [ 84.176752970273341, 50.439144592948622 ], [ 84.195614867931795, 50.511439921315272 ], [ 84.101718790789519, 50.628590394531045 ], [ 83.975835002083741, 50.686364645012347 ], [ 83.950565226204219, 50.780415752684831 ], [ 83.820495646456891, 50.868007304393579 ], [ 83.433955933419654, 50.992650859649423 ], [ 83.107567586774749, 50.992650859649423 ], [ 82.97589603747214, 50.881908265553982 ], [ 82.726453898228797, 50.900718485469739 ], [ 82.672762085102121, 50.789769186698592 ], [ 82.475823201479599, 50.714011535903644 ], [ 82.328390339942246, 50.752097066426465 ], [ 82.147316121341845, 50.70160919241026 ], [ 81.744136596926381, 50.784911601189449 ], [ 81.67411503078398, 50.736025695829198 ], [ 81.460226277420816, 50.730341288919313 ], [ 81.418781779055877, 50.762484029214527 ], [ 81.466117390804911, 50.833745830605558 ], [ 81.400798381440111, 50.959112854474711 ], [ 81.051517374827014, 50.955702210688443 ], [ 81.152028035765227, 51.186540832893165 ], [ 81.022113484749482, 51.177394104454315 ], [ 80.924238322140795, 51.216073914179802 ], [ 80.905738159688312, 51.283563335679396 ], [ 80.842537882916957, 51.257518413444089 ], [ 80.682754353830362, 51.302011820389161 ], [ 80.599245239476261, 51.208554993717925 ], [ 80.421995076711369, 51.187574362566821 ], [ 80.410522908305538, 51.104840394568576 ], [ 80.464473103850651, 51.04370717444651 ], [ 80.43904829923963, 50.958131003443036 ], [ 80.181286254756827, 50.875655416064554 ], [ 80.142735636240573, 50.817106018328047 ], [ 80.015404908509751, 50.839481913459487 ], [ 80.085994914533671, 50.752148743269885 ], [ 80.021296020994626, 50.766876525831009 ], [ 79.042957804259288, 51.992512308995856 ], [ 77.866802205657237, 53.272330832601888 ], [ 77.61276086422248, 53.442785544417319 ], [ 76.495206339301177, 53.992312723853139 ], [ 76.376660603903701, 54.154266663275841 ], [ 76.664601684819829, 54.134061178480586 ], [ 76.837717732487306, 54.296893616147429 ], [ 76.834203735913661, 54.345676168720146 ], [ 76.75296838378388, 54.376682027453597 ], [ 76.903553508487747, 54.432595926860557 ], [ 76.895905395917353, 54.463860168911694 ], [ 76.67276656132772, 54.436471660438798 ], [ 76.623053832768122, 54.355908101877382 ], [ 76.476499471273556, 54.323145243957804 ], [ 76.234240357506465, 54.347433167007004 ], [ 76.177086222850846, 54.306763814998043 ], [ 76.183804159434359, 54.251573385103661 ], [ 75.64037479625982, 54.098869528705748 ], [ 75.429224894013558, 54.090084534573585 ], [ 75.3607019464377, 54.059543762934318 ], [ 75.433979125835975, 53.98652496415577 ], [ 75.027905722471075, 53.807931213354806 ], [ 74.772004028163437, 53.830875549267134 ], [ 74.61645796696159, 53.680703838411453 ], [ 74.438484334684262, 53.673417460147604 ], [ 74.456881144349296, 53.569754536942327 ], [ 74.388358194974685, 53.462215881957398 ], [ 74.269605754002328, 53.515235902414972 ], [ 74.223303670128274, 53.594610902571084 ], [ 74.076852661421157, 53.566188864424539 ], [ 74.058042439706838, 53.624583232530149 ], [ 73.904150024903728, 53.639155985460349 ], [ 73.652899211429428, 53.609183656400617 ], [ 73.410950155125519, 53.430021465718085 ], [ 73.347181438472617, 53.45937367805282 ], [ 73.391209757424392, 53.520248514857137 ], [ 73.230599406037726, 53.572338359327794 ], [ 73.229669230050902, 53.662410381533867 ], [ 73.30656376240772, 53.685664774909483 ], [ 73.347388143148223, 53.787622376671308 ], [ 73.437821899660889, 53.808499654135666 ], [ 73.391209757424392, 53.8282400518369 ], [ 73.431827433489275, 53.86544708321631 ], [ 73.682871541388451, 53.874128724560997 ], [ 73.740645792769158, 54.057941793379072 ], [ 73.601532837370613, 54.071222636015932 ], [ 73.518023722117078, 53.956035868460681 ], [ 73.392760051035538, 53.974019266975688 ], [ 73.360307251478446, 53.93841420515146 ], [ 73.062754354130121, 53.97908355716045 ], [ 72.94203820839661, 54.121762186875443 ], [ 72.624228149409518, 54.134991354467466 ], [ 72.503098593425321, 54.050862122488937 ], [ 72.656164185029098, 54.042542216350235 ], [ 72.700192504880192, 53.957637838015792 ], [ 72.556842082496146, 53.977223206086187 ], [ 72.392200968799699, 53.908235169617349 ], [ 72.418659302185048, 54.016032207020714 ], [ 72.358404582105734, 54.092978414422234 ], [ 72.482944783674839, 54.135611471192497 ], [ 72.298563273176526, 54.178399557593536 ], [ 72.324401489836916, 54.253485413021501 ], [ 72.184771770500788, 54.35683827786427 ], [ 72.043178345504259, 54.378025615489776 ], [ 72.103019654433481, 54.311569723663794 ], [ 72.066742798141618, 54.222376201500502 ], [ 72.169992309297612, 54.196848043202564 ], [ 72.177640421867949, 54.135973205499084 ], [ 72.099505656061126, 54.131890768144409 ], [ 71.983647094937481, 54.231574605883353 ], [ 71.762471965109071, 54.24764597648069 ], [ 71.708728475138969, 54.132200827406287 ], [ 71.647233520710387, 54.108584697026188 ], [ 71.477114705679128, 54.10966990264388 ], [ 71.453136840992372, 54.181345113386293 ], [ 71.320586793445742, 54.201033834244114 ], [ 71.161268351453216, 54.101970113230109 ], [ 71.04396285040518, 54.185944316476998 ], [ 71.052076050069644, 54.263200582241105 ], [ 70.970840697939906, 54.305006816711227 ], [ 71.190620564687293, 54.318184307459809 ], [ 71.141217895389502, 54.563750712225549 ], [ 71.264672892240128, 54.661729228521033 ], [ 71.200697469112839, 54.723999329305592 ], [ 71.005980672669835, 54.774228820903318 ], [ 70.945932658165603, 54.887916973489496 ], [ 70.97714522337337, 55.077982889998395 ], [ 70.793177124025064, 55.233167215994207 ], [ 70.820358927822198, 55.294145406485427 ], [ 70.441157267194114, 55.283345033446494 ], [ 70.382452840726046, 55.206243796414064 ], [ 70.213677612831518, 55.13198476148748 ], [ 69.940309285744931, 55.200249329343023 ], [ 69.673865600816796, 55.334039612138412 ], [ 69.334558146741131, 55.385147604678281 ], [ 69.186143432373512, 55.325771382843008 ], [ 69.122581421295592, 55.397860006534081 ], [ 68.943160848194637, 55.434550273076702 ], [ 68.902439819342149, 55.412484436307714 ], [ 68.977267293250989, 55.346700338050141 ], [ 68.970601034410137, 55.278642477568283 ], [ 68.700591675165626, 55.360497946423031 ], [ 68.605300334043164, 55.195598450308239 ], [ 68.17710941616663, 55.17053538000377 ], [ 68.308160847844817, 55.072815247026057 ], [ 68.166050658910748, 54.956129863602328 ], [ 67.882243693091908, 54.97044423501351 ], [ 67.698482300218046, 54.867918192470611 ], [ 67.311322470455636, 54.859908346492993 ], [ 67.213343953260818, 54.797173157715015 ], [ 65.977450399416341, 54.611706442498352 ], [ 65.932801961041648, 54.702553609261635 ], [ 65.743976277982867, 54.600854391716787 ], [ 65.44978234847656, 54.627467753833777 ], [ 65.449007202120654, 54.556619364492072 ], [ 65.198169799796418, 54.516156718058191 ], [ 65.184217164490548, 54.310432841202605 ], [ 65.085411824995688, 54.308572490128306 ], [ 64.910642130929546, 54.402726950588367 ], [ 64.720162801472114, 54.333842265108494 ], [ 64.578517701430812, 54.385570373473961 ], [ 64.004495890672857, 54.319734599272294 ], [ 64.007854859414195, 54.228680725135462 ], [ 63.897473998726078, 54.194160868928961 ], [ 63.708648315667183, 54.250436504441168 ], [ 63.368307332817182, 54.162844950933824 ], [ 63.156744019421005, 54.180053203092825 ], [ 63.084655395729861, 54.085640361113853 ], [ 62.580965210376171, 54.053600973606081 ], [ 62.525258016544193, 53.871854961437315 ], [ 62.389969116081851, 53.941566467418525 ], [ 62.444022664414405, 53.992312723853139 ], [ 62.412706746419211, 54.026625875383836 ], [ 62.002602579845139, 54.017375794157623 ], [ 62.003636109518858, 53.932006327829853 ], [ 61.856409952657224, 53.942703348980316 ], [ 61.791297647968122, 54.000787659622752 ], [ 61.619938599486801, 53.992571106271491 ], [ 61.581801392120546, 53.947664286377702 ], [ 61.337681925480439, 54.063161113194845 ], [ 61.193504679897067, 54.018254293300963 ], [ 61.21076460800024, 53.907666727937148 ], [ 61.145238891261791, 53.950144755076444 ], [ 60.996100708281048, 53.941411439586318 ], [ 60.978013956978515, 53.88260365943141 ], [ 61.084984172081903, 53.875317281167625 ], [ 61.199085734019469, 53.797130839416774 ], [ 61.007572875787623, 53.635745342573571 ], [ 60.880242147157361, 53.632799784982083 ], [ 61.280734497299235, 53.542417704413559 ], [ 61.503046508689415, 53.58897817070612 ], [ 61.555343058735183, 53.505727437870902 ], [ 61.41230269381424, 53.435757549471319 ], [ 61.235259237523763, 53.503040264496633 ], [ 61.137177368440796, 53.373125713480874 ], [ 61.162705525839328, 53.299150899394498 ], [ 61.514311972419605, 53.208665466937795 ], [ 61.643089640074805, 53.243340353674377 ], [ 61.764219197857678, 53.169468892375463 ], [ 62.050661662006043, 53.124768778955961 ], [ 62.11603234911356, 53.064591573242531 ], [ 62.094173217919689, 52.992477112029043 ], [ 61.959246054461865, 52.934935405544522 ], [ 61.819823038902108, 52.978240254983852 ], [ 61.605572550332987, 52.948319600968787 ], [ 61.448269490844361, 53.021415914113128 ], [ 60.974603312293056, 52.971238098459466 ], [ 61.058422485009643, 52.922171325945889 ], [ 60.69617069502155, 52.734921774020613 ], [ 60.672606242384184, 52.672160747720284 ], [ 60.803140910124839, 52.627744853342278 ], [ 60.814923136893256, 52.52191152070008 ], [ 60.936466104926694, 52.488580221100271 ], [ 61.039922323456445, 52.334997864659712 ], [ 60.672192830334886, 52.144337667149628 ], [ 60.42579960147048, 52.129584046166769 ], [ 60.202764119668387, 51.992744852992523 ], [ 60.003189737716184, 51.992589823361648 ], [ 59.985723104038073, 51.952282207457941 ], [ 60.060757284421157, 51.858670349357112 ], [ 60.138065226129235, 51.888875224212221 ], [ 60.452051229280819, 51.805469463544881 ], [ 60.475512329130645, 51.776194764676667 ], [ 60.35603641774653, 51.692272237373842 ], [ 60.375880167335829, 51.662532451411494 ], [ 60.515096476421277, 51.617909851458492 ], [ 60.937396280913617, 51.611166077352557 ], [ 60.944630981434599, 51.544374287843098 ], [ 61.029380330138089, 51.48267262783947 ], [ 61.473797648242886, 51.425802714024016 ], [ 61.56299117040615, 51.295526429601026 ], [ 61.663656860076053, 51.258396912587479 ], [ 61.534155721109585, 51.206074524119977 ], [ 61.426875448543136, 50.833074036137837 ], [ 61.372098429798648, 50.78248280843485 ], [ 60.718494914208947, 50.652671611105966 ], [ 60.300432576702086, 50.684659323568908 ], [ 60.176719197433023, 50.7421751925311 ], [ 60.136204875054901, 50.844494528599562 ], [ 60.021276489018732, 50.854054667289063 ], [ 59.962158651400607, 50.829508361821397 ], [ 59.915133097114719, 50.673807271888045 ], [ 59.815707641794248, 50.562909648161728 ], [ 59.52280562348075, 50.474646301985267 ], [ 59.451698853519254, 50.537278137975655 ], [ 59.56342330044496, 50.579859517902435 ], [ 59.43764286272792, 50.631122538274575 ], [ 59.273311808293329, 50.615981344563352 ], [ 59.197450806509536, 50.662748516430845 ], [ 58.925942830497249, 50.678148092560384 ], [ 58.747762491745561, 50.79509185840255 ], [ 58.664356730178973, 50.789924215430212 ], [ 58.640998983116582, 50.863408101302838 ], [ 58.550151815453901, 50.893277079373682 ], [ 58.595006959403648, 51.023372498442043 ], [ 58.3779659428739, 51.070656433347736 ], [ 58.308409464725095, 51.150031434403168 ], [ 58.167642862927778, 51.055179341953028 ], [ 57.768804158285327, 51.11967152991717 ], [ 57.722398723422366, 50.908728333245939 ], [ 57.555897257752257, 50.918753560828129 ], [ 57.467633912475073, 50.858498841648242 ], [ 57.334308715874506, 50.897411194471047 ], [ 57.154474732522914, 51.099956971536983 ], [ 56.71605187969049, 51.072465108477964 ], [ 56.688353311955773, 50.969138082056844 ], [ 56.4783402912715, 51.073033549258859 ], [ 56.315456176761181, 50.883820293471736 ], [ 56.158359822847537, 50.905524394135433 ], [ 56.078881469903884, 50.724760233897655 ], [ 55.659992310096989, 50.530043437454658 ], [ 55.467755981453372, 50.656960754934872 ], [ 55.305388630880586, 50.664970602711129 ], [ 55.084006795477244, 50.796900534432112 ], [ 55.047729940084686, 50.884233704621842 ], [ 54.638245890235716, 51.027687480692684 ], [ 54.533756144730212, 51.003244527113239 ], [ 54.54595178354792, 50.9532734179339 ], [ 54.502956990672573, 50.928262024472808 ], [ 54.638245890235716, 50.88573232049017 ], [ 54.67627974481433, 50.602545471396354 ], [ 54.499442993199551, 50.523273824027754 ], [ 54.379760376240398, 50.619443665192996 ], [ 54.478565714835902, 50.853486227407437 ], [ 54.275787394672463, 50.904284160685471 ], [ 54.145356078819979, 50.992650859649423 ], [ 54.111559692126043, 51.096003724492277 ], [ 53.935859822972496, 51.185610656906299 ], [ 53.673860311504164, 51.219872132492874 ], [ 53.594071899298697, 51.289428610641856 ], [ 53.610298300426244, 51.388414815491331 ], [ 53.407313272889269, 51.484171245506552 ], [ 53.165777629534041, 51.514556987514943 ], [ 52.944292440443832, 51.452881165033716 ], [ 52.779754680434166, 51.508123270872183 ], [ 52.545815470107833, 51.459521586352096 ], [ 52.307793823326257, 51.774541117378675 ], [ 52.0917863364702, 51.658708395575957 ], [ 51.869164265818199, 51.673074442931181 ], [ 51.764726196256966, 51.593311870046776 ], [ 51.782296184521293, 51.492852885052592 ], [ 51.69330936703367, 51.454095560961314 ], [ 51.584323771225037, 51.534917501041853 ], [ 51.461850626305299, 51.475282899486238 ], [ 51.3042375084542, 51.471639709904629 ], [ 51.236541382278965, 51.53589935297277 ], [ 51.358962850355226, 51.561479187214708 ], [ 51.371933635528805, 51.629588725439319 ], [ 51.233854207105921, 51.685476786424609 ], [ 50.9254492598754, 51.679689025827855 ], [ 50.767009317925712, 51.759399923667509 ], [ 50.790677124249889, 51.597290955513238 ], [ 50.67089115450316, 51.56752533022977 ], [ 50.694197224722174, 51.611166077352557 ], [ 50.581697632339932, 51.635298971670203 ], [ 50.525370320883617, 51.565587463890338 ], [ 50.527230671957916, 51.470089417192867 ], [ 50.359592326524655, 51.413322856164932 ], [ 50.3253825277814, 51.303458761212887 ], [ 49.986850220061605, 51.229819845709308 ], [ 49.779059285657475, 51.102179056917919 ], [ 49.436547892471268, 51.112333476608633 ], [ 49.347354370307905, 50.964280497446957 ], [ 49.423732136928599, 50.88206329338621 ], [ 49.369420207076963, 50.826769512502956 ], [ 49.144059285307783, 50.781707662078944 ], [ 48.830435018261525, 50.596034241287178 ], [ 48.568280477162283, 50.636548564564578 ], [ 48.673390340292009, 50.579549460439281 ], [ 48.782841024094033, 50.111464335110945 ], [ 48.874101602906634, 50.069813131171053 ], [ 48.885677124099978, 50.019893697036494 ], [ 48.784598022380891, 49.933387350046154 ], [ 48.429890991276253, 49.809673971676439 ], [ 48.239308309031216, 49.864761047884031 ], [ 48.074563843446612, 50.105263163364292 ], [ 47.808223510406648, 50.319927063083476 ], [ 47.599295695340096, 50.452683818003848 ], [ 47.469794555474365, 50.411756084475726 ], [ 47.294766479889113, 50.275433655238999 ], [ 47.322310017992891, 50.237399801559548 ], [ 47.265104207393229, 50.18634348586319 ], [ 47.327632691495459, 50.1092939265734 ], [ 47.308719116094409, 50.044801738609401 ], [ 46.899906860713074, 49.820319315983639 ], [ 46.775108276725611, 49.33254547249561 ], [ 46.979230184025788, 49.244282125419716 ], [ 47.040001668042592, 49.150334371434056 ], [ 46.930034220303007, 49.004038391458593 ], [ 46.753817586312564, 48.914069722939388 ], [ 46.47827884888973, 48.410560405638186 ], [ 47.098912800984976, 48.265375467903532 ], [ 47.103563680019846, 48.101199443099794 ], [ 47.192033731771339, 48.071795553022362 ], [ 47.044239135927349, 47.986219381119554 ], [ 47.158650757126736, 47.871549378401106 ], [ 47.123820841658507, 47.808039042367923 ], [ 47.35967207810387, 47.683343811167909 ], [ 47.412175333724583, 47.835866801311809 ], [ 47.649731893412202, 47.765586854549689 ], [ 48.04448815890143, 47.769695129426722 ], [ 48.174351033973061, 47.71285105403291 ], [ 48.411080770461197, 47.445761413958031 ], [ 48.525078980510457, 47.410233866499709 ], [ 48.697264852191196, 47.100976258547483 ], [ 49.006289917046082, 46.769110210567767 ], [ 48.916889689307773, 46.702576803476703 ], [ 48.764030802379615, 46.682836406674838 ], [ 48.676594279402416, 46.758025614890187 ], [ 48.556704955968939, 46.761746317938197 ], [ 48.455109090312298, 46.660796407428251 ], [ 48.530039917008516, 46.638187968300102 ], [ 48.539393351022305, 46.567959697482031 ], [ 48.917974894026159, 46.474322001858866 ], [ 49.306000196252107, 46.263128973523301 ], [ 49.159678582001021, 46.291937567264867 ], [ 49.150157097072359, 46.335760809313861 ], [ 49.058929884006929, 46.251776433835374 ], [ 49.104746941018554, 46.240668036700519 ], [ 49.114512565802265, 46.151271877495105 ], [ 49.042246941143368, 46.196234441865954 ], [ 48.934825065824128, 46.14191315366908 ], [ 48.931813998017624, 46.085272528304557 ], [ 48.899261915105292, 46.148382880065824 ], [ 48.886973504023949, 46.107814846577881 ], [ 48.839203320976516, 46.149359442184526 ], [ 48.874196811433727, 46.078192450021504 ], [ 48.791351759176329, 46.12824127861213 ], [ 48.817881707374859, 46.056219794707708 ], [ 48.714121940674993, 46.129584051862473 ], [ 48.626963738086076, 46.087307033093076 ], [ 48.729014519504489, 46.019964911551476 ], [ 48.654795768809684, 45.956935940341324 ], [ 48.752207879490101, 45.965562241903967 ], [ 48.791351759176329, 45.840887762560143 ], [ 48.716319207465425, 45.813544012446222 ], [ 48.710134310749872, 45.881822007179856 ], [ 48.554942254181697, 45.967474677214597 ], [ 48.356944207509173, 45.869370834996033 ], [ 48.399424675408426, 45.835394598282114 ], [ 48.288747592427413, 45.837347723418731 ], [ 48.220876497752172, 45.765204169137043 ], [ 48.242849154864572, 45.70990631702292 ], [ 48.078868034732039, 45.751532294080107 ], [ 48.00749759253987, 45.700506903370858 ], [ 47.859141471701591, 45.724188543966086 ], [ 47.818207227081849, 45.608099677258295 ], [ 47.751719597281614, 45.690863348065101 ], [ 47.560069207527903, 45.771551825156592 ], [ 47.626149936370481, 45.709051825281492 ], [ 47.653656445788357, 45.55906810151167 ], [ 47.540700717264279, 45.66583893421943 ], [ 47.432627800232723, 45.694484768657112 ], [ 47.503428582163359, 45.717352606437615 ], [ 47.384776238432643, 45.750189519930373 ], [ 47.427744987840867, 45.676418360918596 ], [ 47.551280143963439, 45.627997137058237 ], [ 47.572113476955387, 45.566961981710079 ], [ 47.542328321095113, 45.537054755472568 ], [ 47.49431399819246, 45.585150458027194 ], [ 47.538259311518004, 45.506496486623568 ], [ 47.496755404838105, 45.429999091285062 ], [ 47.381358268769112, 45.411037501979095 ], [ 47.460134311449295, 45.390814519974079 ], [ 47.384043816169175, 45.299465236531425 ], [ 47.370127800357743, 45.185614325540691 ], [ 47.297129754334648, 45.187445380300069 ], [ 47.201182488181296, 44.970038153537942 ], [ 47.14600670734368, 44.929103908019023 ], [ 47.098806186356477, 44.956366278481006 ], [ 47.078298372871565, 44.785101630036195 ], [ 47.003184441508772, 44.921576238952241 ], [ 47.010020379037257, 44.830064195306399 ], [ 46.961599155176856, 44.765204169336954 ], [ 46.722015821273104, 44.655340887372027 ], [ 46.723155144494299, 44.549465236231661 ], [ 46.680430534941223, 44.528469143036524 ], [ 46.711273634370713, 44.431830145344996 ], [ 47.02564537923088, 44.359605210512072 ], [ 47.122243686197109, 44.222723700638284 ], [ 47.245941602522954, 44.211981511937232 ], [ 47.461924675483367, 43.860296942150171 ], [ 47.441416862897924, 43.8192813169792 ], [ 47.489268424698096, 43.815578518533762 ], [ 47.450938346927209, 43.681870834871198 ], [ 47.365733269474795, 43.620672919319752 ], [ 47.404307488000136, 43.51137929941514 ], [ 47.465342644247627, 43.552150782932273 ], [ 47.54444420733428, 43.865220445267326 ], [ 47.595713737898727, 43.901190496943848 ], [ 47.70150800938714, 43.874497789441428 ], [ 47.601573113308532, 43.765692450146453 ], [ 47.490896030327534, 43.462836005177486 ], [ 47.493418815725825, 43.296332097847987 ], [ 47.570323112921322, 43.333726304225586 ], [ 47.585703972360427, 43.299546617482392 ], [ 47.485850456833106, 43.212836005677154 ], [ 47.461924675483367, 43.020819402993041 ], [ 47.698090039723546, 42.867132879878454 ], [ 47.751800976933531, 42.6366641299457 ], [ 48.378566525448527, 42.434174249827947 ], [ 48.359034499365251, 42.25756980956745 ], [ 48.468266443840989, 41.982303516049029 ], [ 48.674991002295037, 41.780321324353913 ], [ 48.460615585370874, 41.46843525118895 ], [ 48.014597080720506, 41.390250987230026 ], [ 47.871113728815544, 41.208183492074511 ], [ 47.547309205455512, 41.205651347431733 ], [ 47.250841511926183, 41.316032206321317 ], [ 47.239059285157865, 41.415716044060211 ], [ 47.141390828124258, 41.552400208502853 ], [ 47.027030883768248, 41.556947733850812 ], [ 46.902232299780792, 41.712752177470954 ], [ 46.769113811453238, 41.775719910245684 ], [ 46.740795125194857, 41.85124501614461 ], [ 46.567575724739868, 41.786675314713989 ], [ 46.525511108750671, 41.882302552620686 ], [ 46.224340861141854, 41.993484395388577 ], [ 45.947561889369695, 42.022914123887666 ], [ 45.881364379962129, 42.102030742524718 ], [ 45.631405476781332, 42.201171977005117 ], [ 45.736411987123518, 42.447539368347151 ], [ 45.698688191806617, 42.507587381952099 ], [ 45.355970093045336, 42.519963887923062 ], [ 45.155362182318811, 42.693260804542497 ], [ 45.029788451975449, 42.688764954239218 ], [ 44.859359579481008, 42.759509989894106 ], [ 44.77347334831645, 42.609648337400806 ], [ 44.679422242442499, 42.723672384073268 ], [ 44.508114868106709, 42.750285746190272 ], [ 44.272005249242902, 42.702381694559499 ], [ 44.197384480909037, 42.629104512463236 ], [ 43.939725789213767, 42.552209981905101 ], [ 43.722581420795919, 42.624867045477821 ], [ 43.800612833815194, 42.746461690354735 ], [ 43.155587605883312, 42.942392884523997 ], [ 42.998852986276283, 43.042205913472117 ], [ 43.000093221524949, 43.098662415238252 ], [ 42.829767700019381, 43.168761494847146 ], [ 42.615207153087631, 43.136980490657123 ], [ 42.354551228756172, 43.236018372349982 ], [ 42.043355754464507, 43.180569560037199 ], [ 41.577544393159222, 43.215296123617229 ], [ 41.380657185480729, 43.334772034102045 ], [ 41.011790813495253, 43.375415548588663 ], [ 40.651916138519006, 43.538971456667362 ], [ 40.51962447069279, 43.505175069074163 ], [ 40.233130331499645, 43.575765075997424 ], [ 40.096704549475454, 43.562639262092269 ], [ 39.962575716895806, 43.392645575133123 ], [ 39.329356315741343, 43.896226304000741 ], [ 38.75831139405561, 44.273627020070862 ], [ 38.217295768984584, 44.387193101380483 ], [ 38.056162957354587, 44.558986721160281 ], [ 37.984548373508702, 44.564276434509821 ], [ 37.778493686434437, 44.729803777921973 ], [ 37.800059440790619, 44.63523997664354 ], [ 37.49870853017449, 44.668402411442131 ], [ 37.371104362676171, 44.74787018386192 ], [ 37.306000195952308, 44.909654039002632 ], [ 37.191905144207041, 44.991034247632477 ], [ 36.593109571449517, 45.164780992548742 ], [ 36.586192254269108, 45.202826238839798 ], [ 36.96168053502862, 45.282945053871153 ], [ 36.947276237708202, 45.320217189871421 ], [ 36.788828971679635, 45.292181708219232 ], [ 36.758067253700837, 45.354234117310632 ], [ 36.802500846736692, 45.312689519905476 ], [ 36.847504101832833, 45.367336330307388 ], [ 36.781586134092819, 45.38764069196435 ], [ 36.668142123160472, 45.326361394962369 ], [ 36.705088737854986, 45.391017970902602 ], [ 36.833262566514257, 45.44301992462978 ], [ 37.139414909870226, 45.335516669658539 ], [ 37.078379754522004, 45.238959052518247 ], [ 37.31918379039962, 45.271673895633768 ], [ 37.158946160336988, 45.326076565281276 ], [ 37.38135826896896, 45.306463934263135 ], [ 37.519297722411956, 45.369289455444004 ], [ 37.504730664888299, 45.33380768437712 ], [ 37.60084069124489, 45.33136627863081 ], [ 37.591075066461208, 45.289374091341237 ], [ 37.635101759438633, 45.33380768437712 ], [ 37.729258659759317, 45.301662502422531 ], [ 37.699880404856792, 45.33917877827804 ], [ 37.758067254400245, 45.402044989284768 ], [ 37.717051629229331, 45.388983466114055 ], [ 37.702891471763962, 45.457261459948448 ], [ 37.744395379343295, 45.450425523319218 ], [ 37.635101759438633, 45.608099677258295 ], [ 37.640798372846703, 45.455959377423333 ], [ 37.586273633721234, 45.432440497031266 ], [ 37.595062696386336, 45.635321356095687 ], [ 37.626475456976706, 45.668280340865024 ], [ 37.702891471763962, 45.621771552315245 ], [ 37.666840040435488, 45.669012762229158 ], [ 37.829437695693073, 45.75315989791094 ], [ 37.940114780472747, 46.020331122683174 ], [ 38.097504102032644, 46.057806708712675 ], [ 38.032481315860032, 46.025213934175767 ], [ 38.073985222540031, 46.025213934175767 ], [ 38.041840039686086, 45.961086330469755 ], [ 38.080332879458815, 45.946356511843511 ], [ 38.001231316372156, 45.832586981404084 ], [ 38.039561394143043, 45.816066799643067 ], [ 38.167491082047832, 46.120510158616952 ], [ 38.248789910126213, 46.141546942537346 ], [ 38.427419467434454, 46.038275458245778 ], [ 38.559906446425352, 46.032660223590412 ], [ 38.570811394430258, 46.104681708394153 ], [ 38.300059440690625, 46.218654690661424 ], [ 38.122894727010042, 46.377508855849001 ], [ 37.980642123235462, 46.400336005602128 ], [ 37.99537194096235, 46.354437567140003 ], [ 37.905039910363556, 46.411037502678667 ], [ 37.730723504286281, 46.670111395424541 ], [ 37.982269727066289, 46.617499091609808 ], [ 38.271739129357307, 46.732367255444444 ], [ 38.313649936095693, 46.676336981066832 ], [ 38.575450066067724, 46.653794664592056 ], [ 38.585785352012401, 46.69586823153363 ], [ 38.513438346802282, 46.73248932492239 ], [ 38.378184440759327, 46.708156643514322 ], [ 38.41472415539549, 46.833319403467641 ], [ 38.803721550109415, 46.893540756900421 ], [ 39.075205925213275, 47.032660223390607 ], [ 39.280039910313569, 47.012762762691324 ], [ 39.303558789806281, 47.084702866943772 ], [ 39.388682488505985, 47.115179755241506 ], [ 39.280039910313569, 47.087836005127535 ], [ 39.264008009162282, 47.260809637055125 ], [ 39.08814537890607, 47.286444403686232 ], [ 38.944590690807757, 47.252752997552761 ], [ 38.937754754178492, 47.189764716168654 ], [ 38.8474227217812, 47.163560289275885 ], [ 38.568044467378243, 47.115179755241506 ], [ 38.478037957185919, 47.142482815529505 ], [ 38.559906446425352, 47.218207097879286 ], [ 38.775645379530644, 47.245510158167214 ], [ 38.810394727434698, 47.287827867661925 ], [ 38.553396030202677, 47.22980377832171 ], [ 38.427907748044191, 47.133530992661157 ], [ 38.216658637985773, 47.103267004468655 ], [ 38.203486776093854, 47.192314352625274 ], [ 38.300948526653173, 47.2760301725544 ], [ 38.190567667763673, 47.316906230138386 ], [ 38.319035277955692, 47.591308085100046 ], [ 38.734513793976411, 47.677142639421263 ], [ 38.830942016660778, 47.848243306383452 ], [ 39.759050740898964, 47.83294708304139 ], [ 39.796154419490868, 47.961363017289386 ], [ 39.759877563199005, 48.014951478527905 ], [ 39.842973266403114, 48.036397197672507 ], [ 39.843076619190626, 48.119751282395747 ], [ 39.993248331845074, 48.273230286048822 ], [ 39.81589481629274, 48.308163554304599 ], [ 39.924105265745354, 48.3761180628983 ], [ 39.835325154732018, 48.573470358570169 ], [ 39.631720011369374, 48.586906229938556 ], [ 39.779411255325194, 48.807719625460344 ], [ 39.975264933329967, 48.789684550101853 ], [ 40.053813110286804, 48.86921457988894 ], [ 39.758740682536484, 48.895414530855859 ], [ 39.673991332933717, 48.970138651977251 ], [ 39.681122680667123, 49.020316468530154 ], [ 39.918730916298777, 49.047808330689897 ], [ 39.952113891842629, 49.124547832516441 ], [ 40.141663045313301, 49.245780741288179 ], [ 40.159543091040867, 49.333579000370584 ], [ 40.034899535784952, 49.487058004023659 ], [ 40.130707641744259, 49.579817201402726 ], [ 39.998105916454826, 49.608239238649894 ], [ 39.801528768038182, 49.542196757074642 ], [ 39.622935018136616, 49.613458558465716 ], [ 39.557512655084963, 49.723994446086792 ], [ 39.26088993372349, 49.744509990143911 ], [ 39.155780069694494, 49.87359771796033 ], [ 38.937395466927285, 49.803472799030452 ], [ 38.687281535014804, 49.913801981975851 ], [ 38.664647257464921, 49.965168356034781 ], [ 38.356035603760056, 49.98056793216432 ], [ 38.299914998778156, 50.060511373101335 ], [ 38.17392785638544, 50.060149637895442 ], [ 38.166176391926903, 49.940570374623064 ], [ 38.000398396668672, 49.899797668927249 ], [ 37.915855754439555, 50.003305563400978 ], [ 37.727650187206308, 50.078701477191395 ], [ 37.597115519465589, 50.196937154226227 ], [ 37.599182576114927, 50.290884908211943 ], [ 37.480016723992563, 50.34002919509124 ], [ 37.415214477665977, 50.431858216483477 ], [ 36.848634073903398, 50.323699442974871 ], [ 36.594386026893673, 50.204430237165774 ], [ 36.410004516395368, 50.304579162898037 ], [ 36.269031209023062, 50.281376445466563 ], [ 36.105837036150234, 50.42110951848948 ], [ 35.837429646461004, 50.42322825108289 ], [ 35.696869751138095, 50.345145162119529 ], [ 35.611396932022785, 50.351708069072103 ], [ 35.540806925099531, 50.450048320573551 ], [ 35.425258423237622, 50.5004845186456 ], [ 35.377716105014272, 50.621820781104205 ], [ 35.46887333193871, 50.668536275228917 ], [ 35.341749307984159, 50.915859680080125 ], [ 35.284801879802949, 50.944333395070068 ], [ 35.278083944118727, 50.992650859649423 ], [ 35.355081827464389, 51.025594585621626 ], [ 35.143621866855703, 51.058486633851068 ], [ 35.078716267741576, 51.207624816831839 ], [ 34.674916625701663, 51.167678935234626 ], [ 34.608357381088325, 51.234005635851425 ], [ 34.185954223808409, 51.248914286465101 ], [ 34.308737427090662, 51.334619650476455 ], [ 34.185850871020875, 51.394150899244558 ], [ 34.223678019125281, 51.514763692190606 ], [ 34.089112589074745, 51.666614889665425 ], [ 34.376330200478364, 51.708601990389518 ], [ 34.412710408658498, 51.777693380545045 ], [ 34.096243936808257, 51.951817119464479 ], [ 34.06534143086234, 52.158626201038324 ], [ 33.804065388906615, 52.354609070252387 ], [ 33.510078165874717, 52.287533061701545 ], [ 33.480519246166267, 52.35776133341875 ], [ 33.182862996030437, 52.367295635485164 ], [ 32.908977905006289, 52.241101787517465 ], [ 32.394280639240087, 52.326807150629499 ], [ 32.35355961128699, 52.321587829914428 ], [ 32.366995484454094, 52.24719960647662 ], [ 32.233308553546905, 52.080853170437493 ], [ 31.910382528430958, 52.029073385228585 ], [ 31.858706095110186, 52.099870096827551 ], [ 31.764344929974524, 52.100567729716978 ], [ 31.682386108332238, 52.201931051376953 ], [ 31.699439330860397, 52.251462910984529 ], [ 31.567354370407859, 52.311381734279578 ], [ 31.608075398360988, 52.372463278457637 ], [ 31.550559529398782, 52.511886292218726 ], [ 31.628642618362097, 52.54805979482375 ], [ 31.480641316943224, 52.682470195243376 ], [ 31.570248250256508, 52.725258281644415 ], [ 31.560843139399388, 52.787063294435505 ], [ 31.247063842722152, 53.014387919167127 ], [ 31.363697550201817, 53.088776144403532 ], [ 31.416355835453466, 53.199983826492378 ], [ 31.738558390157511, 53.192542419497052 ], [ 31.79628096649343, 53.112392272985034 ], [ 31.930743041957822, 53.088336893932556 ], [ 32.201114136408258, 53.097561138535688 ], [ 32.423632853373554, 53.204402161530496 ], [ 32.479133342529721, 53.274914653188659 ], [ 32.454845419480492, 53.300442811486562 ], [ 32.717465046774549, 53.33493682927125 ], [ 32.70123864744567, 53.462112529169858 ], [ 32.429420613970123, 53.561589661333798 ], [ 32.399086547905803, 53.635383606468253 ], [ 32.490192097986935, 53.677138163195664 ], [ 32.442133015826023, 53.713931783425025 ], [ 32.083601928885948, 53.809636536596933 ], [ 31.744656209116794, 53.794857076293056 ], [ 31.837932170433305, 53.962133687419765 ], [ 31.822635945292674, 54.053445943975134 ], [ 31.324681843692144, 54.229249165916258 ], [ 31.209029988143431, 54.448047181632127 ], [ 31.064646036984985, 54.492282206158947 ], [ 31.167947224984449, 54.621576640449568 ], [ 30.770607137109682, 54.786011048571034 ], [ 30.814842163435088, 54.928017884717654 ], [ 30.917368205078581, 54.953959452366838 ], [ 30.913234089981231, 55.024601135234136 ], [ 31.0056315512551, 55.022999167477622 ], [ 30.959794555374465, 55.162577209970244 ], [ 30.794274943433919, 55.285515441984145 ], [ 30.918298380166132, 55.38778310210845 ], [ 30.886155639870886, 55.600483297066503 ], [ 30.742185098963127, 55.59438547810732 ], [ 30.468816772775803, 55.793520610487818 ], [ 30.20025435345563, 55.857986959130898 ], [ 30.106254924425183, 55.821916809313279 ], [ 29.907817423135548, 55.843207500625667 ], [ 29.805704794440711, 55.771454774618128 ], [ 29.684161825507886, 55.770602112097833 ], [ 29.480866740507626, 55.68109853247126 ], [ 29.35074548301759, 55.766054585850561 ], [ 29.38412845946084, 55.879949443112309 ], [ 29.444434855484225, 55.906924540435192 ], [ 29.377410522877355, 55.954027608187538 ], [ 29.030765015493031, 56.024178366438456 ], [ 28.808969767141104, 55.934571432225809 ], [ 28.706392050452742, 55.959841207205891 ], [ 28.611462442737515, 56.088463847028947 ], [ 28.389770548072359, 56.088567200715723 ], [ 28.310912312753036, 56.042678527991725 ], [ 28.169112182181426, 56.125257467258344 ], [ 28.217274617129878, 56.270726624034509 ], [ 28.164254598470936, 56.437951559217119 ], [ 28.093251180397658, 56.501591086459428 ], [ 28.12611739110471, 56.547763977325722 ], [ 28.010982299493524, 56.587554830191202 ], [ 27.98100996953449, 56.68700612393345 ], [ 27.865461466773219, 56.742687480242978 ], [ 27.913520548034864, 56.820150452481357 ], [ 27.786396524979683, 56.871258443222636 ], [ 27.628369995079225, 56.844154155589834 ], [ 27.750739786312085, 57.042359111084075 ], [ 27.682216837836808, 57.103699035881817 ], [ 27.82432702677087, 57.159070332929531 ], [ 27.840295043681301, 57.290638529444536 ], [ 27.511322876449604, 57.430397440889223 ], [ 27.528169393402823, 57.528479309072857 ], [ 27.352934611343262, 57.527600809929481 ], [ 27.328543335506588, 57.570569763483768 ], [ 27.384870646063462, 57.606975810085558 ], [ 27.391433553016039, 57.680201314439117 ], [ 27.50775720213322, 57.714772847488931 ], [ 27.502434530429309, 57.772547098869474 ], [ 27.553852580432299, 57.794767965269337 ], [ 27.524603719086432, 57.807299499971911 ], [ 27.799315633309796, 57.861068827464443 ], [ 27.664956908834203, 57.918403829273316 ], [ 27.673911514204995, 58.040477453071979 ], [ 27.890269147603156, 57.95570058421459 ], [ 27.84199343045243, 57.921259981662821 ], [ 27.960622173274718, 57.855028052502583 ], [ 28.126643541266372, 57.859149150812712 ], [ 28.16962070383239, 57.91713888335282 ], [ 28.151075764135239, 58.014573409635148 ], [ 27.945609603300522, 58.175884951629229 ], [ 27.609740134199839, 58.134968338218194 ], [ 27.592372650777175, 58.226809945622513 ], [ 27.506712689938656, 58.237112689598902 ], [ 27.54321384164545, 58.322478287043268 ], [ 27.651245476197754, 58.308643172444462 ], [ 27.629756894465061, 58.356918889595086 ], [ 27.833162507044101, 58.472015263593548 ], [ 27.829924501614407, 58.572982158699617 ], [ 27.761926387592712, 58.667473043845902 ], [ 27.794012077595387, 58.862636459804783 ], [ 27.727191420747413, 58.915033274366074 ], [ 27.715230558043853, 58.995784409023202 ], [ 27.897922614736867, 59.231180347495012 ], [ 27.94649269528168, 59.278572971765179 ], [ 28.007131705563754, 59.237950721748405 ], [ 28.10280004698458, 59.274157510061038 ], [ 28.085726927855468, 59.149052755480319 ], [ 28.225255523823407, 59.303299558028172 ], [ 28.301201468373097, 59.258261847206406 ], [ 28.304733838096116, 59.296529183774794 ], [ 28.493126879801725, 59.306537563457766 ], [ 28.274708697248617, 59.314191031490985 ], [ 28.0385775144407, 59.462986552087685 ], [ 28.072601758764169, 59.578029690717649 ], [ 28.00017337300277, 59.681382554661127 ], [ 28.007009311430561, 59.758246161131488 ], [ 28.123871290227846, 59.792303778396615 ], [ 28.223887565958339, 59.691107489618901 ], [ 28.37525475370396, 59.666327216527833 ], [ 28.476084832249196, 59.851752020639204 ], [ 28.832530144050896, 59.786525783538089 ], [ 28.976328972004456, 59.831284897879712 ], [ 29.034434440996662, 59.886704820371214 ], [ 28.980235222277692, 59.929877020708005 ], [ 29.161387565883494, 60.002630926875781 ], [ 30.161957226844599, 59.86847565332868 ], [ 30.246104363425612, 59.974920966529346 ], [ 29.948252800326497, 60.029689846409269 ], [ 29.848968945960099, 60.16693756741482 ], [ 29.701019726978849, 60.200506903170989 ], [ 29.052012566326916, 60.184271551990555 ], [ 28.799489780528948, 60.36884186436059 ], [ 28.746348504479926, 60.342108466132871 ], [ 28.616953972048208, 60.381984768082532 ], [ 28.438975457351518, 60.559881903127341 ], [ 28.702810092112038, 60.461167709921838 ], [ 28.644541862916665, 60.669745184192969 ], [ 28.734548373108954, 60.692816472901939 ], [ 28.690440300479441, 60.738470770609553 ], [ 28.400563998130039, 60.665269273658005 ], [ 28.215830924657471, 60.547552802220039 ], [ 27.807871941536845, 60.553045966498246 ], [ 28.480927774996857, 60.933465271405126 ], [ 28.614563029060577, 60.961938985495813 ], [ 28.797600952421973, 61.096840312330549 ], [ 29.203157592748742, 61.245900980945457 ], [ 30.647720581039923, 62.192768250054648 ], [ 30.925636433474615, 62.302115581069273 ], [ 31.243756550824109, 62.503343608520758 ], [ 31.569524779844741, 62.905928854632954 ], [ 31.262773478113537, 63.100593974232559 ], [ 31.203965697958601, 63.212680155464888 ], [ 30.461065307418032, 63.472870993601482 ], [ 29.980784545970028, 63.741536763910567 ], [ 30.201546265547702, 63.792644756450336 ], [ 30.552325887130003, 64.021726379468845 ], [ 30.586432332186348, 64.084668275620459 ], [ 30.532792195903077, 64.162544658109468 ], [ 30.55847538203319, 64.219698791865724 ], [ 30.032460978391427, 64.396948955529922 ], [ 30.070391479283376, 64.471879781326876 ], [ 29.954842977421436, 64.568979798478892 ], [ 30.180824015016253, 64.642773743613418 ], [ 30.118863973493546, 64.767934061907454 ], [ 29.780279988930346, 64.795580954597355 ], [ 29.633622273748976, 64.907150370992795 ], [ 29.598378947130772, 65.034377746835546 ], [ 29.850198201385865, 65.12150421145013 ], [ 29.808185262240105, 65.13530181892385 ], [ 29.833196654801846, 65.205013327602956 ], [ 29.580085490253182, 65.235399069611347 ], [ 29.720128622537899, 65.329088440279307 ], [ 29.726329793385226, 65.491507467695484 ], [ 29.83857100424849, 65.564888001679876 ], [ 29.7028686935354, 65.629380189644053 ], [ 30.098503459067448, 65.656381124489243 ], [ 30.111732624860768, 65.712010803955465 ], [ 29.90016931146458, 66.108058981536729 ], [ 29.650882201852149, 66.2878929648884 ], [ 29.524481648309475, 66.491213888310241 ], [ 29.051538940169916, 66.90780344747111 ], [ 29.099908080693346, 66.9912092081384 ], [ 29.519830770173929, 67.298167216343984 ], [ 29.916240682061886, 67.50812856108422 ], [ 30.009413289691622, 67.685843811842446 ], [ 29.651192261113966, 67.823561503260748 ], [ 29.330850057484216, 68.07269358324227 ], [ 28.690320678956173, 68.183177796717942 ], [ 28.447441446665508, 68.514888815066783 ], [ 28.801476684201578, 68.835489400215636 ], [ 28.410234415286094, 68.898534648255406 ], [ 29.120268595119608, 69.046846008936186 ], [ 29.240467976915589, 69.115058899048876 ], [ 29.376790405253015, 69.301610819883408 ], [ 29.967141968127315, 69.373492737100165 ], [ 30.224697306135774, 69.540821025070215 ], [ 30.220149779888438, 69.60024892195014 ], [ 30.119070679068624, 69.634562073480907 ], [ 30.511656535121041, 69.53632517656564 ], [ 30.85297936990202, 69.527436829645907 ], [ 30.927031697454854, 69.578389792554901 ], [ 30.927703491023323, 69.672130839166897 ], [ 30.840993685909865, 69.80585358287658 ], [ 31.409027539789154, 69.715806381958956 ], [ 31.296722852077956, 69.612616278218653 ], [ 31.477793816031767, 69.697658596367106 ], [ 31.810557488137615, 69.687730210480822 ], [ 31.700856967275225, 69.736558335298923 ], [ 31.710948113364747, 69.827378648306023 ], [ 31.848155144544275, 69.852850652935274 ], [ 32.098887566308171, 69.791896877239139 ], [ 31.913340690920158, 69.936183986701622 ], [ 32.054453972372919, 69.963771877570068 ], [ 32.267263217323553, 69.876288153675375 ], [ 32.488291862879194, 69.850897528697971 ], [ 32.523203971885813, 69.803168036375737 ], [ 33.133311394505299, 69.728664455100485 ], [ 33.106700065755454, 69.648911851200921 ], [ 32.87175540528775, 69.582505601052603 ], [ 32.169688347339374, 69.654852606262821 ], [ 32.173675977264494, 69.728664455100485 ], [ 32.111664258898386, 69.752875067030743 ], [ 32.101573112808872, 69.673976954872586 ], [ 31.968272331902682, 69.654201565449839 ], [ 32.055918816000577, 69.636542059568328 ], [ 32.016123893702698, 69.564195054358279 ], [ 32.399099155501681, 69.584214585434722 ], [ 32.433848504304969, 69.564195054358279 ], [ 32.392100456870587, 69.536851304244308 ], [ 32.501963737936144, 69.51703522319697 ], [ 32.193614128689084, 69.434515692245455 ], [ 32.536875846942735, 69.509588934681631 ], [ 32.899261914705619, 69.482245184567645 ], [ 32.769541862766737, 69.414007880559211 ], [ 33.084971550296771, 69.476060289650604 ], [ 32.861827019401431, 69.365220445567104 ], [ 32.823496940731211, 69.30121491133913 ], [ 32.989268424897908, 69.393540756900393 ], [ 33.317637566120773, 69.451239324934875 ], [ 33.523692254094264, 69.428290106603214 ], [ 33.37598717496823, 69.307562567358588 ], [ 33.235118035169222, 69.270005601677212 ], [ 33.447764519017383, 69.288397528023523 ], [ 33.475922071046739, 69.270005601677212 ], [ 33.296560092374335, 69.229071356158116 ], [ 33.544200065780373, 69.208563544472 ], [ 33.060557488337423, 69.083319403067946 ], [ 33.016368035156759, 69.038723048929526 ], [ 33.023448113439677, 68.954738674350409 ], [ 33.06430097750809, 69.057766017887445 ], [ 33.426605664719631, 69.104681708294152 ], [ 33.57618248843108, 69.199204820645988 ], [ 33.571543815894344, 69.304144598594277 ], [ 33.723968946309832, 69.336818751883925 ], [ 33.722341342478906, 69.304144598594277 ], [ 33.873220247816214, 69.310980536122841 ], [ 33.852061394417795, 69.338934637223701 ], [ 34.420583529806031, 69.310980536122841 ], [ 34.982269726766432, 69.229071356158116 ], [ 34.972666863085223, 69.193345445236105 ], [ 35.264170769265554, 69.215399481101159 ], [ 35.147471549772241, 69.270005601677212 ], [ 35.18262780043262, 69.279933986664162 ], [ 35.873545768722238, 69.194891669415057 ], [ 37.680511915492538, 68.713446356064424 ], [ 38.066579622951281, 68.509670315432743 ], [ 38.329844597450176, 68.442206122614522 ], [ 38.391286654655389, 68.399481512162097 ], [ 38.388682487806605, 68.343166408103244 ], [ 38.765391472338528, 68.29059479411444 ], [ 38.510101759488613, 68.365464585622078 ], [ 38.639170768815916, 68.384955145363605 ], [ 39.520762566539261, 68.075995184230408 ], [ 39.859548373358784, 68.046616929327811 ], [ 39.709808790343423, 68.168768622374046 ], [ 39.793223503761709, 68.164740302622889 ], [ 39.912852410510318, 68.122870183911829 ], [ 40.004405143982211, 68.01984284127407 ], [ 40.410655144519261, 67.875067450302524 ], [ 40.321543815894437, 67.844916083310636 ], [ 40.46680748837489, 67.761175848586575 ], [ 40.654633009305989, 67.814601955215991 ], [ 40.800629102251271, 67.728216864716487 ], [ 40.923187696255127, 67.734523830010687 ], [ 41.039886914849177, 67.677801824994248 ], [ 40.999278191535346, 67.467474677414401 ], [ 41.150075717220574, 67.423488674262885 ], [ 41.108897331846379, 67.253810939823026 ], [ 41.339691602185731, 67.223822333034207 ], [ 41.335703972260468, 67.159654039502357 ], [ 41.390391472488446, 67.124904690698912 ], [ 41.342539909788997, 67.087347723218841 ], [ 41.360036655467269, 67.013617254932313 ], [ 41.267344596975583, 66.988348700332267 ], [ 41.304698113527124, 66.9498965521841 ], [ 41.178070509046755, 66.809556381921553 ], [ 40.744965039904685, 66.597357488856971 ], [ 40.565603061232309, 66.455755927693929 ], [ 40.084971549797196, 66.288763738855494 ], [ 39.343597851959245, 66.134711005508478 ], [ 38.554372592321293, 66.054999091434894 ], [ 37.655528191472861, 66.123114325065998 ], [ 36.887380404681906, 66.285223700613287 ], [ 35.55779056078579, 66.38703034127721 ], [ 34.803558789806274, 66.613511460385567 ], [ 34.480153842425857, 66.53758372620797 ], [ 34.355967643691798, 66.629787502291421 ], [ 34.503184441308932, 66.638251044550088 ], [ 34.521657748206586, 66.657171942231358 ], [ 34.092295769134417, 66.672430731293147 ], [ 34.161143425029053, 66.735093492270906 ], [ 34.141368034707071, 66.773830470999414 ], [ 34.069021030396257, 66.701849676921029 ], [ 33.947276238307779, 66.684881903477063 ], [ 33.832692905053534, 66.695542709828146 ], [ 33.592051629379164, 66.830715236219135 ], [ 33.605642122985586, 66.789740302672811 ], [ 33.519541863066536, 66.802191473058059 ], [ 33.626149936470405, 66.748114325615674 ], [ 33.523692254094264, 66.782294012358776 ], [ 33.571543815894344, 66.741929428899994 ], [ 33.488942905290813, 66.768622137301747 ], [ 33.55787194083743, 66.727687893581418 ], [ 33.517100457320232, 66.724188544265871 ], [ 33.100596550490394, 66.858140366884399 ], [ 32.804860872731084, 67.010321356545376 ], [ 32.817393425466285, 67.063421941869137 ], [ 32.968760613211799, 67.090765691983108 ], [ 32.929942253931834, 67.100002346331195 ], [ 32.382578971942024, 67.159654039502357 ], [ 31.850922070697056, 67.152818101074544 ], [ 32.261973503973969, 67.1249860703509 ], [ 32.358083530330696, 67.070257880297007 ], [ 32.314138217005151, 67.060248113859359 ], [ 32.549815299736323, 67.000067450252573 ], [ 32.506683790124825, 66.948919989166171 ], [ 32.392100456870587, 66.953558661702857 ], [ 32.495860221771814, 66.93309153894343 ], [ 32.420176629248019, 66.885931708681426 ], [ 32.54542076885344, 66.883002020526803 ], [ 32.934743685772439, 66.741929428899994 ], [ 32.769541862766737, 66.741929428899994 ], [ 33.324473504548564, 66.645738022891422 ], [ 32.865244988165699, 66.5979678416426 ], [ 32.901377800045431, 66.574774481656959 ], [ 33.259613476780487, 66.618394273676756 ], [ 33.536794467090985, 66.535874741825936 ], [ 33.192718946022524, 66.578802802307436 ], [ 32.940928582488084, 66.528469143136448 ], [ 33.228688997699088, 66.532863674019367 ], [ 33.508636915061636, 66.4638125671962 ], [ 33.602224155120695, 66.501654364357449 ], [ 33.633636914811802, 66.47406647348889 ], [ 33.585215690951394, 66.460150458576848 ], [ 33.735362174924475, 66.426011459861016 ], [ 33.516286655404876, 66.4055036481748 ], [ 33.674571160330743, 66.357123114140379 ], [ 33.629079622826353, 66.344305730824772 ], [ 33.310801629491614, 66.316799221406939 ], [ 33.598806186356434, 66.330389715912631 ], [ 33.89966881636272, 66.228908596554447 ], [ 34.102793816181695, 66.246893621943059 ], [ 34.161387565783535, 66.185492255463274 ], [ 34.552989129145047, 66.09369538033755 ], [ 34.722911004339373, 65.98777903937119 ], [ 34.660899285073938, 65.953029690567774 ], [ 34.716075065911518, 65.932562566908928 ], [ 34.695078971817061, 65.909491278199923 ], [ 34.852386915523745, 65.900336005302393 ], [ 34.825368685816173, 65.843207098428834 ], [ 34.899668816162865, 65.823716539586641 ], [ 34.87061608166681, 65.774481512012116 ], [ 34.968597851709475, 65.727728583607259 ], [ 34.900401238426426, 65.706000067249306 ], [ 34.688731315797547, 65.809719143223845 ], [ 34.688731315797547, 65.727728583607259 ], [ 34.757009311430622, 65.713446356664065 ], [ 34.69499759216518, 65.686183986201939 ], [ 34.776621941549365, 65.596584376967371 ], [ 34.633474155308051, 65.487494207991347 ], [ 34.681895379168353, 65.453355210174834 ], [ 34.510915561304088, 65.45551178624001 ], [ 34.510590039998348, 65.411810614568253 ], [ 34.297048372784218, 65.385077216340505 ], [ 34.4629012384014, 65.364406643551746 ], [ 34.479746941468136, 65.281073308886121 ], [ 34.640310091937202, 65.241156317110367 ], [ 34.60621178484606, 65.226874091066492 ], [ 34.681895379168353, 65.200140691939339 ], [ 34.626719597431503, 65.17218659083845 ], [ 34.663096550065717, 65.126776433885311 ], [ 34.773692254294076, 65.100246486586059 ], [ 34.754405143682405, 65.054877020358219 ], [ 34.816091342541441, 65.043402411192289 ], [ 34.702403190854561, 64.98041413070753 ], [ 34.942067905309564, 64.85757070522385 ], [ 34.757009311430622, 64.774359441834733 ], [ 35.009030612772563, 64.743184417027209 ], [ 34.832286003895923, 64.697943427047505 ], [ 34.977591778138091, 64.611916583283673 ], [ 34.743337436373601, 64.555853583476051 ], [ 35.008964016176407, 64.493906277252918 ], [ 34.955577019264005, 64.452215887153443 ], [ 35.013988861197035, 64.423321446827359 ], [ 35.30730227977638, 64.372219143398695 ], [ 35.348752117416275, 64.296073257075221 ], [ 35.589069842199486, 64.322312605542294 ], [ 35.618157771663824, 64.340428681038787 ], [ 35.582530144050985, 64.411281643433071 ], [ 35.810801628992003, 64.342027085681494 ], [ 35.976735873361939, 64.198960679092025 ], [ 36.059789657366821, 64.218132770910671 ], [ 36.227210561118454, 64.13620551637149 ], [ 36.222138856023427, 64.075298782412887 ], [ 36.292165560891881, 64.009711005258723 ], [ 36.703461134024153, 63.924627997284311 ], [ 37.194183789750085, 63.890814519874112 ], [ 37.278981967144077, 63.82221100563337 ], [ 37.437810567303806, 63.792280503142663 ], [ 37.608423075064813, 63.815586401591212 ], [ 37.657391082232671, 63.898636898574004 ], [ 37.984629754059917, 63.945746160856615 ], [ 38.073741081785542, 64.017401434528551 ], [ 38.045664910307345, 64.148342190239873 ], [ 37.902028841657682, 64.239935614437016 ], [ 38.020192904778689, 64.308539130476461 ], [ 37.908864780085537, 64.342962957974137 ], [ 37.956716341885652, 64.364081122445867 ], [ 37.832525231953873, 64.358333571437171 ], [ 37.749026731398516, 64.441713929853961 ], [ 37.629893424841704, 64.377020575239399 ], [ 37.33943428986057, 64.340442000897625 ], [ 37.121500624254388, 64.394739991257566 ], [ 36.744116378368105, 64.681046003070534 ], [ 36.559760947309904, 64.717422723679718 ], [ 36.504242384478417, 64.835842190664536 ], [ 36.572520379212087, 64.82957591429701 ], [ 36.439952018770562, 64.917059637292468 ], [ 36.631017159414384, 64.904162555157782 ], [ 36.807444256347374, 64.95905229762549 ], [ 36.867360872706165, 65.075995183930644 ], [ 36.820001696920841, 65.147141283943085 ], [ 37.007677058049829, 65.172976826019777 ], [ 37.672660279148559, 65.035662967971632 ], [ 37.794594757142328, 64.920614884869011 ], [ 38.046434246143505, 64.853671569487318 ], [ 38.385021487151889, 64.844626712652641 ], [ 38.403005405475099, 64.774359441834733 ], [ 38.066579622951281, 64.781195380262602 ], [ 38.045420768653486, 64.743719794233186 ], [ 38.125743035512677, 64.695949611185654 ], [ 38.048106316053619, 64.645941473320306 ], [ 38.339040561073091, 64.758368231408781 ], [ 38.472504102182619, 64.743475653478583 ], [ 38.491709832242968, 64.767523505205602 ], [ 38.416026237920576, 64.802313543834927 ], [ 38.448030871127848, 64.817878104191237 ], [ 39.330821160268364, 64.639715887678051 ], [ 39.566524317043566, 64.545267992823568 ], [ 39.923594597412709, 64.603013414637402 ], [ 39.786387566233223, 64.59686920864705 ], [ 39.850352409735898, 64.675970769935063 ], [ 40.181651238214044, 64.558661200354138 ], [ 40.51710045682065, 64.54144928615564 ], [ 40.41089928527375, 64.736802476153372 ], [ 40.517344596675812, 64.774115301979577 ], [ 40.436859571412143, 64.809149481363406 ], [ 40.273122592034035, 65.021429754979181 ], [ 40.114024285192613, 65.074693101405487 ], [ 39.740896030527431, 65.356512762454017 ], [ 39.709483269037619, 65.447699286592837 ], [ 39.749278191335534, 65.552069403380244 ], [ 40.471690299867419, 65.812811591581635 ], [ 40.710134311449302, 65.972316799380749 ], [ 41.342539909788997, 66.06289297163336 ], [ 41.643565299998556, 66.172756252698946 ], [ 42.200938347526666, 66.532171942481185 ], [ 42.661468946434695, 66.44334544533605 ], [ 42.5485945966633, 66.385077216140573 ], [ 43.302093946278589, 66.426011459861016 ], [ 43.367198113002488, 66.347154039327449 ], [ 43.555349155239284, 66.323635158036154 ], [ 43.692637566070793, 66.237209377710613 ], [ 43.288340690670388, 66.090236720847997 ], [ 43.35279381568207, 66.041489976581147 ], [ 43.450856967175326, 66.037054754972971 ], [ 43.514903191229358, 65.974188543966164 ], [ 43.500987175417812, 66.052679755166537 ], [ 43.382334831687096, 66.071926174153646 ], [ 43.479828321120124, 66.131170966367108 ], [ 43.836436394024361, 66.185777085144323 ], [ 44.045664910007588, 66.081040757225168 ], [ 44.04053795686125, 65.993597723156412 ], [ 44.179698113177345, 65.864325262001273 ], [ 44.124522332339758, 65.98777903937119 ], [ 44.158539258879692, 66.08681875208373 ], [ 44.083506707168844, 66.158514716480965 ], [ 44.09636478031041, 66.261948960076495 ], [ 44.23609459688813, 66.447088934506681 ], [ 44.36019941507103, 66.50824616113141 ], [ 44.39478600367115, 66.62181224244101 ], [ 44.563243035237889, 66.666205145650935 ], [ 44.364024284792919, 66.782294012358776 ], [ 44.466075066211332, 66.819728908562297 ], [ 44.521657748006668, 66.919419663886345 ], [ 44.302500847036455, 67.055975653353684 ], [ 44.377696159849869, 67.104437567040065 ], [ 43.815329311898211, 67.177452523015575 ], [ 43.766698982172315, 67.277688506719215 ], [ 44.041840040285607, 67.680405991843031 ], [ 44.144541863416258, 67.679429428825088 ], [ 44.069509310806076, 67.714422919282299 ], [ 44.130625846705456, 67.792181708219303 ], [ 44.087412957442012, 67.885077215840781 ], [ 44.268402539945207, 67.926825262375942 ], [ 44.124522332339758, 67.934271552690021 ], [ 44.213877799920503, 67.988959052018615 ], [ 44.138031446294207, 67.995103257109577 ], [ 44.411794466941018, 68.063421942568624 ], [ 44.180837436398562, 68.036078192454639 ], [ 44.227549674977453, 68.296779689930787 ], [ 43.325694207221922, 68.613674221088388 ], [ 43.273672821843242, 68.658176275914343 ], [ 43.317154361984194, 68.666611572266305 ], [ 43.984548373208845, 68.551336981416526 ], [ 45.582137179687116, 68.514198463088633 ], [ 45.943858268943949, 68.446234442365693 ], [ 46.029307488050158, 68.324042059493493 ], [ 46.534922721706252, 68.132554429043751 ], [ 46.46143639417425, 68.111802476603032 ], [ 46.540212435955162, 68.10838450693943 ], [ 46.557627800182779, 68.016180730856021 ], [ 46.702647331908857, 67.891669012614827 ], [ 46.698252800126639, 67.816473700700712 ], [ 45.350433790087365, 67.730414130607585 ], [ 45.303070508896923, 67.694037177074136 ], [ 45.350922070697003, 67.663031317441309 ], [ 45.314626497714698, 67.592108466032855 ], [ 45.028168165028795, 67.531927802426139 ], [ 44.91895592477605, 67.440863348664578 ], [ 44.912119988146962, 67.371975002044763 ], [ 45.055047779531428, 67.283797493459588 ], [ 45.593893032937153, 67.158239759357429 ], [ 45.824473503849106, 66.899074611504162 ], [ 46.025157097022429, 66.833400783619268 ], [ 46.597911003989644, 66.85797760668116 ], [ 46.406748893946308, 66.746161200478966 ], [ 46.583343946465995, 66.815497136983325 ], [ 47.409841342104208, 66.929266669221349 ], [ 47.58139082112946, 66.869859117704081 ], [ 47.606618685903626, 66.946112372288098 ], [ 47.74203535214982, 67.030707097854233 ], [ 47.749766472144941, 67.121323959932809 ], [ 47.689463738160953, 67.19643789309427 ], [ 47.787119987797119, 67.251532294279912 ], [ 47.770355665281741, 67.337836005127528 ], [ 47.94792727992008, 67.44432200725484 ], [ 47.824717644203872, 67.560288804484699 ], [ 47.845713738298329, 67.600897528697956 ], [ 48.052256706881529, 67.651922919407212 ], [ 48.099375847317518, 67.639471747223325 ], [ 48.09294681074671, 67.592230536410113 ], [ 48.255707227106875, 67.682684637386146 ], [ 48.486501498345454, 67.664292710140515 ], [ 48.699961785008341, 67.715887762010595 ], [ 49.106700066155128, 67.639471747223325 ], [ 48.777842644322554, 67.727362372075817 ], [ 48.793630404719373, 67.831244208253565 ], [ 48.585948112915055, 67.934271552690021 ], [ 48.842784049944015, 67.865057683865018 ], [ 49.133311394005631, 67.862616278118708 ], [ 50.017832878984159, 68.091294664017482 ], [ 49.846527539814055, 68.016180730856021 ], [ 50.001149936120605, 68.058050848667676 ], [ 50.778819206940788, 68.379299220882331 ], [ 51.058848503955325, 68.351385809607407 ], [ 52.177093946528366, 68.582424221600505 ], [ 52.217051629029413, 68.584784247694898 ], [ 52.051768425472453, 68.492417710508946 ], [ 52.361013217186212, 68.474920966629284 ], [ 52.135590039848459, 68.379299220882331 ], [ 52.248545769271878, 68.317694403473922 ], [ 52.402028842357133, 68.33771393455045 ], [ 52.731293165147463, 68.474188544365845 ], [ 52.491384310837283, 68.591538804672041 ], [ 52.634450717426617, 68.658514715981298 ], [ 52.410655143919726, 68.586493231177641 ], [ 52.279063347395621, 68.597805080140276 ], [ 52.32846113427388, 68.633449611410455 ], [ 53.250010612699612, 68.878404039215013 ], [ 53.878591342216652, 68.974107164613969 ], [ 54.561289909901404, 68.999701239620563 ], [ 53.594899935683529, 68.906927802376231 ], [ 53.665537957410727, 68.866278387437589 ], [ 53.732106966863057, 68.865912177205203 ], [ 53.69117272224338, 68.885809637005181 ], [ 53.728037957285913, 68.897447007273527 ], [ 54.026215039892172, 68.845445054445747 ], [ 53.865000846811618, 68.797919012152704 ], [ 53.817718946172462, 68.68915436448232 ], [ 53.720469597493917, 68.656927801976451 ], [ 53.904470247803687, 68.507310289338378 ], [ 53.944346549753497, 68.40599192928407 ], [ 53.803721549809708, 68.344549872078915 ], [ 53.608897332046219, 68.413478908524795 ], [ 53.574473504548564, 68.399807033467809 ], [ 53.69117272224338, 68.344549872078915 ], [ 53.440440300479487, 68.372503973179874 ], [ 53.210703971910775, 68.269354559265565 ], [ 53.992523633758651, 68.221380927088177 ], [ 54.184906445775852, 68.320542710177918 ], [ 54.218760613011874, 68.317857164576552 ], [ 54.173106316203587, 68.261786200372867 ], [ 54.203298373021497, 68.209540105891179 ], [ 54.504405143782371, 68.312201239195801 ], [ 54.691091342391509, 68.17597077013491 ], [ 54.831879102538629, 68.173285223634196 ], [ 54.924489780478972, 68.252671617301246 ], [ 54.856130405194016, 68.324042059493493 ], [ 54.908050977470666, 68.329494533046258 ], [ 54.936696811008993, 68.398423570391401 ], [ 55.392914258686062, 68.564276434210058 ], [ 55.699554884450372, 68.576564846190706 ], [ 55.997080925344413, 68.660467841117992 ], [ 56.504405144282018, 68.627834377654381 ], [ 56.493500196277019, 68.584784247694898 ], [ 56.629649284786673, 68.642035223147062 ], [ 56.848399284799136, 68.571600653247501 ], [ 57.329844597250258, 68.564764716618356 ], [ 57.604014518854925, 68.74241771000932 ], [ 57.929535352474488, 68.751044012471155 ], [ 57.980723504286281, 68.793646552546335 ], [ 57.95671634238532, 68.845526434097692 ], [ 58.171153191166816, 68.8893496770459 ], [ 58.245127800207797, 68.888413803853936 ], [ 58.203623894427231, 68.83209870069453 ], [ 58.264170769165652, 68.781195380362462 ], [ 58.377940300504513, 68.756048895240269 ], [ 58.33692467533352, 68.735581773380162 ], [ 58.424082878821771, 68.74274323131506 ], [ 58.285411004014591, 68.800482489175593 ], [ 58.270518425185202, 68.893703518102811 ], [ 58.878754102319931, 69.003119208384703 ], [ 59.223887566058337, 68.999701239620563 ], [ 58.891856316215986, 68.934230860865497 ], [ 59.105479363082111, 68.903306382683425 ], [ 59.423024935952043, 68.757025458258326 ], [ 59.398448112890129, 68.701117255157186 ], [ 59.201508008887465, 68.705959376823742 ], [ 59.056407097509556, 68.619533596498229 ], [ 59.118825716833307, 68.531683661471845 ], [ 59.087087435836466, 68.416896877289062 ], [ 59.674815300385816, 68.336167710371512 ], [ 59.857432488518583, 68.381293035844962 ], [ 59.963877799920603, 68.466009833586938 ], [ 59.929047071465227, 68.537787177636133 ], [ 59.762705925238237, 68.638739325659344 ], [ 59.81120853054923, 68.687933661609165 ], [ 60.466644726872659, 68.72231679928089 ], [ 60.818858268894012, 68.894354558915794 ], [ 60.968760613011938, 68.906927802376231 ], [ 60.90723717525546, 68.927394924236339 ], [ 60.948252800426388, 69.003119208384703 ], [ 60.902679884169352, 69.122259833624426 ], [ 60.776703321401236, 69.17719147370758 ], [ 60.721690299867454, 69.174465236481453 ], [ 60.710948112965013, 69.10626862229914 ], [ 60.591319207115781, 69.132798570497656 ], [ 60.589691602385528, 69.256415106272186 ], [ 60.542491082297659, 69.315578517934256 ], [ 60.138845247710023, 69.577866929415237 ], [ 60.232595247972313, 69.664780992149076 ], [ 60.653575066236279, 69.672756251999374 ], [ 60.633474155507827, 69.724920965929897 ], [ 60.721690299867454, 69.742987371869688 ], [ 60.705577019064187, 69.823675848061882 ], [ 60.926605665518991, 69.867499091010188 ], [ 61.770518425384964, 69.762030340827579 ], [ 63.41049238421612, 69.671291408371758 ], [ 64.127614780297876, 69.550116278343566 ], [ 65.004405144381934, 69.304144598594277 ], [ 64.831065300423234, 69.294419664535823 ], [ 64.785899285123946, 69.147121486367524 ], [ 64.931813998417283, 69.197088934406807 ], [ 64.923187695955463, 69.260687567677053 ], [ 65.068207226782107, 69.268052476540504 ], [ 65.902598504417412, 69.112982489450275 ], [ 65.635020378687514, 69.12665436450726 ], [ 65.689707878915499, 69.085028387450151 ], [ 67.090098503842867, 68.855658270013151 ], [ 67.129079623325964, 68.838609116917183 ], [ 67.039724154845786, 68.79706452041124 ], [ 67.196299675389668, 68.707342841698718 ], [ 67.583506706968961, 68.603338934244434 ], [ 67.79322350446121, 68.478583075248764 ], [ 68.134938998535929, 68.423407294411049 ], [ 68.258636914861739, 68.333889064828469 ], [ 68.184255404863066, 68.242132880428073 ], [ 68.262543165134971, 68.249090887434548 ], [ 68.288096550315544, 68.188299871941538 ], [ 68.650889519036113, 68.317857164576552 ], [ 68.561045769046999, 68.372503973179874 ], [ 68.923513217361105, 68.637274481132351 ], [ 69.012950066392435, 68.806463934063316 ], [ 69.109060091849784, 68.878973700375937 ], [ 68.951426629535405, 68.903225002132189 ], [ 69.218923372915299, 68.962144273039769 ], [ 68.686045768797158, 68.918443101368013 ], [ 68.458018425509962, 68.984564520036557 ], [ 68.026215039792248, 69.319403387656237 ], [ 68.104991082472495, 69.397040106215897 ], [ 68.106618686303335, 69.548732815267229 ], [ 68.030609570675125, 69.540594794314316 ], [ 68.040212436154945, 69.489691473082999 ], [ 67.824392123397743, 69.510728257003436 ], [ 67.629079623226019, 69.59076569238276 ], [ 67.017263217123784, 69.703070380094033 ], [ 66.971364780460263, 69.687730210480822 ], [ 66.999685091793481, 69.653225002431881 ], [ 66.855235222127817, 69.636867579974805 ], [ 66.95769290540332, 69.536851304244308 ], [ 66.795746290059256, 69.586167710571388 ], [ 66.768809440903027, 69.761623439869879 ], [ 66.884776238132872, 70.012884832968624 ], [ 66.978200717089422, 70.057603257484274 ], [ 66.985036655517192, 69.969549872428587 ], [ 67.14332116044325, 69.983140366934393 ], [ 67.327647332058731, 70.106024481344789 ], [ 67.279144726747731, 70.106024481344789 ], [ 67.271739128957677, 70.188869533602087 ], [ 67.243500196376971, 70.145249742481681 ], [ 67.094248893971269, 70.220892645179376 ], [ 67.193207227031891, 70.381577866925028 ], [ 67.26628665540477, 70.414536851694322 ], [ 67.292816601804688, 70.476629950611709 ], [ 67.215098504492403, 70.523911851250929 ], [ 67.334483268687876, 70.757798569948037 ], [ 67.25700931123076, 70.825588283172706 ], [ 67.138438347152018, 70.841782945426587 ], [ 66.688731315697652, 70.769842841174125 ], [ 66.608246290434025, 70.880682684358433 ], [ 66.88949629032156, 71.078680731030886 ], [ 66.819509311205749, 71.100978908549735 ], [ 66.7379663423728, 71.051988023528438 ], [ 66.772227409667281, 71.024115302079537 ], [ 66.69027753987659, 71.001369532877646 ], [ 66.620453320964003, 71.057847398039002 ], [ 66.811289909701543, 71.161200261982472 ], [ 66.912119988246843, 71.294745184542592 ], [ 67.588389519360817, 71.415106512655484 ], [ 67.947276237808097, 71.527573960569825 ], [ 68.255056185894233, 71.688299872141329 ], [ 68.348806186156565, 71.675197658245281 ], [ 68.307790560985637, 71.716742255650601 ], [ 68.468516471657878, 71.825995183930559 ], [ 68.643728061101115, 72.033189195125203 ], [ 68.821625196145931, 72.326320705136411 ], [ 68.852305535372182, 72.466864325428205 ], [ 68.917246940993536, 72.4839541692495 ], [ 68.86939537919335, 72.532375393109874 ], [ 68.976817254512596, 72.655707098303949 ], [ 69.054453972173064, 72.66205475522284 ], [ 68.975759310943502, 72.695990302110744 ], [ 69.231781446056871, 72.804510809026581 ], [ 69.353770378899782, 72.952582098385108 ], [ 69.794932488443578, 72.963690497318638 ], [ 69.55665123796426, 72.913763739105249 ], [ 69.58822675875787, 72.878485418966861 ], [ 71.563243035237917, 72.915961004996404 ], [ 72.008311394155498, 72.833970445379677 ], [ 71.816579622951252, 72.81232330957306 ], [ 71.886485222415075, 72.796616928828144 ], [ 72.131032748362685, 72.831610419285369 ], [ 72.836924675133602, 72.709906317022913 ], [ 72.721446160312098, 72.703029690567789 ], [ 72.809580925019645, 72.655218817694276 ], [ 72.731455924950936, 72.59723541907934 ], [ 72.844981316434684, 72.520412502435036 ], [ 72.798513216811457, 72.413275458595493 ], [ 72.874278190785887, 72.281073309285773 ], [ 72.576996289746958, 72.044501044087937 ], [ 72.522227409867028, 71.922267971389715 ], [ 72.350840691045107, 71.864203192223556 ], [ 72.344981316534472, 71.708156643014604 ], [ 72.233897331696468, 71.685370183986777 ], [ 72.167328321344982, 71.598863023109999 ], [ 71.83814537910601, 71.532416083135715 ], [ 71.803396030302551, 71.480292059031257 ], [ 72.105723503936531, 71.290350653659672 ], [ 72.636485221815533, 71.131659246876708 ], [ 72.676442905215922, 71.089544989209898 ], [ 72.632090690932657, 71.01105377800944 ], [ 72.836924675133602, 70.859605210611988 ], [ 72.775401238276586, 70.695135808970349 ], [ 72.683278841845123, 70.616603907943983 ], [ 72.775401238276586, 70.538072006917545 ], [ 72.771332226900739, 70.425238347871485 ], [ 72.435557487887721, 70.285874742425406 ], [ 72.621592643885378, 70.161688544590604 ], [ 72.491953972497882, 70.041205145201303 ], [ 72.691661004451817, 69.836859442509294 ], [ 72.649587435711595, 69.748114325016033 ], [ 72.50171959728155, 69.646714585309894 ], [ 72.638356967300183, 69.441351630673182 ], [ 72.488047722224636, 69.414007880559211 ], [ 72.613291862729298, 69.359361070157263 ], [ 72.64771569112628, 69.29222239864481 ], [ 72.477875196483197, 69.176947332953091 ], [ 72.577403190704715, 68.94037506685585 ], [ 72.851817253963105, 68.797756251949465 ], [ 73.539073112733959, 68.581000066899577 ], [ 73.634613477030356, 68.517035223396817 ], [ 73.646250847298731, 68.457831121908725 ], [ 73.604991082272576, 68.432196356176874 ], [ 73.604665560966851, 68.482367255144652 ], [ 73.533702018833139, 68.481512762503954 ], [ 73.397715691425987, 68.360500393578278 ], [ 73.09083092490728, 68.214260158079853 ], [ 73.137054883775861, 68.166245835177136 ], [ 73.072764518967347, 68.090399481550818 ], [ 73.204437696042802, 67.957220770122476 ], [ 73.195485873174476, 67.849514065122051 ], [ 73.071543816094234, 67.815578518234048 ], [ 73.151377800545035, 67.731878973335938 ], [ 73.114268424748019, 67.690375067555379 ], [ 73.039398634139602, 67.728583074948929 ], [ 72.852061393818218, 67.635321356195632 ], [ 72.581309440977847, 67.620184637511059 ], [ 72.532888217117545, 67.520086981229184 ], [ 72.391856316216035, 67.467474677414401 ], [ 72.454274936439134, 67.400620835583084 ], [ 72.402598504017689, 67.328070380343803 ], [ 72.048350457207803, 67.302883205395602 ], [ 72.051768425072794, 67.267523505605254 ], [ 72.214203321026375, 67.223781643208241 ], [ 72.225922070946837, 67.159491278399827 ], [ 72.127940300004823, 67.20677317903899 ], [ 72.13851972670399, 67.159654039502357 ], [ 71.913259311368179, 67.1323102893884 ], [ 72.014984571480738, 67.111273505467921 ], [ 71.994639519098541, 67.055975653353684 ], [ 71.747569206853385, 66.916083075673427 ], [ 71.301931185875489, 66.953558661702857 ], [ 71.514903191029489, 66.878485419266667 ], [ 71.480723504286317, 66.826971747048418 ], [ 71.584239129332332, 66.731634833680616 ], [ 71.576914910294832, 66.658758856236304 ], [ 71.165375196408178, 66.658758856236304 ], [ 71.23365319114184, 66.625230210305986 ], [ 71.05681399786765, 66.625189520480021 ], [ 71.123789910076297, 66.584295966585643 ], [ 71.079844596750746, 66.569037177523697 ], [ 70.939463738460816, 66.584295966585643 ], [ 70.980316602529228, 66.535874741825936 ], [ 70.688649936145666, 66.515366929240386 ], [ 70.413259310768552, 66.563177802113884 ], [ 70.295176629098165, 66.638251044550088 ], [ 70.679942254031829, 66.716009833487092 ], [ 70.723399284949053, 66.76178620067266 ], [ 70.315684440784381, 66.67987702070792 ], [ 70.1725366554423, 66.707098700444647 ], [ 70.178477410504186, 66.741929428899994 ], [ 70.06706790525962, 66.759833075535994 ], [ 69.897797070878113, 66.87164948083884 ], [ 69.836599155326709, 66.816310940697335 ], [ 69.602549675527101, 66.837551174647004 ], [ 69.637217643779238, 66.79657623930207 ], [ 69.597992384440985, 66.789048570235352 ], [ 69.397715691326084, 66.830226955609461 ], [ 68.965017123141735, 66.809556381921553 ], [ 69.103770379399535, 66.771307684701924 ], [ 69.112640820817276, 66.618841864460435 ], [ 69.205577019164124, 66.56940338685682 ], [ 69.902842644372541, 66.415472722987772 ], [ 70.362640821017095, 66.334418036563122 ], [ 71.428884310762328, 66.355943101093231 ], [ 71.678721550059521, 66.323635158036154 ], [ 71.832855664856993, 66.234523830310479 ], [ 72.07569420732176, 66.235825914634262 ], [ 72.347341341729489, 66.306382554011719 ], [ 72.398203972235478, 66.413478908025212 ], [ 72.36670983199312, 66.471177476059651 ], [ 72.412364128801485, 66.50853099261127 ], [ 72.288828971779665, 66.501125393022477 ], [ 72.473806186006698, 66.610988674087992 ], [ 72.942393425316354, 66.656683661621685 ], [ 73.003103061157361, 66.739447333327831 ], [ 73.492360873255734, 66.823431707907048 ], [ 73.657074414752472, 66.941961981260405 ], [ 73.869151238339015, 67.001410223503029 ], [ 73.950856967375117, 67.210598049660263 ], [ 73.899587435911513, 67.296210028070419 ], [ 74.098317904847491, 67.431870835070953 ], [ 74.730316602229365, 67.686265367252958 ], [ 74.824961784958347, 67.940497137432928 ], [ 74.725433789837496, 68.152411199916926 ], [ 74.331553581832296, 68.385565497249829 ], [ 74.457774285355001, 68.506293036494426 ], [ 74.413422071071736, 68.619533596498229 ], [ 74.454356315691399, 68.693996486148876 ], [ 74.627940300404546, 68.774603583588558 ], [ 76.113129101826587, 68.977728583407426 ], [ 76.582367383747723, 68.975165106384537 ], [ 76.690603060982426, 68.873277085169363 ], [ 76.618825716933259, 68.805365302466754 ], [ 76.662608269156209, 68.762640692014315 ], [ 77.00668379022467, 68.653143622080449 ], [ 77.113780144238177, 68.567124742712735 ], [ 77.127452019295234, 68.605861721441343 ], [ 77.325694206722247, 68.523342190489686 ], [ 77.247813347408027, 68.456935940341367 ], [ 77.295095248047247, 68.381740627527947 ], [ 77.161875846792867, 68.293646552646265 ], [ 77.35661868580371, 68.23289622607993 ], [ 77.216563347020909, 68.10496653907451 ], [ 77.241221549734746, 68.044012762478971 ], [ 77.19255618601909, 67.985174872122627 ], [ 77.305186394136769, 67.910101630585757 ], [ 77.216563347020909, 67.831244208253565 ], [ 77.083262566114527, 67.833075262113681 ], [ 77.07984459735026, 67.790350653459868 ], [ 77.675547721749936, 67.617173570603796 ], [ 77.693044467428194, 67.54531484600335 ], [ 79.05250084683658, 67.570542709878112 ], [ 78.806000195752389, 67.625189520280159 ], [ 78.868011915017831, 67.653143622280325 ], [ 78.564707879265228, 67.60407135670772 ], [ 78.463389519210949, 67.632635809694818 ], [ 78.610362175174188, 67.662543035932359 ], [ 78.438487174843289, 67.702541408259378 ], [ 78.400157097072295, 67.637396552608863 ], [ 78.326833529743567, 67.679754950130828 ], [ 77.874278190685914, 67.685288804234901 ], [ 77.948903842338439, 67.728216864716487 ], [ 77.775726759482353, 67.778387761885668 ], [ 77.738047722524357, 67.73981354425959 ], [ 77.494151238288978, 67.751288153425492 ], [ 77.459483269137564, 67.786281642983397 ], [ 77.478770378849845, 67.907294011909073 ], [ 77.586436394024332, 67.947943426847701 ], [ 77.469737175430254, 67.995103257109577 ], [ 77.536957227494057, 68.128607488944496 ], [ 77.708506707418564, 68.221869208597113 ], [ 78.172618035294079, 68.274359442034594 ], [ 78.090098504342436, 68.360012111169993 ], [ 77.958506706918996, 68.398382880565521 ], [ 77.908539258879628, 68.468695380087766 ], [ 77.956309441027827, 68.495428778315528 ], [ 77.927907748243996, 68.519029039258754 ], [ 77.786875847342486, 68.514593817650493 ], [ 77.715098504192582, 68.621039129951882 ], [ 77.743988476686809, 68.715073959895321 ], [ 77.646983268762824, 68.911118882330612 ], [ 76.929047070765634, 69.009344794027058 ], [ 76.731211785195683, 69.131252346318718 ], [ 76.427582227238005, 69.144273179663458 ], [ 76.0420028003889, 69.239081122595749 ], [ 75.508555535109835, 69.261419989041315 ], [ 75.129242383729007, 69.157294012108949 ], [ 75.091970247728753, 69.132798570497656 ], [ 75.153981966994124, 69.119208075092544 ], [ 75.107106967312632, 69.103949286030698 ], [ 74.772797071027981, 69.081244208453441 ], [ 74.313731315747603, 69.146389065003291 ], [ 73.961273633871144, 69.083807684576925 ], [ 73.758799674865145, 69.169378973161102 ], [ 73.899587435911513, 69.420843817188427 ], [ 73.515961134198974, 69.746405341533247 ], [ 73.659922722355745, 69.859686591363101 ], [ 73.764821811377516, 70.079046942362552 ], [ 73.707692905403277, 70.161322333458884 ], [ 74.316172722393247, 70.520331122283437 ], [ 74.317881706775339, 70.667792058856378 ], [ 73.927500847186366, 70.855373439932279 ], [ 73.895762566189418, 70.972601629861302 ], [ 73.703623894027572, 71.071437893444042 ], [ 73.556162957454518, 71.255113023347306 ], [ 73.02247155052163, 71.42877838771247 ], [ 73.49854576907191, 71.664943751952592 ], [ 73.524912957067315, 71.706244208603323 ], [ 73.47022545683933, 71.77342356994177 ], [ 73.525889519185995, 71.822211004933862 ], [ 74.331553581832296, 71.955715235869476 ], [ 74.99488366015278, 72.137844143392513 ], [ 75.075694206722261, 72.210150457877333 ], [ 75.111094597237866, 72.346421617663495 ], [ 75.058848503655568, 72.595038153188199 ], [ 74.75114993612064, 72.82001373884296 ], [ 75.036631706687942, 72.881659246976668 ], [ 75.3188582686941, 72.819159247101581 ], [ 75.530772332077461, 72.741156317410088 ], [ 75.338226758957788, 72.683172919694499 ], [ 75.42090905011257, 72.696844793852122 ], [ 75.708181186512462, 72.56586334831492 ], [ 75.556488477461272, 72.497503973029893 ], [ 75.667246940993522, 72.333075262113638 ], [ 75.754730664888285, 72.30638255461119 ], [ 75.742442253806942, 72.265529690542806 ], [ 75.517832879283901, 72.153225001932242 ], [ 75.516937695917875, 72.076402085287995 ], [ 75.414073113483312, 72.03143952001777 ], [ 75.438975456951837, 71.98533763242574 ], [ 75.253672722318314, 71.942206121915035 ], [ 75.283539258729817, 71.894232488838313 ], [ 75.224131707212521, 71.842230536010405 ], [ 75.227549675077455, 71.777411199866947 ], [ 75.491709832043043, 71.666083075173731 ], [ 75.392425976777417, 71.617865302241853 ], [ 75.532888217417295, 71.542303778296713 ], [ 75.433767123254071, 71.501654364257476 ], [ 75.441905144207027, 71.462225653091409 ], [ 75.241547071440209, 71.453558661702857 ], [ 75.263031446144268, 71.365545966473121 ], [ 76.108409050537233, 71.204494533595835 ], [ 76.888926628960746, 71.190415757581164 ], [ 76.914235873386829, 71.072455145388616 ], [ 76.962575716695994, 71.113470770559545 ], [ 76.929047070765634, 71.160589910995597 ], [ 77.005137566045818, 71.184475002519406 ], [ 77.558116081791724, 71.173651434166359 ], [ 77.837738476949198, 71.124579169493074 ], [ 77.948903842338439, 70.976263739380059 ], [ 78.411387566383041, 70.895453191911272 ], [ 79.039561394043091, 70.937323308823707 ], [ 79.018321160093421, 70.968817449965272 ], [ 79.114512566102022, 71.004217841380296 ], [ 78.84498131613482, 71.013251043900581 ], [ 78.785655144269455, 70.990545966323324 ], [ 78.901621941499357, 70.976263739380059 ], [ 78.757578971892087, 70.935003973454613 ], [ 78.564707879265228, 70.962551174497108 ], [ 78.442393425116421, 70.914252020114617 ], [ 78.463389519210949, 71.024115302079537 ], [ 78.559743686322065, 71.045152085100668 ], [ 78.497325066098853, 71.115057684564505 ], [ 78.34620201910792, 71.099798895502616 ], [ 78.497569206853342, 71.045152085100668 ], [ 78.237559440915476, 71.109686591563019 ], [ 78.311045769346705, 71.208441473695075 ], [ 78.278981967044118, 71.258937893069302 ], [ 77.928477410304225, 71.257473049441671 ], [ 77.901133660190254, 71.312689520105209 ], [ 77.988291862779263, 71.374741929196745 ], [ 77.711924675283555, 71.281317450240124 ], [ 77.435557487787761, 71.333197333590064 ], [ 77.524912957167217, 71.305243231589898 ], [ 77.492198113152412, 71.301336981316652 ], [ 77.103526237945516, 71.423976954972559 ], [ 76.712657096847536, 71.46344635596455 ], [ 76.58106530032336, 71.528753973616972 ], [ 76.272308790118586, 71.572902736072365 ], [ 76.263519727453385, 71.653143622380256 ], [ 75.996836785089599, 71.907904363895298 ], [ 76.353770379299533, 71.999090887134699 ], [ 76.878184441159021, 72.050034898191981 ], [ 77.584646029990338, 71.831122137076932 ], [ 78.109548373358763, 71.880438544303317 ], [ 78.225759311343111, 71.982570705373789 ], [ 77.985606316278464, 72.109523830260514 ], [ 77.712575716995786, 72.115179755641236 ], [ 77.510590040398043, 72.062079169418155 ], [ 77.37720787894051, 72.110174871972802 ], [ 77.490733269524782, 72.175441798899826 ], [ 77.441742384503414, 72.20962148654236 ], [ 77.473887566458089, 72.222357489306688 ], [ 77.66822350451109, 72.192816473301562 ], [ 78.124522331840168, 72.384588934331873 ], [ 78.497569206853342, 72.408189195275114 ], [ 79.391449414758696, 72.38556549734983 ], [ 80.010101759288688, 72.207749741957045 ], [ 80.834646029790434, 72.083319403367739 ], [ 80.820811394530253, 72.024603583388654 ], [ 80.732106966862943, 72.045111395074827 ], [ 80.813975457001717, 72.079901434603542 ], [ 80.632334831887036, 72.046087958092784 ], [ 81.249766471745261, 71.859198309454413 ], [ 81.342295769134452, 71.764227606319054 ], [ 81.736664259547979, 71.699896552583837 ], [ 82.867360873405616, 71.786444403286637 ], [ 83.019216341760782, 71.729437567689629 ], [ 83.251719597381452, 71.725653386894237 ], [ 83.305186393836948, 71.65839264500454 ], [ 83.011973504173866, 71.528957424545467 ], [ 82.985362175424029, 71.462836004977589 ], [ 83.047862175299116, 71.415106512655484 ], [ 82.272634311124577, 71.278794663942634 ], [ 82.27930748844976, 71.18805573148677 ], [ 82.352793815981769, 71.096258856361047 ], [ 82.208343946316077, 70.986802476253217 ], [ 82.417246940993508, 70.777044988935089 ], [ 82.082041863141455, 70.565375067205537 ], [ 82.153330924782367, 70.518133856392367 ], [ 82.239593945803961, 70.277329820514751 ], [ 82.34888756570858, 70.202297267904541 ], [ 82.251800977233387, 70.37592194244364 ], [ 82.239593945803961, 70.497056382645937 ], [ 82.157237175055613, 70.571600652847778 ], [ 82.464610222184049, 70.613185940079063 ], [ 82.430918816050536, 70.695135808970349 ], [ 82.554209832317881, 70.761542059118767 ], [ 82.47868899819872, 70.80499909093534 ], [ 82.568614128739043, 70.853176174041153 ], [ 82.578623894277342, 70.91111888193079 ], [ 82.734548373108979, 70.965521552477654 ], [ 82.876638216680362, 70.916978257340702 ], [ 82.901621940699926, 71.001044012471198 ], [ 82.966644726872644, 70.933986721509996 ], [ 83.133799675014927, 70.882391669639816 ], [ 83.13721764377928, 70.763983466663589 ], [ 83.064952019120383, 70.692531643020871 ], [ 83.057139519473282, 70.597113348202427 ], [ 82.993174675071174, 70.571600652847778 ], [ 83.052500846936482, 70.499904690249309 ], [ 83.010508660546378, 70.426581122021133 ], [ 82.664073113383409, 70.260158596142361 ], [ 82.643809440653129, 70.181219794158196 ], [ 82.883067254150461, 70.089016018074787 ], [ 83.111094597437756, 70.069484768507195 ], [ 83.176768425322521, 70.083075262113596 ], [ 83.182953321138825, 70.138861394837505 ], [ 82.951670769290601, 70.325140692488944 ], [ 83.534434440896675, 70.331976630017508 ], [ 83.774668816512673, 70.476629950611709 ], [ 83.757334831936973, 70.56850820538935 ], [ 83.602712436529757, 70.702582098385207 ], [ 83.601573113308575, 70.769842841174125 ], [ 83.383067254050502, 70.976263739380059 ], [ 83.381846550278055, 71.032660223090801 ], [ 83.116058790380876, 71.113470770559545 ], [ 83.257009310731121, 71.116522528192107 ], [ 83.147634311174471, 71.244818427228637 ], [ 83.375824414664976, 71.369818426978796 ], [ 83.382172070684518, 71.465033269969481 ], [ 83.562836133680619, 71.509914455587648 ], [ 83.630625846905289, 71.575873114052996 ], [ 83.618907096984898, 71.631170966167218 ], [ 83.410899284774217, 71.750921942393688 ], [ 83.415537957310917, 71.807766018686763 ], [ 83.360524935777121, 71.840643622005558 ], [ 82.969981315984924, 71.897935289082355 ], [ 82.678070508846844, 71.87946198128536 ], [ 82.470550977245779, 72.020819403492609 ], [ 82.185069206678492, 72.093491929109277 ], [ 82.299571160280749, 72.134466864454211 ], [ 82.307383659927964, 72.182847398488619 ], [ 82.198090040023402, 72.281561591694057 ], [ 81.208181186312714, 72.354925847949545 ], [ 80.704112175036869, 72.545355536628691 ], [ 80.834483268687862, 72.62051015871684 ], [ 80.685883008893796, 72.646307684651958 ], [ 80.632090691132547, 72.733791408546594 ], [ 80.772959831830804, 72.806097723031513 ], [ 80.8419702479286, 72.922105210087366 ], [ 80.814300977408223, 72.974269924017776 ], [ 80.750498894108688, 73.037746486011471 ], [ 80.437185091918451, 73.100897528498066 ], [ 80.594981316234779, 73.114569403555151 ], [ 80.568614129138751, 73.141546942537389 ], [ 80.231130404844336, 73.175970770034979 ], [ 80.563487175093087, 73.221502997365462 ], [ 80.528330925331872, 73.281480210043654 ], [ 80.254893425091467, 73.329738674600108 ], [ 80.677419467534449, 73.504950262244819 ], [ 80.50554446720335, 73.49811432561556 ], [ 80.512950065892767, 73.567043361162177 ], [ 81.956879102288724, 73.662665106009797 ], [ 83.483653190941979, 73.655462958248933 ], [ 84.793223503761695, 73.76471588742821 ], [ 85.007985872949661, 73.71039459833203 ], [ 85.427012566077053, 73.711900132685017 ], [ 85.585459832105585, 73.818670966292089 ], [ 86.016123893702684, 73.866522528092219 ], [ 86.783213737823772, 73.902248439913606 ], [ 87.080088737904944, 73.871527410861361 ], [ 87.103526237745669, 73.844875393184864 ], [ 87.010752800501436, 73.778713282891729 ], [ 85.786794466991026, 73.480780341039861 ], [ 85.833181186062873, 73.331773179388733 ], [ 86.663340691219958, 73.122137762447721 ], [ 86.782481316459538, 73.000881251868279 ], [ 86.765472852290245, 73.083563543922367 ], [ 86.659678581701201, 73.151800847930787 ], [ 85.933929884056838, 73.323919989016275 ], [ 85.852305534672752, 73.375189520480035 ], [ 85.844004754415906, 73.439846096420197 ], [ 85.882334832186686, 73.496242580130982 ], [ 86.203623894227263, 73.557847398438696 ], [ 87.164805534747572, 73.611395575445457 ], [ 87.344248893971297, 73.704169012689789 ], [ 87.248708529674801, 73.690578518184068 ], [ 87.280528191222999, 73.72992584789958 ], [ 87.617360872905891, 73.82355377868393 ], [ 87.66407311328355, 73.890855210399621 ], [ 87.544932488043855, 73.91429271024046 ], [ 87.454274936139427, 73.824693101005792 ], [ 87.296397332171111, 73.841376043869317 ], [ 86.940196160224616, 74.033148504899543 ], [ 87.419932488293696, 74.012111720979192 ], [ 87.362315299911259, 74.047756252249187 ], [ 86.895762566289363, 74.070217189971359 ], [ 86.72388756595835, 74.132147528685522 ], [ 86.802989129045116, 74.184027411136071 ], [ 86.711436393774619, 74.22435130386954 ], [ 86.020030143975987, 74.262518622336515 ], [ 85.905528191272992, 74.35468170859393 ], [ 86.297129753735177, 74.313055731536735 ], [ 86.254893424791717, 74.388861395337074 ], [ 86.049489780329068, 74.416164455625122 ], [ 86.475271030433632, 74.458197333639973 ], [ 86.590668164704056, 74.437241929371581 ], [ 86.623545768922142, 74.387518622086688 ], [ 86.953868035281559, 74.388861395337074 ], [ 86.715830924657396, 74.30182526222606 ], [ 86.948903842338453, 74.342596747541862 ], [ 86.992930535315921, 74.270249742331742 ], [ 87.050059441290159, 74.306301174559522 ], [ 87.015961134199031, 74.367254950255756 ], [ 87.262380404731857, 74.35468170859393 ], [ 87.080088737904944, 74.389960027833027 ], [ 87.079112174886987, 74.442043361212185 ], [ 86.795909049862743, 74.42357005431451 ], [ 86.535492383866412, 74.512355861633765 ], [ 86.782481316459538, 74.560736395668059 ], [ 85.740407747919207, 74.635891018655627 ], [ 85.900157097372173, 74.723293361099692 ], [ 86.101084832199248, 74.735785223109545 ], [ 86.125254754303455, 74.773016669283905 ], [ 86.028330925132039, 74.813950913903568 ], [ 86.09058678515197, 74.820786851432004 ], [ 86.367035352299681, 74.775051174072416 ], [ 86.213389519011074, 74.76557037986916 ], [ 86.321462436042637, 74.707668360906183 ], [ 86.473968946109906, 74.725287176961658 ], [ 86.639170769115651, 74.697333074961506 ], [ 86.604991082372592, 74.663153387318914 ], [ 86.691661004351872, 74.621893622292902 ], [ 86.957530143901039, 74.608832098222706 ], [ 86.902598503817885, 74.654120183899423 ], [ 86.953868035281559, 74.683661199904378 ], [ 86.762054884425353, 74.704087631938677 ], [ 86.914235873186982, 74.757717190395994 ], [ 87.063731316347116, 74.725287176961658 ], [ 87.061289909701529, 74.839667059287308 ], [ 87.385752799751828, 74.944322007554561 ], [ 87.172862175149277, 74.985296942000204 ], [ 87.42628014431321, 75.005804755485045 ], [ 87.479991082422572, 74.987250067136898 ], [ 87.44548587347434, 74.953273830422901 ], [ 87.574066602191891, 74.929673570378966 ], [ 87.563731316247228, 74.964829820140082 ], [ 87.789886914949165, 75.026271877345195 ], [ 86.898610872993402, 75.087713934550365 ], [ 87.024587435761518, 75.164211329888985 ], [ 87.952647332208599, 75.100043036357008 ], [ 88.306651238264024, 75.176011460360655 ], [ 88.371348504030252, 75.255316473476526 ], [ 88.625987175167964, 75.266506252061845 ], [ 88.550303581744899, 75.314276434210086 ], [ 88.611664259298124, 75.344224351172898 ], [ 89.085215690651566, 75.403021552602539 ], [ 88.757172070734399, 75.416652736034962 ], [ 89.132334831986952, 75.452826239539291 ], [ 89.245778842019902, 75.5067406276778 ], [ 89.39519290552812, 75.448960679092011 ], [ 89.703623894427167, 75.443508205539231 ], [ 89.612803582319501, 75.492377020183312 ], [ 90.057871941237067, 75.519720770297283 ], [ 89.914561393893251, 75.560695705642246 ], [ 89.954112175436578, 75.577622789260261 ], [ 90.886729362969774, 75.670558986707832 ], [ 90.978037957485697, 75.62042877846531 ], [ 91.128184441458771, 75.665716864141899 ], [ 91.580251498108112, 75.637762762141747 ], [ 91.700205925263262, 75.736395575695198 ], [ 92.371348504130154, 75.740464585272377 ], [ 93.549815300136075, 75.853013414637388 ], [ 94.163096549865898, 75.94428131752872 ], [ 93.740489128670319, 75.900213933825967 ], [ 93.54607181096523, 75.953436591325612 ], [ 93.41895592497599, 75.87287018461133 ], [ 93.258148633752398, 75.951727606044201 ], [ 93.320160352118606, 75.972235419529 ], [ 93.277354362913528, 75.982123114689998 ], [ 92.964040560723276, 75.930609442471763 ], [ 93.107920769228173, 75.910793361424524 ], [ 93.007009311030842, 75.886664130045531 ], [ 92.888194207096987, 75.896470445554669 ], [ 92.826833530443025, 75.965399481101159 ], [ 92.929209832267972, 75.992661851563199 ], [ 92.952484571006067, 76.066839911532682 ], [ 93.101084831699637, 76.023749090847843 ], [ 93.230804884537761, 76.054144598594306 ], [ 93.120941601673636, 76.09568919510032 ], [ 93.430349155389194, 76.106878973685681 ], [ 93.33383222717552, 76.067775782925992 ], [ 93.427012566276858, 76.012030340927524 ], [ 93.998708529674886, 76.054144598594306 ], [ 93.63550865999666, 76.122992255388212 ], [ 93.685801629341654, 76.132269598663086 ], [ 94.374196811333803, 76.120794989497156 ], [ 94.459483269337412, 76.05170319194869 ], [ 94.738536004233239, 76.115627346524789 ], [ 94.539886914949165, 76.149725653616059 ], [ 94.572764519167208, 76.159979559009443 ], [ 95.055430535390897, 76.112005926832026 ], [ 95.389821811327479, 76.164007880559268 ], [ 96.196462436092517, 76.087551174147308 ], [ 96.037608269106357, 76.081366278331075 ], [ 95.992930535315949, 76.061590887109787 ], [ 96.074961784758543, 76.047308661065813 ], [ 95.978688998198677, 76.033636786008927 ], [ 96.004893425091467, 75.993353583101339 ], [ 95.575205924713643, 75.888983466313931 ], [ 95.739512566151987, 75.856431382502251 ], [ 95.937266472070036, 75.949164129920604 ], [ 96.341807488225029, 75.972235419529 ], [ 96.265961133699378, 75.992661851563199 ], [ 96.301117384359841, 75.99933502798909 ], [ 96.518565300048522, 76.015773830098169 ], [ 96.547862175299059, 76.006333726620113 ], [ 96.500010613499072, 75.978420315345261 ], [ 96.664561393893209, 75.965399481101159 ], [ 96.461436394074269, 75.871893622492678 ], [ 96.835215691351024, 75.888983466313931 ], [ 97.250987175018039, 76.043402411691886 ], [ 97.396820508659516, 76.047308661065813 ], [ 97.199229362944706, 75.993109442346849 ], [ 97.246755405237749, 75.957953192585833 ], [ 97.185313347133274, 75.930609442471763 ], [ 97.312266472019999, 75.934515691845704 ], [ 97.394379102013872, 75.988714911463944 ], [ 97.823903842188614, 75.988104559577721 ], [ 97.700938347226895, 76.051499741919599 ], [ 97.548350457507595, 76.054144598594306 ], [ 97.71216881653757, 76.096096096058019 ], [ 97.912852409710965, 76.059312242465978 ], [ 98.161387566482944, 76.090806382708379 ], [ 98.219981316084883, 76.102525132628756 ], [ 97.91773522210282, 76.122992255388212 ], [ 98.816416862748014, 76.267035223196956 ], [ 98.712738477498732, 76.204982815004897 ], [ 99.23503665491765, 76.223578192279703 ], [ 99.29558352965617, 76.204982815004897 ], [ 99.090179884294258, 76.164007880559268 ], [ 99.214366082128976, 76.129950262394686 ], [ 99.574229362694922, 76.155096747516851 ], [ 99.599782747875508, 76.130560614281009 ], [ 99.46753991053842, 76.108710028445117 ], [ 99.754893424791661, 76.049017645447961 ], [ 99.681813998217422, 75.966009832987368 ], [ 99.679209832268072, 75.875962632069829 ], [ 99.424001498170597, 75.7934431011182 ], [ 99.57064863372743, 75.779730536235249 ], [ 99.902354363163298, 75.927191473707509 ], [ 99.825205925213226, 76.024359441834733 ], [ 99.865733268875275, 76.107652084875795 ], [ 99.6430770194888, 76.196275131991754 ], [ 99.590668164803901, 76.272406317097932 ], [ 99.020192905178433, 76.362372137464192 ], [ 99.020192905178433, 76.399481512361902 ], [ 98.81788170727495, 76.494208075642121 ], [ 100.304453971773327, 76.461859441859716 ], [ 100.85108483239911, 76.540106512305684 ], [ 101.057139519473239, 76.486151434341252 ], [ 101.015635612793261, 76.45880768422721 ], [ 101.316172722393148, 76.48395416934936 ], [ 102.249522332189841, 76.383124091703522 ], [ 100.878265821410508, 76.554999091135116 ], [ 101.104828321070116, 76.6164411483403 ], [ 101.125987175367868, 76.732611395599378 ], [ 101.234629754459547, 76.767279363851529 ], [ 100.981293164947601, 76.787176825450146 ], [ 100.857676629173113, 76.873236395543159 ], [ 100.919281445682159, 76.975897527948533 ], [ 101.206309441327619, 76.986029363864091 ], [ 101.238047722324538, 77.050970770384708 ], [ 101.166351758826636, 77.061468817431987 ], [ 101.207041862691767, 77.098537502503717 ], [ 102.075694206722275, 77.391180731005889 ], [ 102.270762566139524, 77.380560614480785 ], [ 103.196625195796088, 77.658921616939097 ], [ 103.592539910388581, 77.631577866825126 ], [ 104.023285352536973, 77.733099676908495 ], [ 104.325694206722332, 77.729966539624087 ] ] ], [ [ [ 170.275276856941332, 69.77337143304517 ], [ 170.10148466478546, 69.687211061541291 ], [ 169.955210374659146, 69.726741718055862 ], [ 170.053700733801776, 69.763763601509012 ], [ 170.275276856941332, 69.77337143304517 ] ] ], [ [ [ 169.41228274775068, 69.770249742331771 ], [ 169.277598503768047, 69.759507554529975 ], [ 169.309906445925691, 69.664455470843322 ], [ 169.234711134011718, 69.592108466532551 ], [ 168.87452233213989, 69.567857163876994 ], [ 168.172536654742885, 69.695217190620866 ], [ 167.753754102369811, 69.83234284124913 ], [ 167.991058789831243, 69.957098700244813 ], [ 168.264659050274901, 70.024115302279384 ], [ 169.372325066148846, 69.884751695034723 ], [ 169.446462436292421, 69.849107164663948 ], [ 169.41228274775068, 69.770249742331771 ] ] ], [ [ [ 168.110362175274076, 54.503485419716341 ], [ 167.501149936020624, 54.785101629836312 ], [ 167.439138216755367, 54.866278387537584 ], [ 167.734060091699803, 54.762640692114232 ], [ 168.110362175274076, 54.503485419716341 ] ] ], [ [ [ 165.955577019164025, 55.364243882649028 ], [ 166.287771030108786, 55.303900457939747 ], [ 166.226328972004296, 55.250067450352617 ], [ 166.250254754253376, 55.152289130339035 ], [ 166.448090039823512, 54.96112702029577 ], [ 166.64975019601485, 54.844549872078929 ], [ 166.664398634089565, 54.680080471336723 ], [ 166.501963738135998, 54.780462958199045 ], [ 166.500010612999318, 54.824693101205668 ], [ 166.356455924900985, 54.839544989309765 ], [ 166.19532311327103, 54.944525457983467 ], [ 165.992930534816338, 55.221909898323133 ], [ 165.746429883732105, 55.297064520411254 ], [ 165.955577019164025, 55.364243882649028 ] ] ], [ [ [ 164.558116082391251, 59.239691472883116 ], [ 164.73407172323158, 59.023253033600668 ], [ 164.631873542929668, 58.865365928294899 ], [ 164.40772545676441, 58.864894924561142 ], [ 164.256009785323215, 58.798603587085871 ], [ 164.160817904722421, 58.821600652947808 ], [ 163.585462413759302, 58.557890269420355 ], [ 163.49001893252759, 58.444503217949162 ], [ 163.445648633777409, 58.475572007642072 ], [ 163.41634448121286, 58.550026080339357 ], [ 163.610542686295815, 58.607463142609923 ], [ 163.779551612916606, 58.810402262454438 ], [ 163.781757680472509, 58.893873474880969 ], [ 163.913191359993192, 58.994291270026054 ], [ 163.71720185737982, 59.006271325161507 ], [ 164.283050977420629, 59.113714911014334 ], [ 164.558116082391251, 59.239691472883116 ] ] ], [ [ [ 162.381683790474511, 70.681463933913463 ], [ 162.484141471951204, 70.654120184698726 ], [ 162.237803581969729, 70.654120184698726 ], [ 162.381683790474511, 70.681463933913463 ] ] ], [ [ [ 161.898636586709046, 69.574040287129506 ], [ 161.751563900053867, 69.553235414083147 ], [ 161.667243634985653, 69.636682631698093 ], [ 161.907879186475384, 69.647442464198306 ], [ 161.898636586709046, 69.574040287129506 ] ] ], [ [ [ 161.483653191541663, 70.839748440638076 ], [ 161.656260613236668, 70.813381252642756 ], [ 161.694590691007704, 70.750433661084571 ], [ 161.463145378956, 70.80499909093534 ], [ 161.483653191541663, 70.839748440638076 ] ] ], [ [ [ 161.615733268675484, 69.450384833193553 ], [ 161.360687695680696, 69.414007880559211 ], [ 161.425629102201242, 69.464992580543168 ], [ 161.394786003671214, 69.592108466532551 ], [ 161.524668815813129, 69.638739325459483 ], [ 161.632090691132646, 69.579738674000652 ], [ 161.615733268675484, 69.450384833193553 ] ] ], [ [ [ 161.374522331840126, 69.545884507663899 ], [ 161.388682488406062, 69.461818752533404 ], [ 161.292491082397476, 69.414007880559211 ], [ 161.374359570737539, 69.296047268366706 ], [ 161.319102410247979, 69.242661851563241 ], [ 161.517588738429652, 68.979885158573197 ], [ 161.482106967362597, 68.902167059462286 ], [ 161.422211134336436, 68.893255927319231 ], [ 161.455577019163997, 69.000962632319656 ], [ 161.134776237733178, 69.091864324978587 ], [ 161.168955925375627, 69.325262762166716 ], [ 161.065928581838506, 69.417425848424173 ], [ 161.118907096785108, 69.478461005570949 ], [ 161.374522331840126, 69.545884507663899 ] ] ], [ [ [ 160.693772304548219, 70.896297533904061 ], [ 160.763973678442511, 70.804044886862101 ], [ 160.504065691478417, 70.805012156285954 ], [ 160.552810503102194, 70.884788114679722 ], [ 160.450745979143647, 70.8721858599895 ], [ 160.407969597418941, 70.914252020114617 ], [ 160.693772304548219, 70.896297533904061 ] ] ], [ [ [ 156.659678582100781, 77.084540106140992 ], [ 156.515798372696736, 77.087713934150756 ], [ 156.491709832043227, 77.098211981197935 ], [ 156.58863366031531, 77.125555731311906 ], [ 156.659678582100781, 77.084540106140992 ] ] ], [ [ [ 156.405772332327331, 50.654201565649728 ], [ 156.272442702968277, 50.633406049149819 ], [ 156.168467643966608, 50.73663971605005 ], [ 156.460459831655896, 50.873724676852277 ], [ 156.510990242705503, 50.765848551269613 ], [ 156.405772332327331, 50.654201565649728 ] ] ], [ [ [ 156.119476758945211, 50.497992255338261 ], [ 156.049327018726871, 50.479315497512175 ], [ 156.037608268806537, 50.409898179557331 ], [ 155.884938998535915, 50.253729559071886 ], [ 155.77320397198568, 50.186590887559383 ], [ 155.501475457026686, 50.137274481232282 ], [ 155.395762566089644, 49.995794989547136 ], [ 155.376719597131853, 50.046861070082286 ], [ 155.216563346721017, 50.067084052087296 ], [ 155.255056186493931, 50.154689846359297 ], [ 155.201914910444856, 50.293524481369651 ], [ 155.320160352318396, 50.288885808832951 ], [ 155.441742384203678, 50.370550848043194 ], [ 155.689626498364277, 50.403713282841736 ], [ 155.88949629052135, 50.690863347965099 ], [ 156.073252800076602, 50.78156159149421 ], [ 156.15943444144628, 50.596625067093157 ], [ 156.119476758945211, 50.497992255338261 ] ] ], [ [ [ 155.669941199426688, 50.811953876070511 ], [ 155.523285352137265, 50.813421941968997 ], [ 155.446787956798914, 50.884588934131983 ], [ 155.47413170691263, 50.921820380306265 ], [ 155.631264600281071, 50.912283522366671 ], [ 155.669941199426688, 50.811953876070511 ] ] ], [ [ [ 155.566932497037129, 59.340423608962325 ], [ 155.6000493523957, 59.31942877751608 ], [ 155.507710591670389, 59.328127136358262 ], [ 155.566932497037129, 59.340423608962325 ] ] ], [ [ [ 154.750987175218, 49.595648505174317 ], [ 154.905039910363513, 49.630804754935461 ], [ 154.885020379287027, 49.558498440450641 ], [ 154.797129754434621, 49.456976630367194 ], [ 154.815114779823176, 49.310207424433074 ], [ 154.719981316484535, 49.267035223196949 ], [ 154.605967644391171, 49.292669988928857 ], [ 154.608246289934414, 49.374986069851232 ], [ 154.750987175218, 49.595648505174317 ] ] ], [ [ [ 154.601328971854571, 49.111070054539354 ], [ 154.487803582169533, 49.088324286236841 ], [ 154.443858268843996, 49.165187893606436 ], [ 154.583832227075504, 49.148667710046766 ], [ 154.601328971854571, 49.111070054539354 ] ] ], [ [ [ 154.480062874501925, 49.811035139659985 ], [ 154.411916978485692, 49.733095574401268 ], [ 154.373904417155131, 49.778467248464736 ], [ 154.480062874501925, 49.811035139659985 ] ] ], [ [ [ 154.060231967131443, 48.748724677501841 ], [ 153.973317905297108, 48.739488023153712 ], [ 154.119476759344934, 48.899603582839035 ], [ 154.212901238301498, 48.917669989678252 ], [ 154.22136477966086, 48.872870184611337 ], [ 154.060231967131443, 48.748724677501841 ] ] ], [ [ [ 154.000987174918208, 48.934393622367772 ], [ 153.918711784721211, 48.931301174009945 ], [ 153.904795768909594, 48.96946849247697 ], [ 153.986989780354008, 48.965399481101137 ], [ 154.000987174918208, 48.934393622367772 ] ] ], [ [ [ 153.293630405418924, 48.042181708119301 ], [ 153.200937783951531, 48.052645710431193 ], [ 153.164555774429402, 48.121415472446095 ], [ 153.259226274872617, 48.104137832195185 ], [ 153.293630405418924, 48.042181708119301 ] ] ], [ [ [ 153.047111742712758, 47.707023493039742 ], [ 152.966107988492894, 47.695287692872682 ], [ 152.982678722944826, 47.769682188182387 ], [ 153.049286312413273, 47.807890843987259 ], [ 153.047111742712758, 47.707023493039742 ] ] ], [ [ [ 152.884287957423339, 76.116115627134462 ], [ 152.704112175036812, 76.093980210718144 ], [ 152.55486087353043, 76.139349676945955 ], [ 152.877696159749888, 76.191229559396618 ], [ 152.884287957423339, 76.116115627134462 ] ] ], [ [ [ 152.540293816006823, 47.325140692588889 ], [ 152.481688400399321, 47.301350650412196 ], [ 152.41337270968279, 47.367127861661494 ], [ 152.503428581863631, 47.383246161581063 ], [ 152.540293816006823, 47.325140692588889 ] ] ], [ [ [ 152.200450066517476, 47.142320054426996 ], [ 152.294932488143786, 47.142482815529505 ], [ 151.984629684512441, 46.878556208002593 ], [ 151.801414893282754, 46.766032020960971 ], [ 151.71216881653757, 46.80662669506593 ], [ 151.705332879009092, 46.848293361049734 ], [ 151.873301629066873, 46.87181224234115 ], [ 152.225433790537011, 47.176581122620696 ], [ 152.200450066517476, 47.142320054426996 ] ] ], [ [ [ 146.770762566239455, 75.5067406276778 ], [ 146.642832879233907, 75.423163153156949 ], [ 146.796722852377769, 75.36635976848855 ], [ 147.155039909664112, 75.336371161699759 ], [ 147.347422721681255, 75.355210678829749 ], [ 147.168142122660925, 75.362046617257604 ], [ 147.271657747706826, 75.406317450090285 ], [ 147.436208529899744, 75.389349677545582 ], [ 147.333181186362651, 75.43036530271651 ], [ 147.373871290227868, 75.440375067355447 ], [ 148.407725457264092, 75.421087958542444 ], [ 148.580088738204608, 75.382513739117726 ], [ 148.444509310856034, 75.287298895227835 ], [ 148.610362174674719, 75.215521552077917 ], [ 149.126800976683711, 75.268622137401692 ], [ 150.129405144232152, 75.225531317616216 ], [ 150.214691602235604, 75.186997788916841 ], [ 150.163422070771873, 75.156642970996288 ], [ 150.560801628991982, 75.128729558822101 ], [ 150.500254754253433, 75.094468492426913 ], [ 150.70964603043987, 75.166896877289119 ], [ 150.958018425210128, 75.142320054227099 ], [ 150.654063346846044, 75.007879950099664 ], [ 150.680511915392657, 74.933783270681403 ], [ 150.60922285195295, 74.893500066874608 ], [ 149.717539909938864, 74.76557037986916 ], [ 149.208994988128126, 74.758002020077129 ], [ 148.172129754184709, 74.80353424740764 ], [ 147.663828972229339, 74.953436591525403 ], [ 147.087901238151488, 75.005194403598821 ], [ 146.071787957548224, 75.24030182516907 ], [ 146.172862175049318, 75.290716863992031 ], [ 146.168630405269028, 75.396185614174712 ], [ 146.263926628810992, 75.391343492508156 ], [ 146.263845248259742, 75.436672268010796 ], [ 146.40707441505225, 75.471340236262861 ], [ 146.341481966819259, 75.522650458451878 ], [ 146.389170769315456, 75.585150458326964 ], [ 146.663096550165591, 75.555609442321966 ], [ 146.770762566239455, 75.5067406276778 ] ] ], [ [ [ 150.846456759172071, 46.442049832933492 ], [ 150.809092644110166, 46.445746161656054 ], [ 150.780076983266127, 46.457159486521064 ], [ 150.808480580814177, 46.486437534464635 ], [ 150.846456759172071, 46.442049832933492 ] ] ], [ [ [ 150.610699886790229, 59.005719788037787 ], [ 150.472075559139711, 59.004152946901009 ], [ 150.698530441426755, 59.140446043849892 ], [ 150.779158582102838, 59.109516084299869 ], [ 150.610699886790229, 59.005719788037787 ] ] ], [ [ [ 150.569349547443665, 46.231757901905603 ], [ 150.245368625661627, 46.037032137423196 ], [ 150.19760175931367, 45.929632880053397 ], [ 150.022950595893235, 45.823796886317211 ], [ 149.922873668984693, 45.810712062611572 ], [ 149.637765911167804, 45.610946079198193 ], [ 149.577159049850223, 45.637274481232303 ], [ 149.549978060838839, 45.590399481550826 ], [ 149.436696811008943, 45.586981511887267 ], [ 149.667328321145106, 45.853216864366821 ], [ 149.811045769446622, 45.879828192217254 ], [ 150.02016890736914, 46.073023580373899 ], [ 150.180674674796336, 46.105414130657664 ], [ 150.211436393674688, 46.134751694834918 ], [ 150.181905326869241, 46.159732715492424 ], [ 150.245075982670471, 46.190836052641714 ], [ 150.569349547443665, 46.231757901905603 ] ] ], [ [ [ 149.255800624898825, 76.633767985104399 ], [ 148.594248337191004, 76.622493429228456 ], [ 148.43178885197392, 76.629325827924561 ], [ 148.866735459973512, 76.733997870505249 ], [ 149.45349656411517, 76.76877913355014 ], [ 149.263218302382739, 76.710583314168574 ], [ 149.255800624898825, 76.633767985104399 ] ] ], [ [ [ 149.136298658356367, 59.197584994351985 ], [ 149.103481109065967, 59.161529007957363 ], [ 149.034362674497743, 59.169473982238515 ], [ 149.040028655198171, 59.202929694949411 ], [ 149.136298658356367, 59.197584994351985 ] ] ], [ [ [ 148.844004754415835, 45.371039130551431 ], [ 148.277679884019392, 45.222560940235176 ], [ 147.913024045223551, 44.963001684280293 ], [ 147.768321160293169, 44.943345445136202 ], [ 147.700776515024131, 45.007986256860292 ], [ 147.653800747206702, 44.994851054932234 ], [ 147.645449155254283, 44.908095700056521 ], [ 147.226026801795456, 44.581002046607111 ], [ 147.054698957990468, 44.537169814935005 ], [ 146.958343946415965, 44.421047268616583 ], [ 146.861795804532619, 44.445337234026134 ], [ 146.94985470333188, 44.548943312883559 ], [ 146.937026548836144, 44.624822397335734 ], [ 147.000743034663344, 44.565985418891934 ], [ 147.037824671771176, 44.599012264704271 ], [ 146.998623143743174, 44.662612457398957 ], [ 147.091427334204042, 44.637358174140374 ], [ 147.196580001465776, 44.713681755708429 ], [ 147.203931400713486, 44.755435427502974 ], [ 147.121885699165773, 44.776301204437011 ], [ 147.109198899209758, 44.827148130082108 ], [ 147.216540315782993, 44.799007136370214 ], [ 147.264414910120109, 44.867621160987767 ], [ 147.46656334692085, 44.966945705180137 ], [ 147.511403841813802, 45.087347723118924 ], [ 147.619639519048633, 45.065334377079793 ], [ 147.75700931133062, 45.185736395018601 ], [ 147.894867384222408, 45.223944403311528 ], [ 147.860687695680554, 45.354234117310632 ], [ 147.950938347526602, 45.431341864535412 ], [ 148.039561393743298, 45.254624742537864 ], [ 148.31185957076255, 45.275295315326559 ], [ 148.62110436337565, 45.498236395293368 ], [ 148.763926629210488, 45.527899481675689 ], [ 148.856211784945884, 45.464341539130793 ], [ 148.796722851978103, 45.429388739398838 ], [ 148.844004754415835, 45.371039130551431 ] ] ], [ [ [ 146.604665560767017, 43.80857981990269 ], [ 146.942149285061447, 43.846625067093186 ], [ 146.91456139419293, 43.80272044539219 ], [ 146.681895379268354, 43.71137116105028 ], [ 146.602224155020735, 43.736070054489424 ], [ 146.604665560767017, 43.80857981990269 ] ] ], [ [ [ 146.333832227375296, 44.428534246957888 ], [ 146.572113476955337, 44.449896552184107 ], [ 146.513926629210602, 44.363959052468296 ], [ 146.448008659671842, 44.378729559121837 ], [ 146.303721550209389, 44.282131252155509 ], [ 146.139414909670336, 44.265692450046522 ], [ 145.931407097459555, 44.120917059075012 ], [ 145.77816816512879, 43.932562567708302 ], [ 145.588715040366793, 43.847560940285099 ], [ 145.556162957454461, 43.652655341071139 ], [ 145.551768424772945, 43.716253973442136 ], [ 145.443125847479905, 43.724514065671549 ], [ 145.410899284973993, 43.836004950568018 ], [ 145.728770379149609, 44.043768622024288 ], [ 146.119313998042571, 44.506048895140403 ], [ 146.333832227375296, 44.428534246957888 ] ] ], [ [ [ 146.299652539732875, 43.635524807423899 ], [ 146.356781445707156, 43.62197500184481 ], [ 146.269704622770035, 43.628159898560455 ], [ 146.299652539732875, 43.635524807423899 ] ] ], [ [ [ 146.079356316440936, 43.517645574883389 ], [ 146.226735873361804, 43.520819402893117 ], [ 146.134043815769559, 43.463039455206683 ], [ 146.079356316440936, 43.517645574883389 ] ] ], [ [ [ 146.099294466966086, 43.447048243881348 ], [ 146.045095248247122, 43.40277741104866 ], [ 146.026459181146322, 43.410752670898994 ], [ 146.099294466966086, 43.447048243881348 ] ] ], [ [ [ 145.865000847311222, 43.456162827852218 ], [ 145.938161655336188, 43.455349025936748 ], [ 145.946787956898788, 43.424343166304112 ], [ 145.865000847311222, 43.456162827852218 ] ] ], [ [ [ 139.10962975430968, 76.096869208147439 ], [ 139.825450066067759, 75.970038153637859 ], [ 139.911631707437408, 75.937445380000284 ], [ 139.798594597462767, 75.886175848536581 ], [ 139.956065300473142, 75.835842190264856 ], [ 140.480723503986553, 75.800930080358938 ], [ 140.545909050362326, 75.755519924305005 ], [ 140.453379753872554, 75.700628973148568 ], [ 140.432953320938964, 75.656561591244383 ], [ 140.475840690695264, 75.640326239164636 ], [ 140.901866082453864, 75.615912177205203 ], [ 141.062266471820351, 75.65009186394839 ], [ 140.864431186250158, 75.738836981441537 ], [ 140.908946159837313, 75.984116929652529 ], [ 141.000987174818164, 76.047430731443058 ], [ 141.624685091943434, 76.013128973423377 ], [ 141.310069207228025, 76.18447500241939 ], [ 142.145681185938002, 76.011908270550293 ], [ 142.546885612980844, 75.862982489450346 ], [ 143.058848504454858, 75.806830145594702 ], [ 143.385590040048214, 75.807074286349192 ], [ 143.358897332545752, 75.834418036463262 ], [ 143.584808790493156, 75.869818426978796 ], [ 143.947113476805555, 75.834784247594996 ], [ 144.724131706812727, 75.69501373939255 ], [ 144.809825065774163, 75.644232489437783 ], [ 145.174164258673528, 75.608221747035955 ], [ 145.390391472388558, 75.516831772868059 ], [ 144.729340040510436, 75.43158600558975 ], [ 144.677744987740908, 75.327826238889827 ], [ 144.941091341891905, 75.273342190489714 ], [ 144.721364779760705, 75.246039130201666 ], [ 144.688161655136241, 75.159979559209276 ], [ 144.376312695674301, 75.053045966298299 ], [ 143.998545769371731, 75.024969793920903 ], [ 142.884450716926978, 75.146795966560603 ], [ 142.8375757172455, 75.225531317616216 ], [ 142.707774284755374, 75.238592841686284 ], [ 142.642100456870537, 75.319973049416646 ], [ 142.49431399809248, 75.375677802488596 ], [ 142.534515821348066, 75.476548569960599 ], [ 143.013519727153664, 75.602443752177393 ], [ 143.04297936350676, 75.646673895184122 ], [ 143.001149936420489, 75.707953192186068 ], [ 142.337901237751964, 75.725653386994239 ], [ 142.290049675052359, 75.711493231327609 ], [ 142.434092643760579, 75.677964585397291 ], [ 142.008311393655816, 75.663723049179382 ], [ 142.206879102388683, 75.635809637005082 ], [ 142.008311393655816, 75.622748113834348 ], [ 142.139659050324866, 75.595160222965887 ], [ 142.080577019214132, 75.534735419504017 ], [ 142.187022332414756, 75.471340236262861 ], [ 142.162852410310478, 75.379095770353558 ], [ 142.410166863310025, 75.26675039371564 ], [ 142.439463737661328, 75.203111070619428 ], [ 142.66871178472104, 75.087958075304968 ], [ 143.614512565802272, 75.011135158660622 ], [ 143.707774285454974, 74.947455144838983 ], [ 143.464528842032394, 74.90005117382259 ], [ 142.715098503793087, 74.895168361430706 ], [ 142.62525475380383, 74.84813060154606 ], [ 142.714040561122943, 74.84813060154606 ], [ 142.677989128895121, 74.833970444980039 ], [ 142.514008008762687, 74.817368882667836 ], [ 141.974131706912658, 74.933783270681403 ], [ 142.080577019214132, 74.964829820140082 ], [ 142.364512566501759, 74.93065013249759 ], [ 142.198741082335061, 75.004217841480198 ], [ 141.843760613261679, 74.998968817057218 ], [ 141.371104363475524, 74.919501044637528 ], [ 140.068695509490141, 74.827948309367002 ], [ 139.849619988172037, 74.964829820140082 ], [ 139.652028842457071, 74.980780341639502 ], [ 139.458506707218675, 74.93065013249759 ], [ 139.51661217531165, 74.855943101193134 ], [ 139.644786003970808, 74.889105535991618 ], [ 139.49626712292951, 74.767564194831706 ], [ 139.343435092455451, 74.687404689974429 ], [ 139.12720787874062, 74.652289130039279 ], [ 137.895274285380026, 74.846177476409395 ], [ 137.793793165122509, 74.975409246839277 ], [ 137.134125196320838, 75.14154694213768 ], [ 136.909922721856105, 75.273342190489714 ], [ 136.924327019176559, 75.320502019852313 ], [ 136.862152539707807, 75.362046617257604 ], [ 137.039317254287852, 75.388006903395947 ], [ 137.253754102170006, 75.336371161699759 ], [ 137.422373893940005, 75.369818427078798 ], [ 137.397308790268397, 75.417181708269197 ], [ 137.143321159943611, 75.410223700363531 ], [ 137.148692253844416, 75.464829820040151 ], [ 137.301036003708532, 75.471340236262861 ], [ 137.180674674696519, 75.550726629930011 ], [ 137.293630405019258, 75.601629950262023 ], [ 137.067637566520375, 75.725775458270775 ], [ 137.198496940781183, 75.789618231396219 ], [ 137.742686393861931, 75.749090886834935 ], [ 137.431976759419882, 75.887274481032421 ], [ 137.43295332153869, 75.953192450571123 ], [ 138.027517122716944, 76.031927802526013 ], [ 138.115977410529098, 76.075262762166673 ], [ 137.972666863185168, 76.054144598594306 ], [ 138.376638217279861, 76.157171942131512 ], [ 138.328298373071533, 76.136053778559074 ], [ 138.432139519423259, 76.063381252043115 ], [ 138.532725457214099, 76.186102606250287 ], [ 139.048838737917379, 76.23908112209611 ], [ 138.897308789968662, 76.218736070613133 ], [ 139.10962975430968, 76.096869208147439 ] ] ], [ [ [ 142.704112175236645, 54.426825262375928 ], [ 143.012950065992698, 54.11908600501512 ], [ 142.8518172543628, 53.871975002044714 ], [ 142.933767123254057, 53.857652085275546 ], [ 143.002126498539127, 53.700628973048644 ], [ 142.92676842552234, 53.829779363826546 ], [ 142.906504753691394, 53.766791083341779 ], [ 143.029307488449831, 53.646063544097288 ], [ 142.995860222171473, 53.625555731511781 ], [ 143.07081139423056, 53.598211981397803 ], [ 142.988454623482056, 53.562892971433484 ], [ 143.121104362676192, 53.518052476540547 ], [ 143.125498894458445, 53.467922268298061 ], [ 143.07081139423056, 53.461086329870234 ], [ 143.094086133867904, 53.381903387131594 ], [ 143.182871941187074, 53.39899323095284 ], [ 143.210622592259, 53.363226630204807 ], [ 143.360524936376692, 52.871405341083644 ], [ 143.296885613280381, 52.453680731380636 ], [ 143.193695509540191, 52.336981511887252 ], [ 143.197764519117243, 52.425848700656957 ], [ 143.272308790218403, 52.463324286686408 ], [ 143.23536217552396, 52.480943100943421 ], [ 143.293467644516056, 52.591864325578179 ], [ 143.26140384221344, 52.597601630610747 ], [ 143.118662956929853, 52.337795315601305 ], [ 143.177500847286126, 52.313788153700344 ], [ 143.151377800045339, 52.120062567533516 ], [ 143.115570509471496, 52.153021552302775 ], [ 143.097666862835354, 52.104234117310639 ], [ 143.159353060795183, 51.995672919669502 ], [ 143.125498894458445, 51.967027085231805 ], [ 143.163096549965758, 51.87396881740699 ], [ 143.213063998005168, 51.854803778071847 ], [ 143.238454622982573, 51.891546941837881 ], [ 143.317881707374795, 51.706366278480928 ], [ 143.2610783209077, 51.678208726451544 ], [ 143.224131707112576, 51.522162177242699 ], [ 143.337901238451394, 51.508368230909163 ], [ 143.365082227462835, 51.644964911101759 ], [ 143.447764519516909, 51.508368230909163 ], [ 143.474945509427698, 51.343247789354031 ], [ 143.379405144231981, 51.350083725983175 ], [ 143.474945509427698, 51.289252020664215 ], [ 143.483083530380611, 51.213568427241114 ], [ 143.52125084704906, 51.246771551865606 ], [ 143.495453321113814, 51.309149481363455 ], [ 143.521657748006731, 51.285101630535785 ], [ 143.790293816406461, 50.309230861215312 ], [ 144.002696160399466, 50.012844143542338 ], [ 144.385020378687472, 49.072699286043189 ], [ 144.684743686372002, 48.873236394843737 ], [ 144.702891471963824, 48.688666083373086 ], [ 144.756602410073157, 48.643255927319167 ], [ 144.677256707131278, 48.656439519967876 ], [ 144.632578972441593, 48.80829498922234 ], [ 144.503672722418287, 48.948716539137017 ], [ 144.057871941237067, 49.253404038865263 ], [ 143.40349368578498, 49.400458075379831 ], [ 143.258636915161503, 49.393377997096898 ], [ 143.331309440778, 49.313910222878476 ], [ 143.666758660283875, 49.314886785896427 ], [ 143.174164259073223, 49.245998440175875 ], [ 143.008799674964905, 49.123032945214227 ], [ 142.988454623482056, 48.916693427559636 ], [ 142.537445509502589, 48.01007721599067 ], [ 142.545258009149734, 47.766669012365007 ], [ 142.748057487662862, 47.444769598438192 ], [ 142.714040561122943, 47.437241929371496 ], [ 142.878591342416513, 47.389349676846102 ], [ 143.016368034756965, 47.253607489294183 ], [ 143.097666862835354, 46.875555731511803 ], [ 143.17408287942132, 46.862738348196189 ], [ 143.083832226675895, 46.813462632594408 ], [ 143.172862174749525, 46.707831122208582 ], [ 143.389659050524813, 46.70807526206368 ], [ 143.193695509540191, 46.779974677389433 ], [ 143.197113477405111, 46.840806382708379 ], [ 143.320974154833408, 46.795721747060931 ], [ 143.478200717089493, 46.828436591075835 ], [ 143.557627799683303, 46.396429755328924 ], [ 143.625743035112919, 46.374701238971021 ], [ 143.475840690995057, 46.19000885622372 ], [ 143.430511915492531, 46.025213934175767 ], [ 143.421397332420952, 46.223130601196239 ], [ 143.337901238451394, 46.409409897948493 ], [ 143.368662957329519, 46.555487372344295 ], [ 143.276377799795654, 46.560248114358956 ], [ 143.303233269299909, 46.514390367521436 ], [ 143.159515820998422, 46.598293361549381 ], [ 142.796641471726474, 46.594387111276141 ], [ 142.72461998782228, 46.740790106078542 ], [ 142.618418816275295, 46.718573309110894 ], [ 142.406504753791268, 46.553656317585023 ], [ 142.281911654998794, 46.327460028157759 ], [ 142.201670768690974, 46.030666408627852 ], [ 142.119965039654886, 45.992173570653776 ], [ 142.085297071402664, 45.900824286311732 ], [ 141.93262780023278, 46.035793360874891 ], [ 141.81421959725651, 46.538397528523099 ], [ 142.056651237864315, 47.05369700731103 ], [ 142.056651237864315, 47.16974518419287 ], [ 141.975108269031409, 47.297593492445721 ], [ 141.965830924857187, 47.612494208640797 ], [ 142.191091341991722, 47.966742255450697 ], [ 142.133148634102071, 48.33368561429964 ], [ 141.919606966887955, 48.609116929502719 ], [ 141.857432488318608, 48.774237371957092 ], [ 141.967295769384265, 48.862372137564158 ], [ 142.125010613149328, 49.462307033542736 ], [ 142.159678582300785, 49.677964585197422 ], [ 142.125010613149328, 49.897650458401962 ], [ 142.173838737967344, 50.086411851625606 ], [ 142.145518424835444, 50.363836980891918 ], [ 142.041351758976447, 50.550970770284792 ], [ 142.097015821322998, 50.821926174053665 ], [ 142.269216342060531, 51.112412828289372 ], [ 142.078949415383335, 51.471380927288031 ], [ 141.942718946322287, 51.55927155214038 ], [ 141.939219597006826, 51.61188385595517 ], [ 141.86670983249266, 51.6124535180154 ], [ 141.686778190860736, 51.747300523100698 ], [ 141.823008659921811, 51.744208075642177 ], [ 141.809580924719853, 51.806219794008236 ], [ 141.639008008712636, 51.884507554280226 ], [ 141.675547722449437, 51.912420966454427 ], [ 141.645030144325801, 52.084784247395099 ], [ 141.699880404756982, 52.165716864341775 ], [ 141.641856316315852, 52.318182684583157 ], [ 141.843760613261679, 52.590806382009006 ], [ 141.80974368582244, 52.603908595904969 ], [ 141.928396030452518, 53.02065664348936 ], [ 141.768809441202706, 53.371649480838904 ], [ 142.241058790031161, 53.529364325503273 ], [ 142.263926628710919, 53.380072333271563 ], [ 142.455332879508774, 53.38027578330076 ], [ 142.576670768840756, 53.500067450252629 ], [ 142.687266472169853, 53.529364325503273 ], [ 142.586192253769497, 53.575832424226974 ], [ 142.514008008762687, 53.545599677583148 ], [ 142.497731966856662, 53.658270575526679 ], [ 142.641368035506417, 53.681789455019327 ], [ 142.718516471657892, 53.640204169586781 ], [ 142.80445397227308, 53.706976629967535 ], [ 142.739105664794607, 53.845689195499979 ], [ 142.67310631650335, 53.714300848105601 ], [ 142.604177280057428, 53.697577216315523 ], [ 142.706065300373268, 53.864325262600737 ], [ 142.708262566264352, 53.948228257528065 ], [ 142.28256269581189, 54.303941147965666 ], [ 142.44336998793446, 54.269191799162208 ], [ 142.536957227094263, 54.296535549276179 ], [ 142.570323112821399, 54.234767971664553 ], [ 142.570078972066909, 54.276597397851688 ], [ 142.649099155501574, 54.28339264555413 ], [ 142.625498893658914, 54.32729726815441 ], [ 142.704112175236645, 54.426825262375928 ] ] ], [ [ [ 142.045176628698528, 73.916571356682766 ], [ 142.582774285005144, 73.825344143617315 ], [ 143.407237174955725, 73.542792059406011 ], [ 143.536957226894401, 73.4435488948656 ], [ 143.440928581988402, 73.408758856236219 ], [ 143.565113328317324, 73.231150289354403 ], [ 143.17494506935941, 73.176580216303933 ], [ 142.538281653275561, 73.213831513213705 ], [ 140.788620751546404, 73.410005352564994 ], [ 139.965100003062531, 73.32656662544936 ], [ 139.816695939366127, 73.339069219968508 ], [ 139.767087830738973, 73.4183447497104 ], [ 139.906518496831211, 73.471029484922795 ], [ 140.493302439256098, 73.485043916243725 ], [ 140.899180535053631, 73.801459052093563 ], [ 141.12720787924016, 73.881659247676112 ], [ 142.045176628698528, 73.916571356682766 ] ] ], [ [ [ 142.588063998354812, 54.303900458139672 ], [ 142.540700717164441, 54.297796941975271 ], [ 142.604177280057428, 54.310207424333164 ], [ 142.588063998354812, 54.303900458139672 ] ] ], [ [ [ 140.545095248446955, 73.915838934419313 ], [ 140.326670768840785, 73.938625393447126 ], [ 140.198362117417844, 74.025581884396416 ], [ 140.164716254751312, 74.070638190500077 ], [ 140.193136174994379, 74.190697736711229 ], [ 140.349900026165329, 74.254215725075596 ], [ 140.891449415058446, 74.276516018699283 ], [ 141.058360222446197, 74.234442449959118 ], [ 141.112640820817234, 74.166083075573468 ], [ 141.037771030208916, 74.00385163054834 ], [ 140.545095248446955, 73.915838934419313 ] ] ], [ [ [ 139.276750074056622, 54.613109683465211 ], [ 139.243593279805992, 54.581031643995168 ], [ 139.213725483444335, 54.585579270966555 ], [ 139.276750074056622, 54.613109683465211 ] ] ], [ [ [ 138.230999069751164, 54.706945408903515 ], [ 138.180822791038935, 54.7150828929611 ], [ 138.240995078360129, 54.713711658865925 ], [ 138.230999069751164, 54.706945408903515 ] ] ], [ [ [ 137.567881707175076, 55.194647527861115 ], [ 137.961436393874436, 55.134507554080287 ], [ 137.986175977139624, 55.099066472839425 ], [ 137.883148634501822, 55.002875066830853 ], [ 138.046722851878002, 55.058050848567802 ], [ 138.212168816537769, 55.036363022935113 ], [ 138.010915561304159, 54.933254298846826 ], [ 137.986175977139624, 54.797430731642912 ], [ 137.718923372715381, 54.624335028438814 ], [ 137.485362175324099, 54.879339911607644 ], [ 137.225922071446405, 54.777818101524169 ], [ 137.27491295736715, 54.898260809288921 ], [ 137.461436393974509, 55.026800848180592 ], [ 137.567881707175076, 55.194647527861115 ] ] ], [ [ [ 137.870127800257791, 71.579535223571739 ], [ 137.965830924757427, 71.510687567677081 ], [ 137.693369988434199, 71.419378973161031 ], [ 137.266856316066168, 71.490179755091702 ], [ 137.410899284774189, 71.456040757275161 ], [ 137.344086133668043, 71.427557683939938 ], [ 136.991872592546173, 71.517523505205631 ], [ 137.218272332002499, 71.576239325184716 ], [ 137.870127800257791, 71.579535223571739 ] ] ], [ [ [ 137.921722852127971, 54.464097398376246 ], [ 137.715098503892818, 54.367173570104178 ], [ 137.832286003995989, 54.491034247532497 ], [ 137.917979362957198, 54.509426173878794 ], [ 137.921722852127971, 54.464097398376246 ] ] ], [ [ [ 137.634450717526533, 54.411322333458919 ], [ 137.546722851977933, 54.413804429031117 ], [ 137.546722851977933, 54.516262111407357 ], [ 137.622569207403018, 54.570786851432054 ], [ 137.634450717526533, 54.411322333458919 ] ] ], [ [ [ 137.180674674696519, 55.093207098328918 ], [ 137.071055535284813, 55.009711005258779 ], [ 137.088145379105896, 54.954413153144458 ], [ 137.048594596663321, 54.923285223134492 ], [ 136.895843945841477, 54.96015045817709 ], [ 136.748871289878053, 54.931097723680971 ], [ 136.738129102076385, 54.885077216640212 ], [ 136.670420769402881, 54.907294012708505 ], [ 136.700938347526801, 54.96478913071379 ], [ 136.979014519404501, 55.086859442309468 ], [ 137.146332226850774, 55.126166083098212 ], [ 137.180674674696519, 55.093207098328918 ] ] ], [ [ [ 137.139903191179314, 75.65281810117439 ], [ 136.970225456739399, 75.609686591562991 ], [ 136.98462975405991, 75.621649481338451 ], [ 137.012705925538, 75.629787502291379 ], [ 137.139903191179314, 75.65281810117439 ] ] ], [ [ [ 137.081309440678211, 75.568182683983679 ], [ 136.997325066098796, 75.579331773642437 ], [ 136.975108269131368, 75.591742255101025 ], [ 136.967946811196356, 75.605943101492954 ], [ 137.081309440678211, 75.568182683983679 ] ] ], [ [ [ 135.3540145190548, 74.259100653572261 ], [ 136.216319207065709, 74.014227606318968 ], [ 136.269786004420553, 73.931626695715394 ], [ 136.146169466847397, 73.877101955690691 ], [ 136.080739779716936, 73.898179429437121 ], [ 135.660166863310053, 74.110174872472314 ], [ 135.439300977058423, 74.161118882630319 ], [ 135.3540145190548, 74.259100653572261 ] ] ], [ [ [ 135.84449303492562, 75.382635809494971 ], [ 135.450043164860091, 75.375677802488596 ], [ 135.461599155476733, 75.462062892988101 ], [ 135.594086134467631, 75.568182683983679 ], [ 135.539398634239546, 75.677964585397291 ], [ 135.693125847179971, 75.869330145469831 ], [ 135.864756706756566, 75.70465729469835 ], [ 136.184336785314343, 75.615912177205203 ], [ 135.959320508934354, 75.502020575489155 ], [ 136.013356967450079, 75.428900458189617 ], [ 135.84449303492562, 75.382635809494971 ] ] ], [ [ [ 132.427500847186252, 42.895900782894827 ], [ 132.475596549740942, 42.800238348221193 ], [ 132.401540561048108, 42.831976630117396 ], [ 132.427500847186252, 42.895900782894827 ] ] ], [ [ [ 131.875743035212849, 43.051011460710299 ], [ 131.924001497970778, 43.005845445410998 ], [ 131.883311394105476, 42.960760808864201 ], [ 131.757009310930982, 42.99005768411476 ], [ 131.777517123516418, 43.044623113965557 ], [ 131.875743035212849, 43.051011460710299 ] ] ], [ [ [ 129.417138999465237, 72.81259570252962 ], [ 129.207042751921563, 72.761894598357031 ], [ 128.317149285411119, 72.81232330957306 ], [ 128.419006701797798, 72.869261872237573 ], [ 129.21965983553298, 72.9264060271164 ], [ 129.398612546232044, 72.866022627542193 ], [ 129.417138999465237, 72.81259570252962 ] ] ], [ [ [ 128.652517123466424, 72.675767320105706 ], [ 128.974457227219204, 72.593817450315086 ], [ 128.65333092538188, 72.527492580718018 ], [ 128.103688997848991, 72.634711005108798 ], [ 128.652517123466424, 72.675767320105706 ] ] ], [ [ [ 127.690928581988373, 73.542873439957248 ], [ 127.981293164947587, 73.494086004965226 ], [ 128.063324415289429, 73.491359768638432 ], [ 127.617686394311562, 73.50031159150673 ], [ 127.392344597525224, 73.525458074830269 ], [ 127.690928581988373, 73.542873439957248 ] ] ], [ [ [ 124.45883222702561, 73.92328522293468 ], [ 124.660655144319477, 73.891994533620789 ], [ 124.514170768965769, 73.841376043869317 ], [ 124.28785241006068, 73.880926825412686 ], [ 124.381032748262641, 73.939398505536573 ], [ 124.575694206722247, 73.950018622061734 ], [ 124.45883222702561, 73.92328522293468 ] ] ], [ [ [ 120.230235222477518, 73.039496161118876 ], [ 119.720713738548312, 73.033840236637573 ], [ 119.764659050074968, 73.07294342739722 ], [ 119.634450717526647, 73.128159898060787 ], [ 120.021983269512333, 73.168117580561912 ], [ 120.278575065786711, 73.100897528498066 ], [ 120.230235222477518, 73.039496161118876 ] ] ], [ [ [ 116.052989129045073, 74.285223699913786 ], [ 115.889984571031036, 74.303697007710682 ], [ 115.885752800351355, 74.323635158235959 ], [ 116.063324414989665, 74.370998440325707 ], [ 116.124847851846866, 74.323228257278274 ], [ 116.052989129045073, 74.285223699913786 ] ] ], [ [ [ 113.261729363219459, 76.396714585309823 ], [ 113.408702019182797, 76.387111721628614 ], [ 113.446625195995935, 76.369452216646437 ], [ 113.117686394511438, 76.376898505161876 ], [ 113.208262565864629, 76.433050848118185 ], [ 113.309418164816449, 76.423488674262927 ], [ 113.261729363219459, 76.396714585309823 ] ] ], [ [ [ 113.429535352174852, 74.406195379912916 ], [ 113.241221549734689, 74.300034898192024 ], [ 113.281586134092834, 74.279608466157768 ], [ 113.220062696336356, 74.244818427528386 ], [ 112.966563347520406, 74.193589584991344 ], [ 112.774912956867411, 74.08808014498274 ], [ 112.162852410010686, 74.138576565256258 ], [ 111.45923912878277, 74.31370677324901 ], [ 111.647715691425972, 74.379950262294798 ], [ 111.951345248484373, 74.370794989397268 ], [ 112.007334832136806, 74.538153387568741 ], [ 112.11011803491931, 74.551214911638908 ], [ 113.314463738310764, 74.479803777822056 ], [ 113.429535352174852, 74.406195379912916 ] ] ], [ [ [ 112.518565300448387, 76.615790106628097 ], [ 112.486501498145628, 76.602199611223099 ], [ 112.569672070809389, 76.554999091135116 ], [ 112.50757897189203, 76.540716864191907 ], [ 112.714121941374401, 76.52045319236089 ], [ 112.575938347176958, 76.499741928846959 ], [ 112.618011915017917, 76.45880768422721 ], [ 112.567881706775324, 76.44350820533937 ], [ 111.95883222682572, 76.602199611223099 ], [ 112.272227410466641, 76.615545965873608 ], [ 112.34400475451578, 76.659491278299839 ], [ 112.518565300448387, 76.615790106628097 ] ] ], [ [ [ 107.395355664832167, 77.360256251924426 ], [ 107.745127800207783, 77.329046942262551 ], [ 107.721690300367015, 77.269720770397242 ], [ 107.204844597400211, 77.234320379881638 ], [ 107.457041862791669, 77.280585028576283 ], [ 107.279551628704823, 77.301703192148565 ], [ 107.395355664832167, 77.360256251924426 ] ] ], [ [ [ 107.642588738179626, 78.164496161668481 ], [ 107.704112175036812, 78.123480536497567 ], [ 107.451019727178661, 78.053168036076016 ], [ 107.390635613542727, 78.102484442403039 ], [ 106.395030143726103, 78.130926825012921 ], [ 106.929860872980939, 78.18329498897252 ], [ 107.642588738179626, 78.164496161668481 ] ] ], [ [ [ 106.584157748081637, 77.445868231233902 ], [ 106.94312584708014, 77.458726304375475 ], [ 106.700938347226881, 77.383612372113305 ], [ 106.524750195664978, 77.390448309641727 ], [ 106.584157748081637, 77.445868231233902 ] ] ], [ [ [ 106.748789909926359, 78.298814195418814 ], [ 106.193858269043915, 78.193060614655664 ], [ 105.99097740997955, 78.219142971171138 ], [ 106.068858269293628, 78.270575261938774 ], [ 106.337901237751879, 78.265855210649434 ], [ 106.47006269633637, 78.342596747641863 ], [ 106.748789909926359, 78.298814195418814 ] ] ], [ [ [ 106.456553582381886, 77.321600652847792 ], [ 106.354014519454537, 77.307196356426672 ], [ 106.33301842536018, 77.321600652847792 ], [ 106.456553582381886, 77.321600652847792 ] ] ], [ [ [ 106.011485221665637, 77.287420966104705 ], [ 105.861827019201542, 77.254868882293138 ], [ 105.784922722005945, 77.280585028576283 ], [ 106.011485221665637, 77.287420966104705 ] ] ], [ [ [ 102.929942254331522, 79.275702216683868 ], [ 102.742930535315921, 79.158840236088054 ], [ 102.797618035543891, 79.13833242440181 ], [ 102.674001497970806, 79.076849677370632 ], [ 102.691416863097743, 79.032212632506983 ], [ 102.379161004476714, 78.822455145188812 ], [ 102.66578209736582, 78.892401434478643 ], [ 102.9211531907671, 79.058417059399744 ], [ 103.144297721662539, 79.057766018586861 ], [ 103.624278191385329, 79.171210028619953 ], [ 103.606293165097412, 79.13833242440181 ], [ 104.001312696323865, 79.127671617151393 ], [ 104.023285352536973, 79.096747137170652 ], [ 103.976247591752937, 79.062648830079411 ], [ 104.073496941330731, 79.00482819256699 ], [ 104.455332879009106, 78.966742255550685 ], [ 104.524912957167203, 78.885077216340434 ], [ 104.366709831893161, 78.857123114340197 ], [ 104.654551629454176, 78.829901434603471 ], [ 104.578868035131677, 78.775213934375529 ], [ 104.725108268831619, 78.790838934569209 ], [ 104.759043815719437, 78.853338934444295 ], [ 105.175059441040489, 78.80927155254011 ], [ 105.343760613361709, 78.642320054426932 ], [ 105.333506707068821, 78.604803778571451 ], [ 105.415537957410791, 78.583441473345346 ], [ 105.357432488418553, 78.506252346468557 ], [ 104.787364128851493, 78.336371161100189 ], [ 104.353282096691458, 78.341457424420582 ], [ 103.712575717195534, 78.256293035894913 ], [ 103.015961133699363, 78.256496485924103 ], [ 102.660329622913778, 78.164496161668481 ], [ 102.681488477211431, 78.212876695702903 ], [ 102.607106967212772, 78.225531317016674 ], [ 101.209808789743875, 78.193508205439358 ], [ 100.483164910532139, 78.029974676989767 ], [ 99.871267122979333, 77.952215887153457 ], [ 99.371348504529806, 77.959662177467507 ], [ 99.426036003858414, 77.987005927581464 ], [ 99.268321160093464, 78.04157135653287 ], [ 99.426036003858414, 78.075669664523417 ], [ 99.54314212341022, 78.179673570179162 ], [ 99.755137566445512, 78.264553127225085 ], [ 100.049652540432348, 78.343207098628739 ], [ 100.000743035062968, 78.4177106790046 ], [ 100.275645378931088, 78.579738674000595 ], [ 100.254649284836646, 78.66535065331 ], [ 100.385264519242128, 78.751613674331622 ], [ 100.60157311350838, 78.798163153606609 ], [ 101.166351758826636, 78.760972398157648 ], [ 100.823741082285125, 78.808783270131727 ], [ 100.784922722105932, 78.895086980979343 ], [ 100.907237175355306, 78.985093492071044 ], [ 101.070078972266813, 79.034654039152599 ], [ 101.591644727422235, 78.976996160944083 ], [ 101.625661654861489, 78.986883856105067 ], [ 100.988129102476137, 79.062648830079411 ], [ 101.04265384250084, 79.13300202032697 ], [ 101.195648634077216, 79.147162176892891 ], [ 101.125987175367868, 79.165025131904258 ], [ 101.194183790449614, 79.202866929065451 ], [ 101.557383660127854, 79.254380601283685 ], [ 101.529470247953554, 79.302191473257835 ], [ 101.575450066067759, 79.351629949962145 ], [ 101.81755618626886, 79.371039130051798 ], [ 101.960785352162304, 79.261216539711512 ], [ 102.246267122729549, 79.241644598519457 ], [ 102.167816602254376, 79.292385158648116 ], [ 102.147308789668827, 79.366766669546166 ], [ 102.237640821166963, 79.421454168874732 ], [ 102.401540560748245, 79.431952215921939 ], [ 103.153168164878892, 79.309637762672637 ], [ 102.929942254331522, 79.275702216683868 ] ] ], [ [ [ 99.946625195995992, 79.686428126856555 ], [ 100.25733483223668, 79.680812893100523 ], [ 100.309825065674218, 79.665961004996433 ], [ 99.905772331927579, 79.603827216252981 ], [ 99.946625195995992, 79.686428126856555 ] ] ], [ [ [ 97.592133008831254, 80.174872137039543 ], [ 98.089610222433791, 80.056341864585391 ], [ 97.847829623538232, 79.996527411211048 ], [ 97.768077018739447, 79.946478583519806 ], [ 97.814219597056791, 79.91632721652779 ], [ 97.520518424985326, 79.809271552340249 ], [ 97.608734571143557, 79.776597398151438 ], [ 97.191579623500843, 79.706935940341396 ], [ 97.705821160518184, 79.763169663848885 ], [ 97.723155144194564, 79.805365302067017 ], [ 97.91773522210282, 79.857123114140435 ], [ 97.884043815969306, 79.877183335042815 ], [ 97.926117383810151, 79.902167059062535 ], [ 98.377207879240245, 79.877875067480332 ], [ 98.582367383847682, 79.975978907900242 ], [ 98.439138217055003, 80.015366929240443 ], [ 98.556976758870334, 80.058539130476461 ], [ 99.198985221790508, 80.049994208565849 ], [ 99.247813347507972, 80.035834051999885 ], [ 99.158457879027893, 80.015366929240443 ], [ 99.331716342435158, 80.019761460123348 ], [ 100.022471550521544, 79.823553778384124 ], [ 100.076996290546347, 79.78266022359044 ], [ 99.817067905159632, 79.741644598419512 ], [ 99.885996940706221, 79.693264065284282 ], [ 99.707204623194741, 79.56907786744965 ], [ 99.789073113333515, 79.521918036288355 ], [ 99.686045768897131, 79.473537502253933 ], [ 99.733734571393342, 79.419501044637499 ], [ 99.69629967518982, 79.388169664598351 ], [ 99.748057488162502, 79.364243882349228 ], [ 99.66667728043214, 79.312241929521463 ], [ 99.46013431094967, 79.247544664654527 ], [ 99.034922722006087, 79.295965887615623 ], [ 99.610850456982973, 79.158840236088054 ], [ 99.488047722224621, 79.145168361031068 ], [ 99.527028841707633, 79.12376536687816 ], [ 99.854502800463862, 79.089911200541437 ], [ 99.863047722374475, 79.024359442134624 ], [ 99.946625195995992, 78.970119533589553 ], [ 99.405609570924966, 78.822455145188812 ], [ 98.602712436229979, 78.81586334841478 ], [ 98.555186393936935, 78.802557684489528 ], [ 98.579600456795617, 78.782171942281224 ], [ 97.442230664713392, 78.817206122564528 ], [ 97.404470248103493, 78.829901434603471 ], [ 97.603037956836204, 78.843491929109305 ], [ 97.263926628710948, 78.853013414037846 ], [ 96.79851321741107, 78.989203192373367 ], [ 95.672536654842716, 79.000962632119737 ], [ 95.670176628748379, 79.069403387056724 ], [ 95.523773633946064, 79.109076238977195 ], [ 95.066579623250959, 79.038153387568812 ], [ 94.826670768940801, 79.066636460004602 ], [ 94.63233483178702, 79.127427476396846 ], [ 94.617360873305614, 79.201320704886598 ], [ 94.33399498807816, 79.248602606425123 ], [ 94.354828321070116, 79.315863348314849 ], [ 94.313324415289557, 79.350002346131348 ], [ 94.362315300310854, 79.440008856323715 ], [ 94.31226647172025, 79.479193427634513 ], [ 94.053233268800327, 79.473537502253933 ], [ 94.080577018914298, 79.446844793852136 ], [ 93.988047722424454, 79.427150783182142 ], [ 93.696950717201773, 79.459865627196947 ], [ 93.991221550434162, 79.49404531483944 ], [ 93.690196160224602, 79.542425847974457 ], [ 93.882009311080822, 79.603827216252981 ], [ 93.720957879102841, 79.595404364719684 ], [ 93.443125847080125, 79.501450914428133 ], [ 93.53931725398806, 79.487127997658931 ], [ 93.235850457132855, 79.438950914553004 ], [ 93.114105665044349, 79.467271225886435 ], [ 93.320160352118606, 79.501450914428133 ], [ 92.85417727965762, 79.556097723031542 ], [ 93.280284050168774, 79.552476304238056 ], [ 94.169444206784775, 79.775213934175696 ], [ 94.690114780372824, 79.816107488969408 ], [ 94.224619988521624, 79.898667710646293 ], [ 94.382334832286688, 79.93341705944971 ], [ 94.320811394530196, 79.966986395205922 ], [ 94.351247592102723, 79.976996161643555 ], [ 94.749766471745303, 80.007473049042005 ], [ 94.951996289996785, 80.104478256965933 ], [ 95.241872592346283, 80.021551825056676 ], [ 95.502126498139305, 80.111476955596956 ], [ 96.174082878921766, 80.091498114346507 ], [ 97.592133008831254, 80.174872137039543 ] ] ], [ [ [ 95.967539910338559, 81.205023505630336 ], [ 96.135264518742559, 81.202460028607447 ], [ 96.55469811282768, 81.077378648306023 ], [ 96.544118686128428, 81.02985260601298 ], [ 96.732758008974869, 81.008449610960767 ], [ 96.644053582206993, 80.987982489100546 ], [ 96.766368035456495, 80.949937241910206 ], [ 97.410655143919669, 80.837144273589331 ], [ 97.754649285336257, 80.829291083216972 ], [ 97.78858483222416, 80.81663646010459 ], [ 97.747080925544267, 80.796210028070334 ], [ 97.883555535359662, 80.769476629842615 ], [ 97.747080925544267, 80.741603908393714 ], [ 97.972911003839741, 80.721136786533492 ], [ 97.719004754066162, 80.663641669427463 ], [ 97.130625846905332, 80.665838934419227 ], [ 97.191579623500843, 80.645331121833806 ], [ 97.047373893690221, 80.583929755353907 ], [ 97.020762565839718, 80.525864976187719 ], [ 97.148773634295807, 80.487005927081867 ], [ 97.208506707118786, 80.430853583226224 ], [ 97.205821159718752, 80.355617580586852 ], [ 97.422862175349138, 80.326971747048489 ], [ 97.187998894533308, 80.233587957917919 ], [ 94.530039910513466, 80.131008205164591 ], [ 93.749847852496416, 79.996771551965537 ], [ 92.965017122841971, 80.111029363914 ], [ 92.065765821035811, 80.172430731293218 ], [ 92.195323112771433, 80.208156643114563 ], [ 92.888194207096987, 80.172430731293218 ], [ 92.281016471732769, 80.230414129908155 ], [ 92.107432487919056, 80.289740302672755 ], [ 93.320160352118606, 80.276068427615868 ], [ 93.244395379043453, 80.30955638192151 ], [ 91.422129754284725, 80.30955638192151 ], [ 91.662364129001375, 80.385239976243895 ], [ 92.627614779998027, 80.391546942437387 ], [ 91.887705924888493, 80.460394598332016 ], [ 92.769297721712505, 80.516750393116155 ], [ 92.825205924813559, 80.650620835183361 ], [ 93.270274285529837, 80.797105210536998 ], [ 92.497243686347019, 80.775702216384261 ], [ 92.731211784696114, 80.851467190358491 ], [ 92.676524285367435, 80.878729559021977 ], [ 93.162608269456001, 80.946966863929589 ], [ 93.052744988390558, 80.995428778515318 ], [ 95.547211133786803, 81.220770575301799 ], [ 95.033946159787376, 81.248683986576651 ], [ 95.103526237945474, 81.271307684502005 ], [ 95.776621941049783, 81.288804429280972 ], [ 96.020274285429934, 81.23444245035877 ], [ 95.967539910338559, 81.205023505630336 ] ] ], [ [ [ 97.639008009412038, 76.773098049435461 ], [ 97.459808790043652, 76.718451239033428 ], [ 97.160736524071353, 76.753607489693863 ], [ 97.639008009412038, 76.773098049435461 ] ] ], [ [ [ 97.596202019307725, 76.602199611223099 ], [ 97.314952019420076, 76.609605209912544 ], [ 97.386973504223789, 76.653998114021761 ], [ 97.288259311018393, 76.691595770428421 ], [ 97.446299675189863, 76.714748440588011 ], [ 97.484873893715246, 76.630275783600496 ], [ 97.596202019307725, 76.602199611223099 ] ] ], [ [ [ 97.047373893690221, 76.006333726620113 ], [ 96.748057487862738, 75.981024481294838 ], [ 96.698578321332462, 75.995794988847649 ], [ 97.334808790293408, 76.108710028445117 ], [ 97.047373893690221, 76.006333726620113 ] ] ], [ [ [ 96.885264519042266, 76.355373440631723 ], [ 97.075450066067759, 76.308010158541947 ], [ 96.859548372759193, 76.272162177242649 ], [ 96.787364128651589, 76.212388414593647 ], [ 96.929942253732008, 76.261542058918891 ], [ 97.041270379324487, 76.23908112209611 ], [ 96.729340040210701, 76.181097723481173 ], [ 96.725840690895183, 76.259588934681659 ], [ 96.885264519042266, 76.355373440631723 ] ] ], [ [ [ 96.38331139400556, 76.335272528104753 ], [ 96.766937695718113, 76.335272528104753 ], [ 96.684743686072281, 76.294338283484933 ], [ 96.38331139400556, 76.335272528104753 ] ] ], [ [ [ 96.282969596969323, 76.30927155214043 ], [ 96.646332226850802, 76.247870183861906 ], [ 96.578379754322171, 76.194647528160928 ], [ 96.595550976896106, 76.157171942131512 ], [ 96.519867384372304, 76.190659898235694 ], [ 96.561534050356116, 76.231634833580699 ], [ 96.446787956898703, 76.271633205008371 ], [ 96.346853060820123, 76.254706122289747 ], [ 96.424327019176587, 76.212388414593647 ], [ 96.246104362826074, 76.204982815004897 ], [ 96.396494988452972, 76.177679755616182 ], [ 96.321299674740217, 76.136053778559074 ], [ 96.34473717548029, 76.10504791892636 ], [ 96.181407097059832, 76.154689846559165 ], [ 95.266123894102492, 76.218573309510603 ], [ 95.349945509377733, 76.288763739554909 ], [ 95.570160352118549, 76.238185940528737 ], [ 95.812266472319777, 76.302923895221568 ], [ 96.068125847230007, 76.280015367615064 ], [ 96.104177280357177, 76.231634833580699 ], [ 96.282969596969323, 76.30927155214043 ] ] ], [ [ [ 96.589366081979065, 77.14411041966008 ], [ 96.235036655517234, 76.990464585472154 ], [ 95.684418164966331, 76.952297267904569 ], [ 95.951426629535291, 77.013657945457794 ], [ 95.231944207359234, 77.006293036594428 ], [ 96.52735436271368, 77.205511786139965 ], [ 96.589366081979065, 77.14411041966008 ] ] ], [ [ [ 96.467946811196285, 76.707586980854515 ], [ 96.313487175092973, 76.622544664504701 ], [ 95.889903190879565, 76.6164411483403 ], [ 95.964366082328837, 76.676459052643153 ], [ 96.467946811196285, 76.707586980854515 ] ] ], [ [ [ 95.417002800338935, 76.705267645485435 ], [ 95.733653190742174, 76.698431707956885 ], [ 95.834727410041879, 76.691595770428421 ], [ 95.528656446337891, 76.648749091397377 ], [ 95.417002800338935, 76.705267645485435 ] ] ], [ [ [ 95.065928582438076, 76.681382553961697 ], [ 95.327484570756283, 76.664252020314493 ], [ 94.817637566420558, 76.653998114021761 ], [ 95.065928582438076, 76.681382553961697 ] ] ], [ [ [ 95.197276238207863, 76.164007880559268 ], [ 95.101573112808907, 76.15497467713962 ], [ 95.00603274851251, 76.177679755616182 ], [ 95.101573112808907, 76.225409247039124 ], [ 95.197276238207863, 76.164007880559268 ] ] ], [ [ [ 94.999196810984003, 76.273260808839296 ], [ 94.85523522192787, 76.23908112209611 ], [ 94.903575066136369, 76.212388414593647 ], [ 94.848887565908427, 76.186102606250287 ], [ 94.410166863010303, 76.212388414593647 ], [ 94.778656446038127, 76.210923570066655 ], [ 94.745371940862427, 76.259588934681659 ], [ 94.999196810984003, 76.273260808839296 ] ] ], [ [ [ 93.94410240999828, 76.6164411483403 ], [ 94.362315300310854, 76.574896551834414 ], [ 93.868337436023893, 76.588568426891399 ], [ 93.94410240999828, 76.6164411483403 ] ] ], [ [ [ 94.327647332058717, 80.028998114471435 ], [ 93.993988477486283, 79.9647891302142 ], [ 93.929860872880994, 79.974432684620638 ], [ 93.98438561290574, 80.015366929240443 ], [ 94.327647332058717, 80.028998114471435 ] ] ], [ [ [ 93.920874366758611, 78.157024306326676 ], [ 93.629079623425866, 78.157049872253779 ], [ 93.592913509650728, 78.172397632145049 ], [ 93.792723366490165, 78.203024739600039 ], [ 93.920874366758611, 78.157024306326676 ] ] ], [ [ [ 90.866547070790702, 80.062567450227604 ], [ 92.424327019076685, 80.030707097954206 ], [ 93.813731316347074, 79.898667710646293 ], [ 93.669932488393641, 79.831732489163031 ], [ 93.052093945779006, 79.715277411323513 ], [ 91.921885613430362, 79.678941148515136 ], [ 91.970225456739428, 79.693264065284282 ], [ 91.91570071671471, 79.706935940341396 ], [ 91.944509311355617, 79.715887762310402 ], [ 92.353282097290901, 79.734198309004782 ], [ 92.099457227169239, 79.809881903327167 ], [ 91.072520379112177, 79.850978908150083 ], [ 91.298594597262806, 79.919134833405849 ], [ 91.017588738129746, 79.966986395205922 ], [ 91.179860872980839, 80.011175848386614 ], [ 90.866547070790702, 80.062567450227604 ] ] ], [ [ [ 92.990570508921763, 79.419501044637499 ], [ 92.7918400399858, 79.383246161481196 ], [ 92.587250196539344, 79.415106511955983 ], [ 92.791270378824919, 79.440008856323715 ], [ 92.990570508921763, 79.419501044637499 ] ] ], [ [ [ 92.213389518711338, 79.139553127274951 ], [ 92.724375847167622, 79.076849677370632 ], [ 92.17562910210134, 79.130845445161199 ], [ 92.213389518711338, 79.139553127274951 ] ] ], [ [ [ 92.470550977045932, 79.43256256690897 ], [ 92.2438257171831, 79.382310289188467 ], [ 91.784678582250734, 79.419501044637499 ], [ 92.470550977045932, 79.43256256690897 ] ] ], [ [ [ 92.110362175174245, 77.621649480938729 ], [ 91.911143424729275, 77.600246485886657 ], [ 91.865977410329222, 77.628648179569808 ], [ 92.110362175174245, 77.621649480938729 ] ] ], [ [ [ 91.332774284905298, 81.080755927244198 ], [ 89.996348504379938, 81.10529205958089 ], [ 89.893890821104534, 81.173570054314496 ], [ 90.071543816293996, 81.214544989659487 ], [ 91.454844597400182, 81.192613023272443 ], [ 91.573903842088654, 81.135565496950136 ], [ 91.332774284905298, 81.080755927244198 ] ] ], [ [ [ 91.144216341710845, 79.537339585553397 ], [ 91.531260613086815, 79.449286200497781 ], [ 90.793793165522089, 79.563544012446187 ], [ 91.144216341710845, 79.537339585553397 ] ] ], [ [ [ 89.74679532584355, 77.164424359096856 ], [ 89.301216310284474, 77.147222364420529 ], [ 89.134613477529925, 77.217718817569335 ], [ 89.304372592521077, 77.307928778690155 ], [ 89.604014518755022, 77.31256745032762 ], [ 89.817020347411116, 77.210589664181668 ], [ 89.74679532584355, 77.164424359096856 ] ] ], [ [ [ 89.018685832285328, 77.01307845560622 ], [ 88.816333806060314, 76.985409984583157 ], [ 88.663875129133942, 77.080350502873401 ], [ 88.785648890184163, 77.12357191321324 ], [ 89.135898317353437, 77.127114433584239 ], [ 88.968836852838464, 77.03943478069057 ], [ 89.018685832285328, 77.01307845560622 ] ] ], [ [ [ 87.122080925194467, 74.951646226592061 ], [ 87.053558789706415, 74.890814520373809 ], [ 86.686859570712599, 74.895941473520182 ], [ 86.947032096853803, 74.840725001957281 ], [ 86.919606967087816, 74.819810289313381 ], [ 86.319834832211697, 74.850897528598026 ], [ 86.213389519011074, 74.903387762035607 ], [ 86.59750410223252, 74.917059637092549 ], [ 86.501312696223906, 74.93065013249759 ], [ 86.52393639414926, 74.986965236556429 ], [ 86.618662957429549, 74.95058828302281 ], [ 87.028981967543828, 74.99152252854185 ], [ 87.122080925194467, 74.951646226592061 ] ] ], [ [ [ 86.762217643729258, 73.603745835102174 ], [ 86.398936394399101, 73.594387111276149 ], [ 86.906016471682889, 73.704169012689789 ], [ 86.762217643729258, 73.603745835102174 ] ] ], [ [ [ 85.989268425097677, 74.577297268154382 ], [ 86.20720462319477, 74.512355861633765 ], [ 85.968272331902611, 74.512355861633765 ], [ 86.008555534810128, 74.491888738874195 ], [ 85.85840904993772, 74.444037177074051 ], [ 85.658457879027949, 74.471380927188022 ], [ 85.802989129244978, 74.574408269825852 ], [ 85.989268425097677, 74.577297268154382 ] ] ], [ [ [ 85.096690299717523, 74.755601304156812 ], [ 85.658457879027949, 74.793524480970007 ], [ 85.706228061176049, 74.731431382052619 ], [ 85.096690299717523, 74.755601304156812 ] ] ], [ [ [ 85.495371941361952, 74.499416407940828 ], [ 85.501312696423781, 74.464544989659558 ], [ 85.311859570762522, 74.465643622155426 ], [ 85.148122592283741, 74.537176825450089 ], [ 85.237478060763877, 74.575262762466522 ], [ 85.644786003970935, 74.546454169624297 ], [ 85.495371941361952, 74.499416407940828 ] ] ], [ [ [ 84.9348250658241, 74.482001044612545 ], [ 84.541840040285649, 74.457098700244785 ], [ 84.76783287878429, 74.409898179257539 ], [ 84.732758008675162, 74.395697332865595 ], [ 84.386566602266882, 74.457668361405723 ], [ 84.591807488324903, 74.498928127331155 ], [ 84.9348250658241, 74.482001044612545 ] ] ], [ [ [ 84.355235222227691, 74.018866277956363 ], [ 84.418304884163064, 73.970445054095961 ], [ 83.884532096678853, 74.018866277956363 ], [ 84.418304884163064, 74.039984442427993 ], [ 84.355235222227691, 74.018866277956363 ] ] ], [ [ [ 83.620127799858111, 74.090887761860714 ], [ 83.395518425334984, 74.074530341202333 ], [ 83.465586785002046, 74.046820379956557 ], [ 83.392344597325305, 74.035793361574378 ], [ 82.814463738110987, 74.093980210218533 ], [ 83.18002363388355, 74.155178127568533 ], [ 83.620127799858111, 74.090887761860714 ] ] ], [ [ [ 83.309572221980403, 70.443100132864785 ], [ 83.065270918717871, 70.365328947672751 ], [ 83.13223168724258, 70.433807366216982 ], [ 83.130917362246393, 70.60925978690959 ], [ 83.231186137929981, 70.769061950848325 ], [ 83.305108873175925, 70.80551475320334 ], [ 83.469408132079579, 70.737734944212278 ], [ 83.304760028852272, 70.644604345713958 ], [ 83.25919110198771, 70.548806536092741 ], [ 83.309572221980403, 70.443100132864785 ] ] ], [ [ [ 82.259043815719536, 75.972235419529 ], [ 83.297129754334676, 75.943101304481601 ], [ 82.86231529991116, 75.917181708169267 ], [ 82.823985222140294, 75.954779364576027 ], [ 82.389414910269906, 75.94428131752872 ], [ 82.259043815719536, 75.972235419529 ] ] ], [ [ [ 82.740000846661687, 74.101385808907978 ], [ 82.352875196533006, 74.080877997221776 ], [ 82.317556185669389, 74.116848048898305 ], [ 82.568044466678813, 74.162909247563661 ], [ 82.740000846661687, 74.101385808907978 ] ] ], [ [ [ 82.13013756569606, 75.457220770422168 ], [ 82.164561394093013, 75.437730210680698 ], [ 82.013031446144353, 75.44403717687419 ], [ 82.2039494154332, 75.414943752552176 ], [ 82.294281446031803, 75.33417389490927 ], [ 82.041188998173723, 75.337836005327347 ], [ 82.013031446144353, 75.177150783581794 ], [ 81.906586133842964, 75.208156643214494 ], [ 81.870778842369646, 75.315904038940218 ], [ 81.71159915497698, 75.314276434210086 ], [ 81.688487175542647, 75.277044988935145 ], [ 81.492442254006804, 75.362046617257604 ], [ 81.751800977333176, 75.463283595861299 ], [ 81.793304884013182, 75.465073959895335 ], [ 81.738780143988478, 75.382513739117726 ], [ 81.939626498264275, 75.393500067673983 ], [ 81.869151238538805, 75.44403717687419 ], [ 81.951019726878883, 75.465073959895335 ], [ 81.896983269262421, 75.492377020183312 ], [ 81.959971549747209, 75.509751695484354 ], [ 82.170746289909331, 75.519720770297283 ], [ 82.13013756569606, 75.457220770422168 ] ] ], [ [ [ 81.553884311212016, 75.930609442471763 ], [ 82.228037956986086, 75.887030341177223 ], [ 82.259043815719536, 75.875962632069829 ], [ 81.553884311212016, 75.930609442471763 ] ] ], [ [ [ 82.113291863528602, 75.158636785958919 ], [ 82.150401238426355, 75.095160223065818 ], [ 82.026703321201282, 75.128729558822101 ], [ 82.113291863528602, 75.158636785958919 ] ] ], [ [ [ 79.210703972110622, 80.961330471424191 ], [ 80.437185091918451, 80.940171617126467 ], [ 80.326426629285564, 80.860541083604033 ], [ 79.127614779998083, 80.806708075117513 ], [ 78.974619988421736, 80.84259674714211 ], [ 79.210703972110622, 80.961330471424191 ] ] ], [ [ [ 79.588633660415113, 74.586900131835591 ], [ 79.490000846861591, 74.516913153619171 ], [ 79.148692253744414, 74.607896225930077 ], [ 79.283213738423242, 74.579494533146203 ], [ 79.310720247841104, 74.608710027845447 ], [ 79.182790560835656, 74.629055080227772 ], [ 79.320567254075513, 74.656317450689755 ], [ 79.292735222452563, 74.635891018655627 ], [ 79.588633660415113, 74.586900131835591 ] ] ], [ [ [ 79.541351758876559, 72.92552317885162 ], [ 79.490733269125059, 72.908433335030367 ], [ 79.572032097203547, 72.74054596642317 ], [ 79.395274285379955, 72.704046942512406 ], [ 78.909922721756118, 72.741278386887998 ], [ 78.584646029790377, 72.841864325578157 ], [ 79.173106315703961, 73.101385809107839 ], [ 79.541351758876559, 72.92552317885162 ] ] ], [ [ [ 77.770762566539247, 72.304999091534853 ], [ 77.12712649798948, 72.277899481276009 ], [ 76.852712436529799, 72.333075262113638 ], [ 77.610199415170811, 72.634711005108798 ], [ 78.230804883938191, 72.569159247601149 ], [ 78.394541863316348, 72.491400458664231 ], [ 77.770762566539247, 72.304999091534853 ] ] ], [ [ [ 76.277354362713666, 79.645453192410884 ], [ 76.140147332433415, 79.638617254882391 ], [ 76.268809440802997, 79.604315496862753 ], [ 76.482269727465948, 79.643744208028835 ], [ 77.613780144138374, 79.508978583494823 ], [ 76.696055535434596, 79.47760651183107 ], [ 76.640961134248997, 79.487127997658931 ], [ 76.698741081935367, 79.518215236044298 ], [ 76.6206160818667, 79.548570053964809 ], [ 76.174327019176545, 79.56907786744965 ], [ 76.051442904766205, 79.648504950043446 ], [ 76.277354362713666, 79.645453192410884 ] ] ], [ [ [ 76.162119987747218, 73.562567450627355 ], [ 76.731211785195683, 73.469794012483675 ], [ 76.754405144282032, 73.429877020707949 ], [ 76.071950717351669, 73.525458074830269 ], [ 76.162119987747218, 73.562567450627355 ] ] ], [ [ [ 76.133311394005617, 73.208319402918036 ], [ 76.65577233252715, 73.19700755395543 ], [ 76.736582879096517, 73.155503648174829 ], [ 76.318369987884594, 73.148098049485469 ], [ 76.133311394005617, 73.208319402918036 ] ] ], [ [ [ 75.86589603027754, 73.501532294379857 ], [ 75.900645379080984, 73.470851955153577 ], [ 75.496429884231731, 73.449693100855896 ], [ 75.544281446031917, 73.49811432561556 ], [ 75.379730664738346, 73.449693100855896 ], [ 75.360036654967686, 73.396958726663854 ], [ 75.304209832417868, 73.408758856236219 ], [ 75.42090905011257, 73.49811432561556 ], [ 75.61939537919335, 73.553412176830491 ], [ 76.079356316041142, 73.559556381921482 ], [ 75.86589603027754, 73.501532294379857 ] ] ], [ [ [ 74.211680535228467, 73.114569403555151 ], [ 74.96159915497698, 73.059963282979098 ], [ 74.702647331708874, 73.078762111182456 ], [ 74.639414910469782, 72.960272528554285 ], [ 74.708262566364411, 72.901678778053096 ], [ 74.656260613536503, 72.858628648093656 ], [ 74.093272332252297, 73.027777411198556 ], [ 74.211680535228467, 73.114569403555151 ] ] ], [ [ [ 70.94874108173552, 73.517482814979942 ], [ 71.267832878784347, 73.4435488948656 ], [ 71.111501498095606, 73.447333075660893 ], [ 71.136485222115297, 73.392523505055678 ], [ 71.096446159962312, 73.313177802113842 ], [ 70.980316602529228, 73.265366929240415 ], [ 71.288910352530735, 73.251695054183358 ], [ 71.296397331771416, 73.29564036750898 ], [ 71.459157748131574, 73.348374742600242 ], [ 71.669118686378212, 73.227484442253171 ], [ 71.750125805861217, 73.0421118177062 ], [ 71.374501463971328, 73.178934144994813 ], [ 70.461924675383457, 73.051174221213401 ], [ 70.256602409673462, 73.038275458245778 ], [ 70.109548373158901, 73.100897528498066 ], [ 69.999359570787533, 73.060980535823035 ], [ 70.100840691045065, 73.017971096588852 ], [ 69.874847852546338, 73.038275458245778 ], [ 70.064952019020481, 73.237127997559014 ], [ 69.959320509533896, 73.398830471249241 ], [ 70.469574414827363, 73.499212958111556 ], [ 70.94874108173552, 73.517482814979942 ] ] ], [ [ [ 71.34253991008876, 73.331366278430949 ], [ 71.214121940674985, 73.285060939910409 ], [ 71.13746178513334, 73.292669989528392 ], [ 71.143809441152754, 73.347316799031034 ], [ 71.249522332089924, 73.417873440207046 ], [ 71.34253991008876, 73.402289129839502 ], [ 71.34253991008876, 73.331366278430949 ] ] ], [ [ [ 69.130707226757082, 66.79657623930207 ], [ 69.472992383791478, 66.797674872697243 ], [ 69.516774936014428, 66.738959052718158 ], [ 69.635508660296423, 66.69383372634536 ], [ 69.540375196058434, 66.763657945257933 ], [ 70.049815300335837, 66.708929755203982 ], [ 70.079844596950608, 66.639105536291467 ], [ 70.027110221859246, 66.625230210305986 ], [ 70.130625846905346, 66.556341864585349 ], [ 69.8706160818667, 66.47785065338492 ], [ 69.545420768653528, 66.591009832837486 ], [ 69.57520592541313, 66.638251044550088 ], [ 69.424571159931077, 66.768377997446592 ], [ 69.257090691382189, 66.746283269956905 ], [ 69.130707226757082, 66.79657623930207 ] ] ], [ [ [ 67.588063998055091, 77.013373113978005 ], [ 68.462901237901818, 76.966701565225151 ], [ 68.513194207246883, 76.952297267904569 ], [ 68.488291862879123, 76.926214911389025 ], [ 68.782725457214084, 76.877915757006534 ], [ 68.759125196270745, 76.827378648705661 ], [ 68.930918816050493, 76.787176825450146 ], [ 68.893565300398308, 76.748358466170274 ], [ 68.930674675296103, 76.719387111326185 ], [ 69.033946160486849, 76.712062893187976 ], [ 68.893890820804714, 76.679144598244577 ], [ 68.787608268706592, 76.588568426891399 ], [ 68.938324414739895, 76.56806061430585 ], [ 68.177744987740937, 76.31460195531595 ], [ 68.327484570756368, 76.294338283484933 ], [ 68.287933790112305, 76.281317450140264 ], [ 63.761729363219516, 75.641587631863743 ], [ 63.709646029840364, 75.635809637005082 ], [ 63.72592207084692, 75.666571355883306 ], [ 63.648448113389691, 75.719549872628477 ], [ 63.552012565727267, 75.711493231327609 ], [ 63.620371941012266, 75.69106679929331 ], [ 63.304372592321329, 75.588609116917212 ], [ 63.029958529962208, 75.587713934450548 ], [ 62.27279707082814, 75.440090235875658 ], [ 62.028819206940788, 75.448797918888843 ], [ 61.845713738198384, 75.362046617257604 ], [ 61.694183790249689, 75.375677802488596 ], [ 61.653981966994152, 75.279527085406656 ], [ 61.481700065705418, 75.223456122102334 ], [ 61.379649285186382, 75.259670315432757 ], [ 61.379649285186382, 75.33417389490927 ], [ 61.276621940749926, 75.327866929615112 ], [ 61.271657747806806, 75.263495184255305 ], [ 61.107432487819047, 75.197658596167315 ], [ 60.812754754528285, 75.14614492394908 ], [ 60.724782748225209, 75.027655341320909 ], [ 60.591481967318927, 75.034165757543633 ], [ 60.61182701880189, 75.101385809607464 ], [ 60.571055535284728, 75.117905992267779 ], [ 60.493825716783391, 75.110256251924511 ], [ 60.416026238020429, 75.010931708631418 ], [ 59.927256707431063, 75.005804755485045 ], [ 60.621267123179209, 74.968410549107574 ], [ 60.687510613124296, 74.923814194969154 ], [ 60.560557488237457, 74.866278387137811 ], [ 60.194102409998187, 74.854966539074496 ], [ 60.372325066348743, 74.793524480970007 ], [ 60.276377800195284, 74.749660549095054 ], [ 59.933767122754482, 74.725287176961658 ], [ 59.508799675464658, 74.799750067511653 ], [ 59.872569207203121, 74.676825262375985 ], [ 59.874766472194914, 74.628485419066834 ], [ 59.755218945997498, 74.587469793895821 ], [ 59.09050540550006, 74.738267320480475 ], [ 59.289805534697607, 74.642645575632798 ], [ 59.083669467072298, 74.648871161275039 ], [ 59.221446160312055, 74.615423894996766 ], [ 59.091156446312944, 74.494940497406063 ], [ 59.145762565989664, 74.444037177074051 ], [ 58.186778191360439, 74.58124420825358 ], [ 58.638682487806541, 74.42357005431451 ], [ 58.57048587272488, 74.388861395337074 ], [ 58.728037957185954, 74.300034898192024 ], [ 58.680349154689743, 74.251654364157602 ], [ 58.728037957185954, 74.23859284098674 ], [ 58.536143424879114, 74.23859284098674 ], [ 58.659027540188852, 74.217474677414415 ], [ 58.508311394155506, 74.217474677414415 ], [ 58.590830925107092, 74.184027411136071 ], [ 58.529470248453201, 74.171779689880736 ], [ 58.292246941543112, 74.221625067542845 ], [ 58.248301629116909, 74.190171617126438 ], [ 58.300629102351223, 74.160630601121312 ], [ 58.521983269212456, 74.149237372506775 ], [ 58.307953321388688, 74.087632554199061 ], [ 58.162119987747175, 74.150376694828623 ], [ 58.173106316303389, 74.101385808907978 ], [ 58.097422721980998, 74.059881903127291 ], [ 58.213389519210942, 74.008368230909056 ], [ 58.123301629366743, 73.986721096001787 ], [ 57.739268424897951, 74.050930080258993 ], [ 57.531748894196127, 74.191839911682564 ], [ 57.412119988346795, 74.184027411136071 ], [ 57.535655144469374, 74.093980210218533 ], [ 57.260752799701912, 74.080308335161547 ], [ 57.547699414796128, 74.060777085593983 ], [ 57.911875847492411, 73.915838934419313 ], [ 57.809418165116277, 73.895412502385042 ], [ 57.905039909963818, 73.875474350960459 ], [ 57.945974155482922, 73.806586005239936 ], [ 57.748708530174525, 73.726019598525653 ], [ 57.395355664931984, 73.845526433997748 ], [ 56.555674674846365, 73.888576564856621 ], [ 57.349864129226205, 73.827582098435116 ], [ 57.617523633708707, 73.668850001826144 ], [ 57.585785351812532, 73.613674220988457 ], [ 57.350108269081325, 73.553412176830491 ], [ 57.020192905478147, 73.584214585534724 ], [ 56.735118034969346, 73.680243231340015 ], [ 56.850352409935809, 73.61481354420971 ], [ 56.746755405237714, 73.607367255694271 ], [ 57.237559441515003, 73.509588933882199 ], [ 57.253916863072753, 73.45718008009662 ], [ 56.90845787892794, 73.31468333556748 ], [ 56.749278191535282, 73.361517645422964 ], [ 56.795176629098229, 73.320624091528543 ], [ 56.729828320720408, 73.244533596248473 ], [ 56.120860222221481, 73.290025131954252 ], [ 56.046234571468283, 73.330267645035747 ], [ 56.015798372996521, 73.412298895377717 ], [ 55.917491082547379, 73.44839101833081 ], [ 55.870371941212134, 73.43610260635019 ], [ 55.986501497745984, 73.385199286018249 ], [ 55.980235222277685, 73.329657294048829 ], [ 55.924001497870798, 73.311997789066652 ], [ 55.772308789718878, 73.348049221294502 ], [ 55.43490644597567, 73.332098700694473 ], [ 54.900075716720956, 73.44839101833081 ], [ 54.250010613399091, 73.328273830073186 ], [ 54.033050977420693, 73.374660549145005 ], [ 54.293630405418888, 73.417710679104516 ], [ 54.417328320845364, 73.477687893581447 ], [ 54.184580925369453, 73.491359768638432 ], [ 54.541514518680053, 73.610988674487729 ], [ 55.349619987972062, 73.717230535860566 ], [ 54.530039910413521, 73.704169012689789 ], [ 54.280772332277316, 73.600531317266544 ], [ 53.966481967069136, 73.626654364507274 ], [ 53.631114129013845, 73.759588934281823 ], [ 53.653575065836627, 73.812486070475828 ], [ 53.868662957229702, 73.778713282891729 ], [ 54.315928582038431, 73.930975653103886 ], [ 54.801524285517388, 73.970445054095961 ], [ 54.588633660015368, 74.018866277956363 ], [ 55.018890820654811, 74.17300039365324 ], [ 55.864431186150341, 74.105943100893342 ], [ 55.622731966906755, 74.190171617126438 ], [ 55.075856967325159, 74.265936591100782 ], [ 55.228363477392563, 74.307440496881384 ], [ 55.286143425079025, 74.274359442634179 ], [ 55.746836785089563, 74.296332097947982 ], [ 55.232920769378012, 74.375799872166411 ], [ 55.388356966700613, 74.445054429018626 ], [ 56.28736412865161, 74.491685288845005 ], [ 56.014414909920085, 74.491888738874195 ], [ 56.082041862941608, 74.51976146032311 ], [ 55.866547071490146, 74.553290106253428 ], [ 55.656911655448518, 74.51976146032311 ], [ 55.705821159918571, 74.549872137489132 ], [ 55.499766471945172, 74.566961981310371 ], [ 55.561045768947054, 74.614488023603414 ], [ 55.520274285429885, 74.648871161275039 ], [ 55.612315300410835, 74.676092841011837 ], [ 55.89600670694395, 74.66063060102141 ], [ 56.387054883975722, 74.721380927587717 ], [ 56.555674674846365, 74.683661199904378 ], [ 56.986989779954342, 74.690497137432956 ], [ 56.602793816181681, 74.697333074961506 ], [ 56.416840039836011, 74.753119208584579 ], [ 56.500987175517757, 74.793524480970007 ], [ 56.465993685959781, 74.799261786002674 ], [ 55.832692905153493, 74.800034898092107 ], [ 55.88493899783645, 74.846177476409395 ], [ 56.67847741050408, 74.948675848611487 ], [ 56.2949324884436, 74.964829820140082 ], [ 56.466481967468788, 75.012762762491519 ], [ 56.420583529906011, 75.037258205002118 ], [ 55.869965040254407, 74.997015691920623 ], [ 55.946055535534526, 75.074042059493479 ], [ 55.726328972504113, 75.081488348008847 ], [ 55.808360221946693, 75.156642970996288 ], [ 56.037933790312167, 75.217596747591799 ], [ 56.233571810890368, 75.19757721651537 ], [ 56.137217643779195, 75.156642970996288 ], [ 56.173594597312849, 75.150213934425565 ], [ 56.356293165097391, 75.190741278087501 ], [ 56.453379754472067, 75.118963934038362 ], [ 56.445811393780808, 75.067287502516209 ], [ 56.896250847498649, 75.229966539224392 ], [ 56.892100457370191, 75.280462958598619 ], [ 56.733246290383995, 75.296576239401944 ], [ 57.046234571268428, 75.398138739311378 ], [ 57.741058789831285, 75.327866929615112 ], [ 57.64039147238848, 75.439398505236795 ], [ 57.500824415114657, 75.499212958611182 ], [ 58.195648633677514, 75.603216864266827 ], [ 57.925547722549361, 75.628973700375951 ], [ 58.019297721912324, 75.681341864335565 ], [ 58.604502800164106, 75.732611394900033 ], [ 58.536143424879114, 75.759955145013976 ], [ 58.931000195902328, 75.867621161087712 ], [ 59.333506707268732, 75.891669011915326 ], [ 59.398692254543846, 75.937445380000284 ], [ 59.748789910326124, 75.930609442471763 ], [ 60.347666862735466, 76.005682684008647 ], [ 60.04273522225278, 76.054144598594306 ], [ 60.268077019039268, 76.110093492420745 ], [ 60.838389519360838, 76.122992255388212 ], [ 60.468435091805993, 76.013128973423377 ], [ 60.7347111341115, 76.005357164501504 ], [ 60.81836998828436, 76.060126044381505 ], [ 61.145762566489282, 76.116115627134462 ], [ 61.119313997942676, 76.151190497243647 ], [ 60.899750196014729, 76.157171942131512 ], [ 61.076914909695304, 76.279974676889779 ], [ 61.675140821291834, 76.315171617376222 ], [ 62.093760613461583, 76.25340403886527 ], [ 62.382497591690523, 76.271185614224692 ], [ 62.388926629160558, 76.197088933907168 ], [ 62.503672721718701, 76.177679755616182 ], [ 62.779470248053435, 76.270697333615018 ], [ 62.956797721937285, 76.206935940141463 ], [ 63.7192488944209, 76.349676825425163 ], [ 63.95606530037329, 76.363226630104862 ], [ 64.090830924907237, 76.312811591281971 ], [ 64.475271030333857, 76.39866771044646 ], [ 64.67603600405829, 76.383124091703522 ], [ 64.669769726791429, 76.418605860971667 ], [ 64.825938347276889, 76.484198309204558 ], [ 65.168955924776085, 76.475287177061546 ], [ 65.484873893815205, 76.574896551834414 ], [ 65.998789910425984, 76.533351955328413 ], [ 66.032888217517225, 76.547552802619677 ], [ 65.753428581663684, 76.682847398488633 ], [ 66.943532747938065, 76.948960679691595 ], [ 67.588063998055091, 77.013373113978005 ] ] ], [ [ [ 67.235606316178519, 68.820379949874777 ], [ 67.40674889424605, 68.768093166466429 ], [ 67.115814649226678, 68.798366603835689 ], [ 67.235606316178519, 68.820379949874777 ] ] ], [ [ [ 67.229340039810978, 69.433539130126803 ], [ 67.058929884006901, 69.450506903570812 ], [ 67.021820509109219, 69.476955471218005 ], [ 67.154551628854549, 69.560126043881766 ], [ 67.318207226782079, 69.583075262213526 ], [ 67.344981315735055, 69.522121486517321 ], [ 67.229340039810978, 69.433539130126803 ] ] ], [ [ [ 66.938649936445373, 69.439398505536573 ], [ 67.217295769484195, 69.420558986607887 ], [ 67.308278841795143, 69.437689520255105 ], [ 67.132172070784392, 69.363918361243407 ], [ 66.938649936445373, 69.439398505536573 ] ] ], [ [ [ 66.864431185750632, 70.383124091103866 ], [ 66.763682487756583, 70.403143622180465 ], [ 66.590342643797982, 70.473049221644217 ], [ 66.668467643866592, 70.538275457846055 ], [ 66.864431185750632, 70.383124091103866 ] ] ], [ [ [ 66.474619988221818, 70.819281316979215 ], [ 66.44288170722497, 70.846625067093186 ], [ 66.605723504136392, 71.003241278362282 ], [ 66.596527540513563, 70.90766022334067 ], [ 66.474619988221818, 70.819281316979215 ] ] ], [ [ [ 66.58253014415078, 70.501654364457352 ], [ 66.478200717189324, 70.535060940010325 ], [ 66.397308790068564, 70.630316472826962 ], [ 66.427989129294915, 70.799505927556453 ], [ 66.58253014415078, 70.501654364457352 ] ] ], [ [ [ 64.704844596900628, 81.20526764548552 ], [ 65.229828320820346, 81.136704820171303 ], [ 65.436289909751537, 81.03705475557247 ], [ 65.306162956855019, 80.995428778515318 ], [ 65.465668164654076, 80.934881902877478 ], [ 64.999766471845234, 80.808823960457417 ], [ 64.586680534678976, 80.755194402899406 ], [ 63.130707227056895, 80.68309153934301 ], [ 62.503672721718701, 80.82412344024452 ], [ 63.142263216774047, 80.971380927687676 ], [ 64.036468945985106, 80.986883856604663 ], [ 64.186045768797129, 81.019029039458658 ], [ 64.216807487675354, 81.056870835720474 ], [ 64.120371940912364, 81.093573309660513 ], [ 64.274750196464367, 81.169134833605625 ], [ 64.704844596900628, 81.20526764548552 ] ] ], [ [ [ 62.765961134098987, 81.706610419535238 ], [ 63.677582227537762, 81.694973049266764 ], [ 63.805918816400208, 81.660142319912097 ], [ 63.467458529987134, 81.589056708300376 ], [ 62.106455925500583, 81.673244532908853 ], [ 62.804698112827694, 81.721625066943275 ], [ 62.765961134098987, 81.706610419535238 ] ] ], [ [ [ 62.255625847355041, 80.792303778696393 ], [ 62.259450717076923, 80.741441148190461 ], [ 62.037445509402708, 80.665838934419227 ], [ 62.147308790468337, 80.639146226017473 ], [ 62.115977410429146, 80.62238190350206 ], [ 61.706228061475805, 80.597479559134328 ], [ 61.587657097397077, 80.555975653353741 ], [ 61.606211784845954, 80.529282944951873 ], [ 61.310801629291753, 80.510728257503047 ], [ 61.276621940749926, 80.501369533677021 ], [ 61.383067253950614, 80.490790106078521 ], [ 61.044606967537469, 80.405178127668478 ], [ 60.307383659828076, 80.49555084809316 ], [ 59.636403842063714, 80.431219794358057 ], [ 59.241953971998164, 80.529282944951873 ], [ 59.372325066548591, 80.570257880296907 ], [ 59.286143425178935, 80.581976630217355 ], [ 59.221446160312055, 80.652777411248564 ], [ 59.570811393830731, 80.789984442428022 ], [ 59.508799675464658, 80.803656317485107 ], [ 59.6938582693437, 80.837144273589331 ], [ 60.170909050012611, 80.853949285930796 ], [ 60.256195508915653, 80.83095937687375 ], [ 59.968109571499483, 80.809881903127319 ], [ 60.361989780404066, 80.789984442428022 ], [ 61.602549675327239, 80.895656643539184 ], [ 62.067718945872628, 80.87986888224313 ], [ 62.255625847355041, 80.792303778696393 ] ] ], [ [ [ 62.18628990995137, 81.559312242266088 ], [ 61.828135612868216, 81.564398505586581 ], [ 61.653981966994152, 81.604925848349154 ], [ 62.010996940856103, 81.602932033386594 ], [ 62.18628990995137, 81.559312242266088 ] ] ], [ [ [ 61.599782748275182, 81.031398830191819 ], [ 60.987803581969715, 80.922023830635212 ], [ 60.022715691176202, 80.995428778515318 ], [ 60.612803581819847, 81.092474677164617 ], [ 61.701670769490363, 81.10529205958089 ], [ 61.606211784845954, 81.077378648306023 ], [ 61.599782748275182, 81.031398830191819 ] ] ], [ [ [ 60.571462436242449, 81.268133856492298 ], [ 60.432302279926262, 81.244370835345762 ], [ 59.840586785451791, 81.291571356333037 ], [ 60.571462436242449, 81.268133856492298 ] ] ], [ [ [ 59.023610872943429, 70.479803778621459 ], [ 59.533213738323347, 70.26487864833102 ], [ 59.553965690764038, 70.199611721403841 ], [ 60.03646894588514, 70.098578191930045 ], [ 60.328461134473784, 69.957261460448038 ], [ 60.413828972129366, 69.962713934000831 ], [ 60.545909050162457, 69.80817291914488 ], [ 60.44849694128078, 69.765936591100811 ], [ 60.475922071046831, 69.722479559284253 ], [ 60.254079622676478, 69.689439194862942 ], [ 60.032725456714473, 69.722479559284253 ], [ 59.934092644060222, 69.667873440506924 ], [ 59.563487174793266, 69.715033269869494 ], [ 59.546885613380361, 69.778998114271573 ], [ 59.623708530024615, 69.804348049422913 ], [ 59.431488477311333, 69.889471747223283 ], [ 58.939707878915428, 69.94220612231473 ], [ 59.132090690932607, 69.873277084969502 ], [ 59.015961134398893, 69.859686591363101 ], [ 58.695567253925638, 70.00283437760443 ], [ 58.57048587272488, 70.078802802507397 ], [ 58.604502800164106, 70.112860418873211 ], [ 58.549164259123302, 70.133978583344941 ], [ 58.611338737692535, 70.140204168987154 ], [ 58.590830925107092, 70.181219794158196 ], [ 58.452972852215353, 70.195461330376119 ], [ 58.501475457526347, 70.229559637467261 ], [ 58.412119988146941, 70.260321356345599 ], [ 58.824229363194554, 70.215887762410276 ], [ 58.494639519098492, 70.331976630017508 ], [ 58.638682487806541, 70.331976630017508 ], [ 58.755218946197417, 70.386908270100562 ], [ 58.740977409979443, 70.428208725851974 ], [ 59.023610872943429, 70.479803778621459 ] ] ], [ [ [ 60.200694206772226, 80.142523505055678 ], [ 59.993174675171076, 80.146958726663883 ], [ 59.891286654855243, 80.175441799099772 ], [ 60.101328971854521, 80.183661200603865 ], [ 60.200694206772226, 80.142523505055678 ] ] ], [ [ [ 59.927256707431063, 79.994859117554228 ], [ 59.206797722237148, 79.928900458189588 ], [ 58.768728061051135, 80.021063544447003 ], [ 59.5291447269476, 80.120917059074998 ], [ 59.809580924919686, 80.088934637323618 ], [ 59.836110873118315, 80.027289130089244 ], [ 59.927256707431063, 79.994859117554228 ] ] ], [ [ [ 59.737152540057657, 81.189764716568362 ], [ 59.014659050075089, 81.193060614056151 ], [ 58.994639518998589, 81.198187567202467 ], [ 59.737152540057657, 81.189764716568362 ] ] ], [ [ [ 59.355642122785675, 81.753322658114129 ], [ 57.989431186400132, 81.690130927600208 ], [ 57.891286655254959, 81.70795319188629 ], [ 57.945974155482922, 81.75519440359885 ], [ 58.14527428468044, 81.776841539405552 ], [ 57.939707879115296, 81.803615627459266 ], [ 58.156097852134188, 81.830267645135763 ], [ 59.214691602435508, 81.85871002864485 ], [ 59.439952018670688, 81.817816472951876 ], [ 59.331309441377577, 81.789862371851015 ], [ 59.355642122785675, 81.753322658114129 ] ] ], [ [ [ 59.017914259535466, 81.403387762535218 ], [ 59.385427280444659, 81.330552476715425 ], [ 59.054372591821661, 81.287054755072873 ], [ 58.464121940974849, 81.334947007598245 ], [ 59.017914259535466, 81.403387762535218 ] ] ], [ [ [ 59.264333530068392, 80.343207098228959 ], [ 58.194590691007548, 80.291327216677701 ], [ 58.076914910294782, 80.261786200672603 ], [ 58.47486412877651, 80.222357489506521 ], [ 58.406504754390951, 80.165594794664003 ], [ 57.95671634238532, 80.197211005283719 ], [ 57.905039909963818, 80.172430731293218 ], [ 58.014903191029447, 80.110988674088006 ], [ 57.713063998005069, 80.09882233338395 ], [ 57.290212436055121, 80.169012762528965 ], [ 57.302256707281138, 80.207180080096606 ], [ 57.219737175430325, 80.241278387187762 ], [ 57.25896243566784, 80.325873114552635 ], [ 57.192393425316354, 80.364203192323416 ], [ 57.274424674758933, 80.391546942437387 ], [ 56.946055535334665, 80.481512761904483 ], [ 58.452403191054366, 80.468085028501264 ], [ 59.264333530068392, 80.343207098228959 ] ] ], [ [ [ 59.237152540157624, 75.94822825762796 ], [ 58.810313347383016, 75.902085679310687 ], [ 58.693207226931975, 75.903265692357792 ], [ 59.200205925463109, 75.989243881899611 ], [ 59.260020378837403, 75.984076238927244 ], [ 59.237152540157624, 75.94822825762796 ] ] ], [ [ [ 59.241384310837269, 69.152899481226044 ], [ 59.060231967231474, 69.242621160837885 ], [ 58.762054883725845, 69.338934637223701 ], [ 59.150726758932727, 69.25462474223805 ], [ 59.241384310837269, 69.152899481226044 ] ] ], [ [ [ 59.029063347395578, 80.82412344024452 ], [ 58.421234571218513, 80.748765367227861 ], [ 57.81568444148381, 80.809881903127319 ], [ 58.74586022237137, 80.902736720922945 ], [ 58.960215691500977, 80.871893622392761 ], [ 59.029063347395578, 80.82412344024452 ] ] ], [ [ [ 58.61394290544068, 79.979437567389766 ], [ 58.870371941511884, 79.901312567321156 ], [ 58.248301629116909, 79.93341705944971 ], [ 58.61394290544068, 79.979437567389766 ] ] ], [ [ [ 58.702321810902916, 81.612616278518487 ], [ 58.493011915267658, 81.57908763258817 ], [ 58.275726758882797, 81.59271881691987 ], [ 58.702321810902916, 81.612616278518487 ] ] ], [ [ [ 58.561289910001406, 80.95701732019316 ], [ 58.253591342466486, 80.955145575607801 ], [ 57.840993685909893, 81.047674872097701 ], [ 58.069509310706124, 81.111517645223117 ], [ 58.696625195696143, 81.024725652866536 ], [ 58.561289910001406, 80.95701732019316 ] ] ], [ [ [ 57.79574629005922, 81.536078192454596 ], [ 57.888845247709966, 81.485581773080369 ], [ 58.399912956717579, 81.474188544465861 ], [ 58.57048587272488, 81.413153387318943 ], [ 57.797618035543906, 81.378892320024576 ], [ 57.438731316197305, 81.437730210380877 ], [ 56.740489128870252, 81.453517971677073 ], [ 56.98178144625674, 81.493231512524247 ], [ 57.007497592539885, 81.508734442340611 ], [ 56.946055535334665, 81.522406317397596 ], [ 57.013031445744616, 81.53681061471805 ], [ 57.82300866052131, 81.550279038846611 ], [ 57.79574629005922, 81.536078192454596 ] ] ], [ [ [ 56.171234571218449, 81.12128327000687 ], [ 57.256358268819127, 81.064764715918841 ], [ 58.282399936208044, 80.926499742069353 ], [ 57.838145379205848, 80.853338934044572 ], [ 57.534353061044918, 80.862697657870598 ], [ 57.198578321132565, 80.90607330913592 ], [ 57.234060092199485, 80.933335679597903 ], [ 57.201426628735831, 80.953924871835397 ], [ 56.957774285255049, 80.967840887646872 ], [ 56.896739129007656, 81.016099351304035 ], [ 56.095550976896064, 81.091009833537015 ], [ 56.171234571218449, 81.12128327000687 ] ] ], [ [ [ 58.083750846924048, 81.214544989659487 ], [ 57.389821810827925, 81.123765367377771 ], [ 56.994395379543093, 81.166164455625164 ], [ 57.887868686490684, 81.245550848392867 ], [ 58.083750846924048, 81.214544989659487 ] ] ], [ [ [ 56.33594811271518, 81.385199286218054 ], [ 57.905039909963818, 81.297105210437067 ], [ 56.431162957504505, 81.174465235881897 ], [ 56.240407748418797, 81.228216864716572 ], [ 55.610362175274162, 81.202948309217078 ], [ 55.560557488337416, 81.223089911570199 ], [ 55.609060091849805, 81.275946356139372 ], [ 55.431651238314011, 81.275946356139372 ], [ 55.5407820971161, 81.297105210437067 ], [ 55.46566816485393, 81.324408269825767 ], [ 55.712087436286204, 81.330552476715425 ], [ 56.544769726841359, 81.25478750184169 ], [ 56.602793816181681, 81.269110419510255 ], [ 56.3911238944522, 81.324408269825767 ], [ 56.418304884362932, 81.338080144882753 ], [ 56.33594811271518, 81.385199286218054 ] ] ], [ [ [ 55.520274285429885, 81.008449610960767 ], [ 56.019216341760789, 81.043605861621216 ], [ 57.716075065811602, 80.7931582704378 ], [ 57.058767123104253, 80.691839911282841 ], [ 56.668467644066538, 80.809230861415145 ], [ 55.7988387379174, 80.854437567439746 ], [ 55.376963738086069, 80.933335679597903 ], [ 55.380625846705449, 80.968573309010992 ], [ 54.998301629316714, 80.95115794568261 ], [ 54.859548373059013, 81.001654364157531 ], [ 54.417328320845364, 81.008449610960767 ], [ 54.670909050212465, 81.125189520280074 ], [ 55.520274285429885, 81.008449610960767 ] ] ], [ [ [ 54.869639519148464, 73.424139716574686 ], [ 55.489756707306213, 73.320624091528543 ], [ 55.758067254400302, 73.327948309666752 ], [ 56.435231967081549, 73.23012929892802 ], [ 56.582041862841713, 73.129584051862494 ], [ 55.808360221946693, 73.066107488969394 ], [ 56.466156446163048, 73.052476304637693 ], [ 56.321950717251759, 72.996730860840557 ], [ 55.616465691438492, 72.963690497318638 ], [ 56.255056186493796, 72.958319403417704 ], [ 56.219899935833354, 72.826564846690374 ], [ 56.137950066042656, 72.782294012058983 ], [ 55.503591341667061, 72.808823960257612 ], [ 55.431651238314011, 72.785589911345298 ], [ 55.81072024804098, 72.758368231608571 ], [ 55.946055535534526, 72.668890691851956 ], [ 55.616465691438492, 72.696844793852122 ], [ 55.723480664900812, 72.638332423902256 ], [ 55.622731966906755, 72.62051015871684 ], [ 55.684825065824114, 72.573309636830245 ], [ 55.618174674921306, 72.542181708618912 ], [ 55.267100457020405, 72.586981511887259 ], [ 55.54273522225273, 72.526841539005829 ], [ 55.536143425478727, 72.472479559184279 ], [ 55.115570509071752, 72.450384833493217 ], [ 55.46566816485393, 72.436183986201968 ], [ 55.47559654984088, 72.370550848143054 ], [ 55.376963738086069, 72.302679755266453 ], [ 55.574961784758564, 72.199652410830126 ], [ 55.342784050443576, 72.065578517834382 ], [ 55.452647332408461, 72.058783270131812 ], [ 55.349619987972062, 71.976263739180183 ], [ 55.390472852040517, 71.942694403424014 ], [ 55.225433790137274, 71.929022528366929 ], [ 55.506358268719111, 71.898016669633606 ], [ 55.528656446237989, 71.785142319862146 ], [ 55.67212975378515, 71.611029364713431 ], [ 56.014414909920085, 71.387152411554496 ], [ 56.10572350443617, 71.258978582895253 ], [ 57.038747592027754, 70.869818427078684 ], [ 57.466807487675396, 70.818019924280151 ], [ 57.638682488006403, 70.729885158673071 ], [ 57.432627800032904, 70.743557032830864 ], [ 57.539317253988017, 70.704779364276249 ], [ 57.397797070678266, 70.626206773423789 ], [ 57.452484570906243, 70.606350002550599 ], [ 56.740489128870252, 70.702582098385207 ], [ 57.343272332452166, 70.571600652847778 ], [ 57.295746290159123, 70.564683335667397 ], [ 56.596527539814112, 70.674627997284233 ], [ 56.698985222190281, 70.63369375266457 ], [ 56.585297071402742, 70.642320054227127 ], [ 56.493500196277019, 70.695135808970349 ], [ 56.581309441477515, 70.737738348146209 ], [ 56.552093945878866, 70.753973700226041 ], [ 56.199229363044637, 70.709377346087621 ], [ 56.301768425072787, 70.681463933913463 ], [ 56.237966341773252, 70.653143622580075 ], [ 56.433604363250723, 70.67621491128908 ], [ 56.527598504267502, 70.640529690193105 ], [ 56.453298373021475, 70.626206773423789 ], [ 56.654551629154334, 70.58999258009348 ], [ 56.514008008862561, 70.544867255519421 ], [ 56.400645379380691, 70.56386953285265 ], [ 56.562510613274121, 70.579046942262622 ], [ 56.041026237770588, 70.647935288882451 ], [ 56.178233268950216, 70.609767971314795 ], [ 56.131521030371218, 70.595892645329272 ], [ 55.808360221946693, 70.695135808970349 ], [ 56.047862175299215, 70.585272527904863 ], [ 55.719248894220996, 70.611395575145679 ], [ 55.625254754103551, 70.633734442490521 ], [ 55.602793816381542, 70.647935288882451 ], [ 55.79151451888, 70.63369375266457 ], [ 55.738047722424469, 70.707586981154222 ], [ 55.59937584671794, 70.721421617313823 ], [ 55.69369550904046, 70.698675848111861 ], [ 55.746836785089563, 70.647935288882451 ], [ 55.404795768809677, 70.750392971258592 ], [ 55.349619987972062, 70.702582098385207 ], [ 55.420664909757754, 70.696234442365608 ], [ 55.472504102382423, 70.654120184698726 ], [ 55.25001061319923, 70.678534247557437 ], [ 55.2955835303556, 70.606350002550599 ], [ 55.162608268956454, 70.553127345950273 ], [ 54.760590039998348, 70.680609442172099 ], [ 54.71216881613794, 70.757798569948037 ], [ 54.513438347201955, 70.825425522969468 ], [ 54.568125847429926, 70.777044988935089 ], [ 54.492442254006768, 70.784491278349819 ], [ 54.478770378949847, 70.736029364663423 ], [ 54.767425977526877, 70.647935288882451 ], [ 54.286957227194272, 70.777044988935089 ], [ 54.294444207334273, 70.743557032830864 ], [ 54.225108269031395, 70.729559637367331 ], [ 53.854828321070144, 70.822211005133838 ], [ 53.889821811527362, 70.784491278349819 ], [ 53.544606967237705, 70.854315497262419 ], [ 53.539724154845842, 70.80499909093534 ], [ 53.300140820942104, 70.866400458314459 ], [ 53.576833529743631, 70.888739325659401 ], [ 53.704763216749086, 70.845933335555017 ], [ 53.673594596913091, 70.890366929490199 ], [ 53.724619988521646, 70.968817449965272 ], [ 53.501719597481461, 71.094427802501059 ], [ 53.904307488499789, 71.054632880203243 ], [ 53.936859571412086, 71.059475001869842 ], [ 53.807139519473239, 71.133978583145094 ], [ 54.243988476886678, 71.122870184211578 ], [ 53.992198113352273, 71.160589910995597 ], [ 54.164073112783903, 71.209662177467479 ], [ 54.064463738011071, 71.23700592758145 ], [ 53.943044467228404, 71.176418361218339 ], [ 53.801036004208171, 71.209662177467479 ], [ 53.832286003696147, 71.170111395024847 ], [ 53.795909050162493, 71.155340887472008 ], [ 53.450938347526723, 71.264308986070816 ], [ 53.594899935683529, 71.301825261926226 ], [ 53.682383660477555, 71.398342190139971 ], [ 53.951182488181253, 71.462225653091409 ], [ 53.576345248234652, 71.390814520173947 ], [ 53.543630405119089, 71.316839911132973 ], [ 53.413340691119998, 71.311753648711885 ], [ 53.25171959708176, 71.456040757275161 ], [ 53.444102409998237, 71.545477606306491 ], [ 53.347829623438379, 71.567531643070879 ], [ 53.11304772227458, 71.422430731692884 ], [ 53.029633008856287, 71.4995791696429 ], [ 53.038747591927795, 71.44277578317589 ], [ 52.882334832486507, 71.393988348183754 ], [ 52.821299675339759, 71.469916083260642 ], [ 52.820323113221136, 71.42877838771247 ], [ 52.71810957070015, 71.48973216430791 ], [ 52.609873894364696, 71.46869538038753 ], [ 52.643809441252699, 71.546087958192672 ], [ 52.547211134286371, 71.634833075685904 ], [ 52.498789910426034, 71.565904039240039 ], [ 52.3684188158756, 71.534898179607353 ], [ 52.416270379474383, 71.476548569860597 ], [ 52.280446811371199, 71.513739325309629 ], [ 52.268809441102832, 71.587958075105135 ], [ 52.141856316216, 71.545477606306491 ], [ 52.279063347395621, 71.476548569860597 ], [ 51.840342644497461, 71.456040757275161 ], [ 51.532399936208094, 71.565904039240039 ], [ 51.549652540232515, 71.613511460285636 ], [ 51.41627037877501, 71.750921942393688 ], [ 51.439626498064385, 71.942206121915035 ], [ 51.610036654767789, 72.091701565075141 ], [ 51.865733269474795, 72.158677476384455 ], [ 52.06674238395383, 72.074286199948119 ], [ 52.187754753778876, 72.129217840930622 ], [ 52.200368686165959, 72.082749742206914 ], [ 52.3684188158756, 72.075344143517427 ], [ 52.409434441046628, 72.086086330419789 ], [ 52.3684188158756, 72.162420966454491 ], [ 52.490082227412856, 72.164211330488527 ], [ 52.402028842357133, 72.223211981048067 ], [ 52.48454837330879, 72.20962148654236 ], [ 52.416514519329638, 72.289292709890645 ], [ 52.587575716845819, 72.264227606219023 ], [ 52.684336784914649, 72.322577215965779 ], [ 52.580739780216724, 72.374090887284567 ], [ 52.72291100433943, 72.345160223165792 ], [ 52.868174675021216, 72.346747137170638 ], [ 52.689952018670702, 72.367173570104185 ], [ 52.684092644160124, 72.446926174003764 ], [ 52.820323113221136, 72.450384833493217 ], [ 52.680023633683753, 72.478745835551862 ], [ 53.102061393718323, 72.600653386944202 ], [ 52.723968946109963, 72.559027411685705 ], [ 52.811778191310466, 72.613918361043503 ], [ 52.754893425191433, 72.638373114627512 ], [ 52.980235221977928, 72.675848700656957 ], [ 53.218109571499525, 72.648423569991735 ], [ 53.005869987709715, 72.683172919694499 ], [ 52.575043165010058, 72.670640366959333 ], [ 52.375254754303462, 72.730373440681731 ], [ 52.616709831893225, 72.863226629905071 ], [ 53.026866081804272, 72.924994208415995 ], [ 53.382009311080878, 72.888617254882377 ], [ 53.29330488431291, 72.908433335030367 ], [ 53.395681186137828, 72.92963288005339 ], [ 53.141937695668119, 72.96246979444544 ], [ 53.152842643673054, 73.014227606518816 ], [ 53.382009311080878, 73.011542059118725 ], [ 53.121918165490925, 73.100897528498066 ], [ 53.189707878715588, 73.173285223534251 ], [ 53.753184441508729, 73.29889557517059 ], [ 54.190765821185657, 73.27220286766817 ], [ 54.869639519148464, 73.424139716574686 ] ] ], [ [ [ 56.843028190898302, 70.606350002550599 ], [ 57.193044467028564, 70.541449285855862 ], [ 57.221690299667557, 70.52606842731609 ], [ 57.035411003814751, 70.544867255519421 ], [ 57.13843834735188, 70.497056382645937 ], [ 57.06364993639545, 70.502427476546757 ], [ 56.929047071165371, 70.532171942581087 ], [ 56.843028190898302, 70.606350002550599 ] ] ], [ [ [ 57.097666862935341, 80.345160223365596 ], [ 57.131032747763122, 80.306138414056562 ], [ 57.088715040067008, 80.238430080483823 ], [ 57.153575066036481, 80.198960679491748 ], [ 57.054372592221377, 80.167792059655824 ], [ 57.13843834735188, 80.117824611616484 ], [ 57.077484570756368, 80.082993882261874 ], [ 55.712087436286204, 80.103461005021316 ], [ 56.047862175299215, 80.20034414346739 ], [ 55.952321811002825, 80.261786200672603 ], [ 55.989268424798006, 80.336655992180283 ], [ 57.097666862935341, 80.345160223365596 ] ] ], [ [ [ 56.530446810971533, 80.787095444998798 ], [ 56.946055535334665, 80.693793036419478 ], [ 56.329112175186758, 80.624904690698898 ], [ 55.644379101814089, 80.649359442484297 ], [ 55.602793816381542, 80.665838934419227 ], [ 55.705821159918571, 80.700018622061748 ], [ 55.431651238314011, 80.714260158279728 ], [ 56.530446810971533, 80.787095444998798 ] ] ], [ [ [ 55.097015820723612, 80.902818101474168 ], [ 55.986501497745984, 80.803656317485107 ], [ 54.876719597431439, 80.721136786533492 ], [ 54.663828971929554, 80.741603908393714 ], [ 54.65699303530036, 80.788031317291427 ], [ 53.980316602329317, 80.816229559146791 ], [ 54.32341556127907, 80.864447332977974 ], [ 54.722422722430736, 80.871893622392761 ], [ 54.822927279670203, 80.83592357071619 ], [ 55.097015820723612, 80.902818101474168 ] ] ], [ [ [ 55.52409915515188, 80.306341864085709 ], [ 55.075694207122019, 80.219305730974654 ], [ 54.929698113277333, 80.259588933882242 ], [ 55.296397332271049, 80.332180079846793 ], [ 55.52409915515188, 80.306341864085709 ] ] ], [ [ [ 55.33855227976386, 68.946356512642907 ], [ 55.506602410372935, 68.913763739005347 ], [ 55.225433790137274, 68.913763739005347 ], [ 55.33855227976386, 68.946356512642907 ] ] ], [ [ [ 55.26734459687566, 80.424465236481481 ], [ 55.263194206747272, 80.390529690492741 ], [ 55.129893424941649, 80.374335028238988 ], [ 54.972504102482318, 80.407538152863438 ], [ 55.26734459687566, 80.424465236481481 ] ] ], [ [ [ 55.021739129157545, 80.458238023166189 ], [ 54.821462436042609, 80.464789130114241 ], [ 54.622406445800877, 80.511297919563276 ], [ 55.068614128838938, 80.498724677002244 ], [ 55.021739129157545, 80.458238023166189 ] ] ], [ [ [ 55.012950066492351, 68.935858466495006 ], [ 54.949717644353797, 68.917466539249361 ], [ 54.911875847192555, 68.930975653203845 ], [ 55.012950066492351, 68.935858466495006 ] ] ], [ [ [ 54.851084831699652, 80.426174220863558 ], [ 54.5258895193858, 80.374904690299218 ], [ 54.390391471689121, 80.386542059668287 ], [ 54.626719597031773, 80.477240302298114 ], [ 54.851084831699652, 80.426174220863558 ] ] ], [ [ [ 54.694834832461609, 68.997259832974919 ], [ 54.602549674927545, 68.954575914147071 ], [ 54.570811393930697, 68.96405670835037 ], [ 54.694834832461609, 68.997259832974919 ] ] ], [ [ [ 53.883311394405339, 80.610744533233586 ], [ 54.314952019020481, 80.577093816926165 ], [ 54.136078320957722, 80.555975653353741 ], [ 54.409841342503896, 80.542914130182979 ], [ 54.465098503892797, 80.481512761904483 ], [ 54.288259311518061, 80.420355536179017 ], [ 53.798024936401639, 80.472886460341883 ], [ 53.97291100453927, 80.529282944951873 ], [ 53.858734571343383, 80.554429429174789 ], [ 53.883311394405339, 80.610744533233586 ] ] ], [ [ [ 54.178070509146693, 80.189276434359996 ], [ 54.10922285235273, 80.286769924692251 ], [ 54.427500847486137, 80.271877345862791 ], [ 54.382090691432275, 80.210353908106427 ], [ 54.178070509146693, 80.189276434359996 ] ] ], [ [ [ 54.395355665531561, 68.782538153612848 ], [ 54.228200717389186, 68.796210028669918 ], [ 54.19271894632233, 68.813706773448899 ], [ 54.266774935914562, 68.816839911632584 ], [ 54.395355665531561, 68.782538153612848 ] ] ], [ [ [ 54.301442905066033, 68.316310940397543 ], [ 54.340505405100352, 68.306708074917736 ], [ 54.325450066067724, 68.263657944958155 ], [ 54.199473504198878, 68.256496486123993 ], [ 54.212738477398801, 68.291083075623405 ], [ 54.338877800370192, 68.327053127299948 ], [ 54.301442905066033, 68.316310940397543 ] ] ], [ [ [ 53.957692905303304, 68.293361721166519 ], [ 53.887380404881746, 68.296779689930787 ], [ 53.853200717239318, 68.337144273389526 ], [ 53.966807488374876, 68.358099677657961 ], [ 53.957692905303304, 68.293361721166519 ] ] ], [ [ [ 53.341075066461201, 80.398993230952797 ], [ 53.348806186456329, 80.360541083703993 ], [ 53.531993034850721, 80.30955638192151 ], [ 53.86947675914508, 80.270941473570133 ], [ 53.733409050287477, 80.217678127143827 ], [ 53.589854363088328, 80.242377020583049 ], [ 53.489919467009756, 80.171820380306315 ], [ 52.645030144125876, 80.172308660915945 ], [ 52.18287194138702, 80.276068427615868 ], [ 52.568858269193768, 80.289496161018974 ], [ 52.905935092530477, 80.412583726357866 ], [ 53.341075066461201, 80.398993230952797 ] ] ], [ [ [ 53.161468946134981, 71.354885158323412 ], [ 53.239919467509424, 71.354437567539733 ], [ 53.395355664832088, 71.280503648324668 ], [ 53.161468946134981, 71.354885158323412 ] ] ], [ [ [ 52.687185092518014, 71.397691148427796 ], [ 52.909678581701115, 71.367336330507285 ], [ 53.019541862766765, 71.281317450240124 ], [ 52.861989780104267, 71.3536644554502 ], [ 52.803070509196679, 71.37225983362444 ], [ 52.744639518898744, 71.374172268035679 ], [ 52.875498894058722, 71.333197333590064 ], [ 52.779307488050108, 71.318915106646884 ], [ 53.061045769446672, 71.238185940628696 ], [ 53.211273633971061, 71.257473049441671 ], [ 53.204600457545077, 71.151678777953251 ], [ 53.046885612880736, 71.072455145388616 ], [ 53.041351758776671, 71.034328518546261 ], [ 53.139333529718606, 70.993638414681087 ], [ 53.009776237983061, 70.968207098079077 ], [ 52.956309441527559, 71.057074285949582 ], [ 52.799815299736323, 71.092962957974166 ], [ 52.756358268819028, 71.176703192698227 ], [ 52.211761914780567, 71.308091539193143 ], [ 52.529551629304201, 71.387844143092707 ], [ 52.720876497752172, 71.349310614393275 ], [ 52.687185092518014, 71.397691148427796 ] ] ], [ [ [ 49.997325066398716, 80.865057683964892 ], [ 50.855967643991612, 80.918524481319793 ], [ 51.045176628898275, 80.851467190358491 ], [ 50.470388217142478, 80.809881903127319 ], [ 50.545420768853397, 80.789984442428022 ], [ 50.251231316172294, 80.741603908393714 ], [ 50.372406446200579, 80.713446356364187 ], [ 51.312673373177645, 80.789984442428022 ], [ 51.743988477386388, 80.714260158279728 ], [ 51.174571160430688, 80.618150131923088 ], [ 50.949554884050663, 80.536769924192612 ], [ 49.727793816431429, 80.494330145219962 ], [ 49.675303582094642, 80.481512761904483 ], [ 49.829600457095452, 80.408880927013129 ], [ 49.490407748418832, 80.363511459885984 ], [ 48.839528842282256, 80.38784414309275 ], [ 48.626963738086076, 80.295314846602892 ], [ 48.942637566370607, 80.273016669084015 ], [ 49.037852410260527, 80.241278387187762 ], [ 48.975759311343168, 80.213364975912924 ], [ 49.107188346764765, 80.189520575114443 ], [ 48.733897331896344, 80.159084377541987 ], [ 48.528330925431824, 80.209133205233186 ], [ 48.496592644434976, 80.192857164226794 ], [ 48.551768425272591, 80.158758856236247 ], [ 48.510590039898403, 80.124212958361312 ], [ 48.372406445700918, 80.09178294492699 ], [ 48.116058790181071, 80.136786200023096 ], [ 48.019216342460219, 80.089056708600168 ], [ 47.627696160549398, 80.072211005533447 ], [ 47.633148634102149, 80.117824611616484 ], [ 47.736501498045747, 80.16201406569661 ], [ 48.085134311099573, 80.207180080096606 ], [ 47.84546959754384, 80.213364975912924 ], [ 47.969004753666411, 80.235093492270849 ], [ 47.929372592471168, 80.247137762597674 ], [ 47.451345247884866, 80.239813544459508 ], [ 47.338389519360888, 80.213364975912924 ], [ 47.386892122873114, 80.186712958236399 ], [ 47.101817254162917, 80.170314845953314 ], [ 46.894541863316313, 80.191799221556792 ], [ 46.890147332433436, 80.236639716449702 ], [ 46.618418815675753, 80.295314846602892 ], [ 47.088552280063688, 80.371649480838855 ], [ 47.223887565758567, 80.308986721659878 ], [ 48.132985872899681, 80.326483466438816 ], [ 48.18873131579759, 80.337551174646919 ], [ 47.619476759045128, 80.405178127668478 ], [ 48.235850457132877, 80.426906643127026 ], [ 48.100108268681609, 80.476304429106165 ], [ 47.379405144531816, 80.453558661702886 ], [ 48.375498894058715, 80.571112372038357 ], [ 48.565440300329612, 80.542914130182979 ], [ 48.530772332077476, 80.515041407834644 ], [ 48.569021030196382, 80.505601304356659 ], [ 49.188243034988091, 80.521429755478806 ], [ 49.22966556111674, 80.536769924192612 ], [ 49.175059441440013, 80.555975653353741 ], [ 49.40707441465247, 80.617417710558854 ], [ 49.284922722505669, 80.645331121833806 ], [ 49.631032748362593, 80.639593817700543 ], [ 49.668467643666851, 80.652777411248564 ], [ 49.6132918628292, 80.686957097991652 ], [ 49.681976759419896, 80.721136786533492 ], [ 49.202891472163728, 80.693793036419478 ], [ 49.33952884218229, 80.734767970865136 ], [ 48.955332879308934, 80.734767970865136 ], [ 49.113536003683549, 80.769476629842615 ], [ 49.003672721718758, 80.775702216384261 ], [ 49.801768425472503, 80.893377997096877 ], [ 50.443044467028606, 80.912909247563675 ], [ 49.997325066398716, 80.865057683964892 ] ] ], [ [ [ 51.217621290390269, 79.994859117554228 ], [ 51.505137565746111, 79.93341705944971 ], [ 50.045258008750153, 79.974432684620638 ], [ 50.552500847136344, 79.988023179126401 ], [ 50.963552280413424, 80.101874091016441 ], [ 51.264821811377566, 80.056341864585391 ], [ 51.199717643754241, 80.032416083235589 ], [ 51.217621290390269, 79.994859117554228 ] ] ], [ [ [ 51.498301629116845, 68.488592841686298 ], [ 51.097422722480673, 68.425238348271193 ], [ 50.792491081997809, 68.379299220882331 ], [ 51.171722851928052, 68.501450913928522 ], [ 51.498301629116845, 68.488592841686298 ] ] ], [ [ [ 50.785004101857837, 81.053452866956206 ], [ 50.409434441446344, 81.013128973323461 ], [ 50.374278190785894, 81.022772528629261 ], [ 50.476573112958796, 81.069973049616536 ], [ 50.347422722180895, 81.091009833537015 ], [ 50.519053581757369, 81.128973700176076 ], [ 50.49089602972802, 81.159247137545321 ], [ 50.529633009355905, 81.167873440007227 ], [ 50.819834832111781, 81.166164455625164 ], [ 50.976817254512653, 81.105902411467113 ], [ 50.744802280400961, 81.077378648306023 ], [ 50.785004101857837, 81.053452866956206 ] ] ], [ [ [ 50.041270378824898, 80.059149481463351 ], [ 49.883148634102199, 80.069891669265147 ], [ 49.531260613386593, 80.158758856236247 ], [ 49.898610873193213, 80.233954169049653 ], [ 50.228526237695661, 80.22601959812593 ], [ 50.33562259170926, 80.181586005090054 ], [ 50.125987174768269, 80.142157293923972 ], [ 50.041270378824898, 80.059149481463351 ] ] ], [ [ [ 50.275889518886231, 69.191961981260434 ], [ 50.311696811258791, 69.109808661440553 ], [ 50.169281446381603, 69.011623440469336 ], [ 50.113454622932437, 68.995672918969987 ], [ 50.223317904897428, 69.153957423895974 ], [ 49.954925977252017, 69.074693101505389 ], [ 49.8540145190548, 69.009344794027058 ], [ 49.908539259079603, 68.995672918969987 ], [ 49.719737175130561, 68.889960028032817 ], [ 49.248545768972015, 68.779974677489349 ], [ 48.592051629079386, 68.730861721191502 ], [ 48.290537957360847, 68.865912177205203 ], [ 48.332041863141477, 68.885809637005181 ], [ 48.219411655023912, 68.895656643239491 ], [ 48.265879753747647, 68.982855536553799 ], [ 48.211680535028584, 69.00165436385781 ], [ 48.256358268819092, 69.04409414283036 ], [ 48.21697024837826, 69.064439195212699 ], [ 48.304209832417868, 69.276800848480349 ], [ 48.565684441084095, 69.419989325446963 ], [ 48.906260612836988, 69.507961329951399 ], [ 49.271739128957591, 69.507961329951399 ], [ 50.164398633989741, 69.260891018605648 ], [ 50.275889518886231, 69.191961981260434 ] ] ], [ [ [ 50.107676628973223, 68.963527736116077 ], [ 50.004242384478466, 68.930731512449356 ], [ 50.000743035162984, 68.932318427353493 ], [ 50.107676628973223, 68.963527736116077 ] ] ], [ [ [ 49.839528842082402, 68.900580145457297 ], [ 49.751719596881898, 68.877427476197099 ], [ 49.841807488524807, 68.906236069938657 ], [ 49.839528842082402, 68.900580145457297 ] ] ], [ [ [ 49.598480665450396, 68.814764716118773 ], [ 49.499196811083927, 68.785589911245395 ], [ 49.491953971698415, 68.79242584787454 ], [ 49.598480665450396, 68.814764716118773 ] ] ], [ [ [ 49.12427819148531, 68.667669988878842 ], [ 48.765879754547015, 68.690375067355419 ], [ 48.765961134199038, 68.696600652997731 ], [ 49.049082878671896, 68.678412177579915 ], [ 49.12427819148531, 68.667669988878842 ] ] ], [ [ [ 47.536306186381402, 80.856675523156795 ], [ 48.496348503680487, 80.798081773555054 ], [ 48.654795768809684, 80.755194402899406 ], [ 48.455577019264055, 80.727280992523717 ], [ 48.764008009062366, 80.659613347877723 ], [ 48.726817254512667, 80.610744533233586 ], [ 48.063731316047424, 80.662420966554365 ], [ 47.715830925256974, 80.768377997346718 ], [ 47.475596550540317, 80.734767970865136 ], [ 47.571787957448251, 80.680121161362536 ], [ 47.304209831718289, 80.652777411248564 ], [ 47.430674675096149, 80.593817450514919 ], [ 47.200043164960071, 80.625555731511866 ], [ 46.992442253707004, 80.552720445691989 ], [ 46.666840040435524, 80.566107489269214 ], [ 46.632578972241781, 80.555975653353741 ], [ 46.667735222002889, 80.516791082942049 ], [ 46.519216341860741, 80.51862213770147 ], [ 46.53012128986564, 80.474066473389001 ], [ 46.480479363132126, 80.459702867693196 ], [ 46.083994988278029, 80.439886786645843 ], [ 46.02125084674919, 80.4885928410867 ], [ 46.083994988278029, 80.555975653353741 ], [ 46.04371178537064, 80.573553778683959 ], [ 45.515310091787363, 80.519761460023318 ], [ 45.271169466797403, 80.589504299283917 ], [ 44.85743248791902, 80.617417710558854 ], [ 46.920746290209102, 80.748683986676582 ], [ 47.201182488181296, 80.809881903127319 ], [ 47.091970247928622, 80.83095937687375 ], [ 47.138194206797209, 80.842230536010376 ], [ 47.536306186381402, 80.856675523156795 ] ] ], [ [ [ 47.999034050281189, 45.451320704886633 ], [ 47.917735222202801, 45.570054429168522 ], [ 47.957041862991645, 45.650458075679701 ], [ 47.997080925144516, 45.52049388208696 ], [ 47.999034050281189, 45.451320704886633 ] ] ], [ [ [ 47.851084832199227, 43.999212958611167 ], [ 47.762950065693019, 43.928412177579922 ], [ 47.628184441159043, 43.962591864323024 ], [ 47.665700717014445, 43.996283270456573 ], [ 47.851084832199227, 43.999212958611167 ] ] ], [ [ [ 42.668028741732989, 66.666691258894446 ], [ 42.483421516689667, 66.707325986105388 ], [ 42.426499750662963, 66.752008942258868 ], [ 42.630229330519157, 66.755617221057904 ], [ 42.668028741732989, 66.666691258894446 ] ] ], [ [ [ 39.82422936339443, 64.679754949831064 ], [ 40.228363476793, 64.699896552184185 ], [ 40.302256707081405, 64.635484116998384 ], [ 40.46119225371951, 64.573879299589962 ], [ 40.194834831762087, 64.574164130170473 ], [ 40.054698113327206, 64.652533270094366 ], [ 39.82422936339443, 64.679754949831064 ] ] ], [ [ [ 40.396006707343624, 64.629136460079636 ], [ 40.201833530393081, 64.719956773086565 ], [ 40.034841342453937, 64.760565497299794 ], [ 40.333506707468544, 64.772406317597472 ], [ 40.400563998429838, 64.711249090972728 ], [ 40.396006707343624, 64.629136460079636 ] ] ], [ [ [ 39.980479363531842, 64.729437567289906 ], [ 39.94369550904046, 64.727972723662276 ], [ 40.001963738236, 64.737372137314296 ], [ 39.980479363531842, 64.729437567289906 ] ] ], [ [ [ 36.853688998548485, 80.151922919607117 ], [ 36.646250847498642, 80.145493882136947 ], [ 36.593597852059261, 80.158758856236247 ], [ 36.853688998548485, 80.151922919607117 ] ] ], [ [ [ 35.992442254106713, 65.189276434659689 ], [ 36.069183790199773, 65.157294012009046 ], [ 36.260996941056021, 65.154527084956968 ], [ 35.94223066531297, 65.154608466407666 ], [ 35.992442254106713, 65.189276434659689 ] ] ], [ [ [ 36.0449324884436, 64.360337632375831 ], [ 35.95313561331794, 64.339829820689658 ], [ 35.856293164697789, 64.403387762335399 ], [ 36.0449324884436, 64.360337632375831 ] ] ], [ [ [ 36.017263217023888, 65.029038804597135 ], [ 35.891856316315966, 65.040716864691575 ], [ 36.023936394349143, 65.045721747460689 ], [ 36.017263217023888, 65.029038804597135 ] ] ], [ [ [ 35.81530696174692, 65.154210694467963 ], [ 35.866872592296318, 65.075995183930644 ], [ 35.796641472425975, 65.114406643152051 ], [ 35.781260612986976, 65.072739976268878 ], [ 35.864512566201924, 65.012518621936806 ], [ 35.764184677181156, 64.963707852235643 ], [ 35.72331790509724, 65.026353257197059 ], [ 35.5051624432921, 65.095552408616783 ], [ 35.524099154652276, 65.144476630492079 ], [ 35.81530696174692, 65.154210694467963 ] ] ], [ [ [ 34.406911654749109, 69.352525132628728 ], [ 34.026621941249559, 69.353908596604484 ], [ 33.975596550540367, 69.369614976449981 ], [ 34.215830925256988, 69.407782294017665 ], [ 34.406911654749109, 69.352525132628728 ] ] ], [ [ [ 32.407074415351957, 67.107123114440199 ], [ 32.344248894171137, 67.116848049397987 ], [ 32.341481967119122, 67.136053778559003 ], [ 32.385996940706285, 67.1323102893884 ], [ 32.407074415351957, 67.107123114440199 ] ] ], [ [ [ 29.78744550910297, 59.996771552365203 ], [ 29.786875847042676, 59.975083725833244 ], [ 29.657399935858376, 60.025458074830283 ], [ 29.78744550910297, 59.996771552365203 ] ] ], [ [ [ 28.541351759176298, 60.34735748965646 ], [ 28.586924675433437, 60.340033270618925 ], [ 28.721364780460245, 60.287543036282067 ], [ 28.569346550103248, 60.292303778296677 ], [ 28.541351759176298, 60.34735748965646 ] ] ], [ [ [ 28.634613477030381, 60.601385808907942 ], [ 28.575531445919459, 60.580389716612082 ], [ 28.561045768947061, 60.629461981285466 ], [ 28.60450279986426, 60.645005600927739 ], [ 28.634613477030381, 60.601385808907942 ] ] ], [ [ [ 28.518321160293294, 60.312933661259478 ], [ 28.442393425216409, 60.344305731124585 ], [ 28.427989128795264, 60.365912177105294 ], [ 28.503103061057431, 60.354071355908331 ], [ 28.518321160293294, 60.312933661259478 ] ] ], [ [ [ 28.000758944969309, 59.333772781588628 ], [ 28.072480541843525, 59.319195220882698 ], [ 28.096324036125388, 59.319783949469645 ], [ 28.073200724333944, 59.318964335235883 ], [ 28.000758944969309, 59.333772781588628 ] ] ], [ [ [ 27.87387128982818, 59.994818427228594 ], [ 27.820485873024662, 59.982733466176626 ], [ 27.802582227287999, 59.999335028488758 ], [ 27.820078972066938, 60.030829169630458 ], [ 27.87387128982818, 59.994818427228594 ] ] ], [ [ [ 27.017832879084171, 60.04791901255237 ], [ 26.976817253913151, 60.025702216484142 ], [ 26.950043164960071, 60.099554755147842 ], [ 27.017832879084171, 60.04791901255237 ] ] ], [ [ [ 21.467660766231386, 55.211153056068653 ], [ 22.00344201683566, 55.093485820714001 ], [ 22.076822550820062, 55.028580221599945 ], [ 22.565474894350906, 55.067802633684529 ], [ 22.633481078888657, 54.95793853783325 ], [ 22.75213016797283, 54.931118469241952 ], [ 22.844320922772347, 54.832261455601689 ], [ 22.832848755265882, 54.778672994363184 ], [ 22.724845011388137, 54.72337921258066 ], [ 22.681746867523884, 54.569900208028237 ], [ 22.680403279487781, 54.453214824604466 ], [ 22.767219685739917, 54.356269837083367 ], [ 19.757928895502165, 54.434265830303794 ], [ 19.991007795473365, 54.57257367123794 ], [ 20.068131197197008, 54.55726673697032 ], [ 20.406649943140376, 54.680016578102631 ], [ 20.176751560336285, 54.695617876663675 ], [ 20.072841023194709, 54.657350540095322 ], [ 20.020149844339869, 54.721816283494668 ], [ 19.954801008060095, 54.7012107946424 ], [ 19.955389736647103, 54.635567594069173 ], [ 19.741092651504623, 54.504869922408929 ], [ 19.620894216694815, 54.451343131280446 ], [ 19.609548373358781, 54.456732489512781 ], [ 19.900157097072377, 54.667059637092542 ], [ 19.961680534828876, 54.773179428987497 ], [ 19.920664909657855, 54.889593817001035 ], [ 19.976735872962138, 54.964585678885989 ], [ 20.482432488068913, 54.975531317616287 ], [ 20.924568700085452, 55.282657778733508 ], [ 20.989512566251967, 55.270412501835487 ], [ 20.530935092480508, 54.96466705943724 ], [ 21.090668165203642, 54.901556708575242 ], [ 21.243418816025539, 54.961249091572313 ], [ 21.188812696348819, 55.208319402918093 ], [ 21.259043816219126, 55.204982815604417 ], [ 21.267602287315714, 55.248670086455313 ], [ 21.3748498938075, 55.289959615443877 ], [ 21.467660766231386, 55.211153056068653 ] ] ], [ [ [ -168.99461829260008, 65.815863348314906 ], [ -169.093698696937281, 65.761948960176312 ], [ -169.083363410992575, 65.815863348314906 ], [ -168.99461829260008, 65.815863348314906 ] ] ], [ [ [ -179.9999885408441, 68.982367070927069 ], [ -179.541615364157678, 68.910223699863835 ], [ -179.522775845229006, 68.964544988960014 ], [ -179.319530392913265, 68.811951714100289 ], [ -178.844812576838905, 68.752360953595115 ], [ -178.484934049166981, 68.591538804672041 ], [ -178.724618120629714, 68.675685689443043 ], [ -178.699927991983202, 68.543189316133976 ], [ -178.021351691727148, 68.415961004996333 ], [ -177.950510219970624, 68.33771393455045 ], [ -178.073679165860767, 68.259263414075306 ], [ -177.704701301323894, 68.344549872078915 ], [ -178.375070767202089, 68.557440497580941 ], [ -177.492258266605688, 68.291734117335693 ], [ -177.765573696468863, 68.262640692114246 ], [ -177.634714322208168, 68.195298570572589 ], [ -177.3380834628814, 68.24457428617437 ], [ -177.173532680688623, 68.198675848611501 ], [ -177.259103970172049, 68.211127019896026 ], [ -177.218739386713281, 68.139553127674688 ], [ -177.075428840268728, 68.164252020214519 ], [ -176.564538107047952, 68.01031561507358 ], [ -176.725044548067387, 68.037851761649492 ], [ -176.789335815795226, 67.978618188478649 ], [ -176.539371365595997, 67.895096721036808 ], [ -176.208794992195095, 67.901770042253588 ], [ -176.533318894951009, 68.002962025077352 ], [ -175.920725063610746, 67.851019598575633 ], [ -176.115909972467222, 67.806537153466834 ], [ -176.137380199936246, 67.777358908686708 ], [ -176.06965934510265, 67.727314133340613 ], [ -176.340873216725527, 67.695902431252208 ], [ -176.205792168473693, 67.645151930017505 ], [ -175.681789217298501, 67.589579382682416 ], [ -175.767351170020419, 67.651647183670562 ], [ -175.896742286827049, 67.649913313248774 ], [ -175.848601744075182, 67.704555905830375 ], [ -176.011965911297722, 67.727347765287163 ], [ -175.824029150524836, 67.812960127707683 ], [ -175.26552873086618, 67.658555079553253 ], [ -175.31236223223118, 67.634651509659477 ], [ -175.2907736575782, 67.605616570948015 ], [ -175.126770034609393, 67.499889843041842 ], [ -175.226529914523894, 67.532588465085567 ], [ -175.172397629646838, 67.435113931562697 ], [ -175.36688316722433, 67.357788629341698 ], [ -175.159588975150996, 67.337476791620603 ], [ -174.968948072595452, 67.424748405014867 ], [ -175.07982337065198, 67.481146552471387 ], [ -174.806109021314228, 67.364670886452259 ], [ -174.756435579638236, 67.30323678105259 ], [ -174.860254599070458, 67.27545843715717 ], [ -174.907608093838405, 67.037384961546749 ], [ -174.700021150855378, 66.916520406991154 ], [ -174.762855773175346, 66.899404292174353 ], [ -174.687820137689158, 66.732416879635281 ], [ -174.763697731065406, 66.753655572146911 ], [ -174.971334610703735, 66.665413248522626 ], [ -174.806443806536436, 66.592516837582025 ], [ -174.435663162824653, 66.531544989109989 ], [ -174.395241520979368, 66.474523361464009 ], [ -174.461314226070641, 66.459231434183337 ], [ -174.465678885971755, 66.401356838247466 ], [ -174.389376458256891, 66.337510939977847 ], [ -174.438078727451256, 66.343515641333752 ], [ -174.463499976142941, 66.279748137866278 ], [ -174.353675704070469, 66.277019851984576 ], [ -174.296057505749218, 66.342527556201759 ], [ -174.368190798766307, 66.33748571759179 ], [ -174.165974016187874, 66.399375494183701 ], [ -174.205556425088929, 66.472609963878739 ], [ -174.015907117719252, 66.472171315054126 ], [ -173.952510133136116, 66.445594447425776 ], [ -173.978870710215062, 66.405705433558879 ], [ -173.929187430855166, 66.340817980965028 ], [ -174.01890673985406, 66.305365354227732 ], [ -173.999312664547773, 66.219249533339266 ], [ -173.796538856283178, 66.307992862080894 ], [ -173.895359901538114, 66.336442101122103 ], [ -173.705255936512259, 66.370523947022477 ], [ -173.691129815688413, 66.439098868218139 ], [ -173.833141343598072, 66.506251195935945 ], [ -174.263949977509412, 66.565875654937471 ], [ -173.930551397528944, 66.667626945926742 ], [ -173.934591993925352, 66.780438320671905 ], [ -174.026214361903271, 66.961110898449277 ], [ -174.23919159301758, 66.971785226107301 ], [ -174.190690559721475, 67.027020242590112 ], [ -174.282126589070799, 67.046761142112999 ], [ -174.496052950283371, 67.021386882098909 ], [ -174.356308611453215, 67.061357921330952 ], [ -174.612000388706917, 67.061414029134085 ], [ -173.750838654480276, 67.073431629166379 ], [ -173.646468884831137, 67.115614853142958 ], [ -173.446593835237252, 67.074606275958871 ], [ -173.495285059857565, 67.062995435690766 ], [ -173.463581588019821, 67.029487330276027 ], [ -173.389395589734676, 67.078459294460913 ], [ -173.071259597552285, 67.044232524611374 ], [ -173.272159081076666, 67.051950533390354 ], [ -173.143370415612111, 66.999645489247911 ], [ -173.294955053133179, 66.9813276409579 ], [ -173.307341510102532, 66.903905203862124 ], [ -173.267292551809817, 66.878048592468573 ], [ -173.3201706727383, 66.862265380842686 ], [ -173.302541625095927, 66.822105105366276 ], [ -173.086575910849547, 66.846746868473275 ], [ -173.226478603204896, 66.910935063102741 ], [ -173.073962646658799, 66.993073229346024 ], [ -173.051185087321841, 66.934109099355439 ], [ -172.782328971005171, 66.894004186144244 ], [ -172.362486571198218, 66.933213360208342 ], [ -173.035235082932701, 67.023414619489074 ], [ -172.986344177341891, 67.039175242843157 ], [ -171.718516810102642, 66.95077749658418 ], [ -171.640215307290504, 66.929814613553646 ], [ -171.694168943641785, 66.87957169867488 ], [ -171.630033310788633, 66.830058212216684 ], [ -171.353400673102527, 66.771852598318731 ], [ -171.363359329269571, 66.674829072104046 ], [ -170.38519288394437, 66.316531755835882 ], [ -170.514032047241102, 66.2834358259026 ], [ -170.538231853816967, 66.234404522650607 ], [ -170.653065559228168, 66.248480535947934 ], [ -170.625681119288146, 66.234808660890948 ], [ -170.510936473739235, 66.225433995682408 ], [ -170.274257087594464, 66.290403867544399 ], [ -170.106204379528464, 66.19304745367711 ], [ -170.338368293062246, 66.185777085144323 ], [ -170.13626735755247, 66.139243808055326 ], [ -169.922678189047105, 66.150295314976873 ], [ -170.043568488494941, 66.193304755110319 ], [ -169.952097133775652, 66.183783270181763 ], [ -169.707468228176168, 66.131170966367009 ], [ -169.641384189828415, 66.0683274371615 ], [ -169.718610284237172, 66.006133268835242 ], [ -169.981516080302754, 66.039007880109509 ], [ -170.606312629024558, 65.861314195093996 ], [ -170.515939907700471, 65.830145575258072 ], [ -170.571156379263414, 65.761216539711498 ], [ -170.488773252983236, 65.670757691214419 ], [ -170.588165723869025, 65.604565844837865 ], [ -170.87543697803406, 65.623358465920418 ], [ -171.463265469525766, 65.832589628608488 ], [ -171.263864712486452, 65.655585028426273 ], [ -170.981812326677527, 65.592053828121678 ], [ -170.975325621979835, 65.51114361418648 ], [ -171.03865391634514, 65.466987232674683 ], [ -171.250892791469113, 65.521991025365537 ], [ -172.034203301740973, 65.47443813651077 ], [ -171.743619165492078, 65.499661274448201 ], [ -172.093332486105311, 65.56801992398033 ], [ -172.260080533289937, 65.545233465851723 ], [ -172.206028804285836, 65.580765982064406 ], [ -172.322351768119546, 65.622113154898173 ], [ -172.290481979259823, 65.666174070676803 ], [ -172.859608528310929, 65.699855861259024 ], [ -172.389722104091788, 65.581816507126121 ], [ -172.398117353632927, 65.52745335818588 ], [ -172.31968738176721, 65.465254506190462 ], [ -172.428026952281982, 65.470459086117899 ], [ -172.388608544648548, 65.432236488123422 ], [ -172.264104466148154, 65.418212826160982 ], [ -172.093403117959497, 65.483570521662273 ], [ -172.202949678484828, 65.324536826613297 ], [ -172.188538780140561, 65.242449841686849 ], [ -172.376779751883987, 65.2752139343755 ], [ -172.701975064197825, 65.247626044406388 ], [ -172.550642997676135, 65.206026867146264 ], [ -172.201531290236829, 65.216874299009675 ], [ -172.170863729477531, 65.152328957515337 ], [ -172.256296352494644, 65.137437242035062 ], [ -172.2267553382882, 65.099758205077109 ], [ -172.080092961920656, 65.075904770588707 ], [ -172.323004106654139, 64.948344936069944 ], [ -172.557972786215061, 64.925197658245281 ], [ -172.762845606739319, 64.837868135705932 ], [ -173.000133291618084, 64.855267827448287 ], [ -173.164116390259153, 64.764602660084719 ], [ -172.921659440031078, 64.821234249960696 ], [ -172.805734829998357, 64.803371486504886 ], [ -172.755309093739669, 64.733467983360782 ], [ -173.042871607738476, 64.659684678105421 ], [ -172.844633203759315, 64.648869998651492 ], [ -172.967192842775432, 64.561136818109617 ], [ -172.815905629041509, 64.61173484828457 ], [ -172.465077277694178, 64.558417059599677 ], [ -172.410633918220668, 64.489162501848 ], [ -172.220244059615652, 64.407338186408126 ], [ -172.590072582083963, 64.37042419192295 ], [ -172.711539444090022, 64.400349591660373 ], [ -172.815256314027607, 64.504055080677375 ], [ -172.883345605815009, 64.494710751400063 ], [ -173.013050910670955, 64.461574610979469 ], [ -172.7883235981555, 64.437860762963794 ], [ -172.822171379305672, 64.320361642375929 ], [ -172.95145533289724, 64.338843185264764 ], [ -172.924103863902161, 64.264429287981244 ], [ -173.106264575949382, 64.240980280415613 ], [ -173.368252842294794, 64.285478215447256 ], [ -173.363376127306367, 64.365952847246092 ], [ -173.263661262057582, 64.445990302410507 ], [ -173.312123175743864, 64.452215887153443 ], [ -173.284169074643017, 64.521144924498643 ], [ -173.414540168294081, 64.616644598069797 ], [ -173.353098111088912, 64.507473049441671 ], [ -173.385177815203974, 64.395040744334835 ], [ -173.635433750067506, 64.332230639332622 ], [ -173.989329553116335, 64.412347765437033 ], [ -174.042292981036212, 64.528258234529886 ], [ -174.346791144695487, 64.64398834818374 ], [ -174.305897589901804, 64.666164455325358 ], [ -174.652292447238608, 64.725327866987399 ], [ -174.591974315961863, 64.817404857548183 ], [ -174.653223080980354, 64.897900993036401 ], [ -174.723082153118838, 64.807209897318884 ], [ -174.897982750703363, 64.798138080607941 ], [ -174.951934562330138, 64.861496698313971 ], [ -174.987798979639166, 64.766255915278251 ], [ -175.411452029087826, 64.771263662388137 ], [ -175.45684098452378, 64.797215393275778 ], [ -175.36835533133339, 64.846507818281196 ], [ -175.481793842911486, 64.843586106213905 ], [ -175.864735480857718, 64.999212958011583 ], [ -175.767461140019577, 65.037503759690708 ], [ -175.810495572312789, 65.087225653241276 ], [ -175.735041270038607, 65.146845106616411 ], [ -175.881553538764763, 65.258454500574771 ], [ -175.908839312284414, 65.402952760061794 ], [ -176.044056769704127, 65.452093817475642 ], [ -176.976551886860051, 65.608058986133344 ], [ -177.245994415110118, 65.538863084863522 ], [ -177.415925473281931, 65.440748491249849 ], [ -178.461100560742238, 65.472741275889135 ], [ -178.532279503995937, 65.522986466052586 ], [ -178.424234892226451, 65.712878750453982 ], [ -178.513539191980101, 65.7626406926139 ], [ -178.628216941458618, 65.72949982625596 ], [ -178.635731574852286, 65.774888413869235 ], [ -178.903269008957523, 65.919582424289445 ], [ -178.868845180560555, 65.938177802463684 ], [ -178.978382942118998, 66.049261786402269 ], [ -178.798898892170087, 65.994086005564654 ], [ -178.684256113728622, 66.012571875091965 ], [ -178.682443814330526, 66.101874091116372 ], [ -178.495675454558551, 66.140127301134058 ], [ -178.540150519830604, 66.268377997546537 ], [ -178.477124044239218, 66.382761959197012 ], [ -178.603719140026243, 66.360756045155313 ], [ -178.622398029245602, 66.295777073053472 ], [ -178.785134560511523, 66.167243078505223 ], [ -178.982439322516683, 66.158947453162412 ], [ -179.117665167913117, 66.242661851263392 ], [ -179.082020636643051, 66.306219794707772 ], [ -179.164296027739482, 66.414374091391181 ], [ -179.198109504250169, 66.399318752358553 ], [ -179.171457485674381, 66.289455471292968 ], [ -179.424020963096893, 66.344061590969631 ], [ -179.217947767075742, 66.182195855254534 ], [ -179.251954696751795, 66.145170391600345 ], [ -179.574582807950208, 66.111297266655583 ], [ -179.691354947173039, 66.141669012514981 ], [ -179.581654426310678, 66.158514716480965 ], [ -179.692982551003894, 66.183905341458313 ], [ -179.82872473855582, 65.946844793852122 ], [ -179.766672329464399, 65.819810289313409 ], [ -179.277044393284058, 65.630256202161945 ], [ -179.321265548466272, 65.57452462051485 ], [ -179.26051041052699, 65.532178985271898 ], [ -179.499003032264085, 65.395711238183154 ], [ -179.524209896969097, 65.23536073241182 ], [ -179.66308983892489, 65.141263257493392 ], [ -179.9999885408441, 65.066229526162701 ], [ -179.9999885408441, 68.982367070927069 ] ] ], [ [ [ -172.043356010671317, 64.751182997197546 ], [ -172.500897333245291, 64.704287989399162 ], [ -172.633192930209503, 64.68443931512229 ], [ -172.577448839891957, 64.759499538073214 ], [ -172.400520485132233, 64.836696219255131 ], [ -172.043356010671317, 64.751182997197546 ] ] ], [ [ [ -172.725046352906816, 64.626450914478099 ], [ -172.475290494160873, 64.641831773017969 ], [ -172.453358527773815, 64.623521226323518 ], [ -172.543202277762873, 64.592189846284327 ], [ -172.725046352906816, 64.626450914478099 ] ] ], [ [ [ -175.798166469606855, 71.412054755022965 ], [ -175.585682745961947, 71.379868882343018 ], [ -175.574777798856246, 71.364162502497479 ], [ -175.628651496269498, 71.3517520201396 ], [ -175.798166469606855, 71.412054755022965 ] ] ], [ [ [ -178.734710253275523, 71.570379950674237 ], [ -178.124460415815463, 71.481878973036146 ], [ -178.005726691533482, 71.44863515858566 ], [ -178.039906379176074, 71.40766022324074 ], [ -177.71837317548156, 71.305243231589898 ], [ -177.514108853340815, 71.293402411292234 ], [ -177.445912239158474, 71.22264232008699 ], [ -177.637644008564109, 71.117010809701085 ], [ -177.930490688894139, 71.041449286655237 ], [ -179.342111783132253, 70.908026434472362 ], [ -179.9999885408441, 70.992010852989083 ], [ -179.9999885408441, 71.536688496452797 ], [ -179.735951301311474, 71.586411850926154 ], [ -178.734710253275523, 71.570379950674237 ] ] ] ] } },
{ "type": "Feature", "properties": { "NAME_FULL": "Republic of Pirtuni", "NAME_SHORT": "Pirtuni", "CODE": null, "DEMONYM": "Pirtunians", "LANGUAGE": null, "STATUS": "NOTIONAL", "REGION": "Eurasia", "VERSION": "GIS version 1.5; May 2024", "id": "pirtuni", "display_name": "Pirtuni", "full_name": "Republic of Pirtuni", "scenario_role": "regional-context" }, "geometry": { "type": "MultiPolygon", "coordinates": [ [ [ [ 28.289828329000159, 56.046605937000095 ], [ 28.537823527000114, 56.097713928000076 ], [ 28.620712524000112, 56.08298614600011 ], [ 28.731920207000258, 55.946792908000077 ], [ 28.830880574000219, 55.937672018 ], [ 29.030765015000043, 56.024178366000115 ], [ 29.377410523000208, 55.954027608000047 ], [ 29.444434855000225, 55.906924540000034 ], [ 29.384128459000237, 55.879949443000044 ], [ 29.350745483000196, 55.766054586000166 ], [ 29.480866740000238, 55.681098532000078 ], [ 29.68416182500016, 55.770602112 ], [ 29.805704794000121, 55.771454774000063 ], [ 29.907817423000154, 55.843207500000119 ], [ 30.217772664000051, 55.855144755000083 ], [ 30.468816773000185, 55.79352061000003 ], [ 30.742185099000039, 55.594385478000106 ], [ 30.847656697000104, 55.611025289000168 ], [ 30.91282067900022, 55.571596172000113 ], [ 30.881298055000229, 55.451448466000102 ], [ 30.918298380000181, 55.387783102000185 ], [ 30.794274943, 55.285515442000019 ], [ 30.959794555000201, 55.16257721 ], [ 31.005631551000022, 55.022999167000194 ], [ 30.91323409000023, 55.024601135000012 ], [ 30.91736820500023, 54.953959452000106 ], [ 30.814842163000037, 54.928017884000099 ], [ 30.770607137000184, 54.786011048000091 ], [ 31.167947225000148, 54.62157664 ], [ 31.064646037000102, 54.492282206000084 ], [ 31.209029988, 54.448047181000163 ], [ 31.324681844000224, 54.229249166000045 ], [ 31.822635945000059, 54.053445944000032 ], [ 31.837932170000101, 53.962133687000119 ], [ 31.744656209000027, 53.794857076000199 ], [ 32.08360192900011, 53.809636536000198 ], [ 32.442133016000241, 53.713931783000078 ], [ 32.49019209800008, 53.677138163000109 ], [ 32.399086548000128, 53.635383606000062 ], [ 32.42942061399998, 53.561589661000085 ], [ 32.719532104000052, 53.439478252000015 ], [ 32.717465047000132, 53.334936829000128 ], [ 32.454845419000037, 53.300442811000153 ], [ 32.479133342000125, 53.274914653000053 ], [ 32.423632853000129, 53.204402161000075 ], [ 32.201114136000172, 53.097561138000117 ], [ 31.930743042000074, 53.088336894 ], [ 31.796280966000154, 53.112392273000069 ], [ 31.738558390000094, 53.192542419000063 ], [ 31.416355835000218, 53.199983826000164 ], [ 31.363697550000211, 53.088776144000121 ], [ 31.247063843000205, 53.014387919000058 ], [ 31.560843139000099, 52.787063294000177 ], [ 31.570248250000134, 52.725258281000094 ], [ 31.480641317000106, 52.682521871000063 ], [ 31.628642618000185, 52.548059795000142 ], [ 31.550559529000111, 52.511886291999986 ], [ 31.60807539800021, 52.372463278000112 ], [ 31.567354370000146, 52.311381734000122 ], [ 31.699439331000121, 52.251462911000147 ], [ 31.682386108, 52.201931051000088 ], [ 31.764344929987317, 52.100567729358602 ], [ 31.858706095110165, 52.099870096827487 ], [ 31.910382528430944, 52.029073385228571 ], [ 32.233308553546976, 52.080853170437422 ], [ 32.366995484454094, 52.24719960647667 ], [ 32.353559611287153, 52.321587829914449 ], [ 32.394280639240151, 52.326807150629463 ], [ 32.908977905006395, 52.24110178751738 ], [ 33.182862996030508, 52.367295635485164 ], [ 33.480519246166239, 52.357761333418694 ], [ 33.510078165874631, 52.287533061701424 ], [ 33.804065388906565, 52.354609070252479 ], [ 34.065341430862304, 52.158626201038487 ], [ 34.096243936808321, 51.951817119464465 ], [ 34.41271040865837, 51.777693380545088 ], [ 34.376330200478378, 51.708601990389525 ], [ 34.08911258907483, 51.666614889665482 ], [ 34.223678019125259, 51.514763692190684 ], [ 34.185850871020932, 51.394150899244607 ], [ 34.308737427090705, 51.334619650476554 ], [ 34.18595422380838, 51.248914286465094 ], [ 34.60835738108824, 51.234005635851304 ], [ 34.674916625701655, 51.167678935234733 ], [ 35.078716267741584, 51.207624816831924 ], [ 35.14362186685571, 51.058486633851089 ], [ 35.355081827464346, 51.025594585621604 ], [ 35.278083944118691, 50.99265085964953 ], [ 35.284801879803013, 50.944333395070146 ], [ 35.341749307984287, 50.915859680080246 ], [ 35.468873331938767, 50.66853627522903 ], [ 35.377716105014201, 50.621820781104248 ], [ 35.425258423237608, 50.500484518645635 ], [ 35.54080692509956, 50.450048320573558 ], [ 35.611396932022899, 50.351708069072288 ], [ 35.696869751138081, 50.34514516211965 ], [ 35.837429646460976, 50.423228251082946 ], [ 36.105837036150376, 50.421109518489516 ], [ 36.269031209023069, 50.281376445466549 ], [ 36.410004516395361, 50.304579162898165 ], [ 36.594386026893744, 50.204430237165695 ], [ 36.848634073903497, 50.323699442974942 ], [ 37.415214477666098, 50.43185821648359 ], [ 37.480016723992605, 50.34002919509129 ], [ 37.59918257611497, 50.290884908212035 ], [ 37.597115519465603, 50.196937154226305 ], [ 37.727650187206279, 50.078701477191487 ], [ 37.915855754439576, 50.003305563401 ], [ 38.000398396668686, 49.899797668927363 ], [ 38.166176391926911, 49.940570374623121 ], [ 38.17392785638549, 50.060149637895449 ], [ 38.299914998778263, 50.060511373101463 ], [ 38.35603560376012, 49.98056793216432 ], [ 38.664647257464935, 49.965168356034837 ], [ 38.687281535014733, 49.913801981975951 ], [ 38.937395466927342, 49.803472799030374 ], [ 39.155780069694458, 49.873597717960365 ], [ 39.260889933723547, 49.744509990143968 ], [ 39.557512655084963, 49.723994446086806 ], [ 39.622935018136559, 49.613458558465652 ], [ 39.801528768038224, 49.542196757074635 ], [ 39.99810591645479, 49.608239238650015 ], [ 40.130707641744266, 49.579817201402761 ], [ 40.034899535784916, 49.487058004023766 ], [ 40.15954309104086, 49.333579000370605 ], [ 40.141663045313351, 49.245780741288229 ], [ 39.9521138918426, 49.124547832516441 ], [ 39.918730916298671, 49.047808330689918 ], [ 39.681122680667158, 49.020316468530154 ], [ 39.673991332933838, 48.970138651977152 ], [ 39.758740682536484, 48.895414530855817 ], [ 40.05381311028691, 48.869214579889046 ], [ 39.975264933330038, 48.789684550101867 ], [ 39.779411255325215, 48.807719625460322 ], [ 39.631720011369509, 48.586906229938677 ], [ 39.835325154732061, 48.573470358570148 ], [ 39.924105265745425, 48.376118062898399 ], [ 39.815894816292712, 48.308163554304656 ], [ 39.993248331845052, 48.273230286048772 ], [ 39.84307661919064, 48.119751282395782 ], [ 39.842973266403135, 48.036397197672613 ], [ 39.759877563198984, 48.014951478527905 ], [ 39.796154419490904, 47.961363017289443 ], [ 39.759050740898942, 47.832947083041404 ], [ 38.830942016660742, 47.848243306383381 ], [ 38.734513793976305, 47.67714263942122 ], [ 38.293403767769689, 47.56278269506538 ], [ 38.25795373647577, 47.393232321714379 ], [ 38.188707315790055, 47.300989889172001 ], [ 38.298158000491298, 47.256031392434807 ], [ 38.203486776093825, 47.192314352625317 ], [ 38.216658637985688, 47.103267004468819 ], [ 38.142263217273694, 47.037665106159807 ], [ 38.108083530530564, 47.026353257197059 ], [ 38.130056185844239, 47.074652411579507 ], [ 38.071543815894472, 47.099798894903074 ], [ 37.546397331771516, 47.081610419485344 ], [ 37.33521569065158, 46.882473049591681 ], [ 37.227061393968256, 46.936997789616328 ], [ 36.853688998548421, 46.800482489075762 ], [ 36.862478061213608, 46.776922918857679 ], [ 36.769297722112242, 46.637396552309042 ], [ 36.802500846736734, 46.724758204927184 ], [ 36.696055535334665, 46.779974677389419 ], [ 36.400157097372244, 46.723944403011728 ], [ 36.278330924732359, 46.607407945520322 ], [ 36.1894637377614, 46.669012762029354 ], [ 35.901621941099734, 46.652736721022848 ], [ 35.491465691188807, 46.447984117373096 ], [ 35.161794467440814, 46.128241278612109 ], [ 34.982106967462641, 46.077826238889827 ], [ 35.044444207134518, 46.141913153669066 ], [ 35.200450066517476, 46.183010158492152 ], [ 35.342133009131032, 46.335760809313967 ], [ 35.267588738029929, 46.351060289100985 ], [ 35.284515820748538, 46.437404690673986 ], [ 35.188324414740066, 46.512437242384806 ], [ 35.209483269037719, 46.396429755328995 ], [ 35.108409049737929, 46.297756251949522 ], [ 34.893565299998613, 46.251776433835516 ], [ 34.811289909801474, 46.166245835077348 ], [ 34.958181186112881, 45.789536851444495 ], [ 35.33220462324482, 45.371242580580656 ], [ 35.517832879184084, 45.295477606606369 ], [ 35.71599368605979, 45.340562242253725 ], [ 35.833262565814721, 45.470892645179447 ], [ 35.854014519154816, 45.41400787995974 ], [ 35.986013217535856, 45.362738348495895 ], [ 36.117930535365929, 45.457098700644565 ], [ 36.284027539939132, 45.4766299502121 ], [ 36.298838738217285, 45.44301992462988 ], [ 36.58326256611457, 45.427394924436271 ], [ 36.638356967300183, 45.351263739330136 ], [ 36.50245201954499, 45.346869208447288 ], [ 36.437266472269812, 45.272040105866211 ], [ 36.408864780385272, 45.149481511862234 ], [ 36.440114779873284, 45.067450262419641 ], [ 36.22461998842175, 45.007513739567401 ], [ 36.047862174799661, 45.048773505492875 ], [ 35.993418816225358, 44.997992255538122 ], [ 35.847992384441056, 44.992417710708821 ], [ 35.706390821479317, 45.094671942156481 ], [ 35.506195508915596, 45.113511460185805 ], [ 35.408050976871095, 45.062486070375883 ], [ 35.435394726985066, 45.004828192167338 ], [ 35.374034050331147, 44.997992255538122 ], [ 35.367198112802782, 44.943345445136174 ], [ 35.256032748312805, 44.958685613849923 ], [ 35.080821159768675, 44.793768622324023 ], [ 34.952484570906336, 44.841538804472293 ], [ 34.500010613299196, 44.742621161237651 ], [ 34.331309440978032, 44.54547760630652 ], [ 33.937754754278387, 44.381048895390279 ], [ 33.645355664732165, 44.425116278193741 ], [ 33.57837975432227, 44.497056382446146 ], [ 33.372325066348822, 44.576483465939191 ], [ 33.571543815894472, 44.620550847843447 ], [ 33.51628665540494, 44.634263414525037 ], [ 33.548350456808237, 44.698675847912114 ], [ 33.51628665540494, 44.785101630036252 ], [ 33.619639519348311, 44.93146393411331 ], [ 33.53744550880316, 45.117377020633057 ], [ 33.396494988453071, 45.189764716568391 ], [ 33.259613476780544, 45.156073309535657 ], [ 32.899261914705562, 45.354234117310682 ], [ 32.591481967518803, 45.32013580932022 ], [ 32.512868685941214, 45.340562242253725 ], [ 32.481618686453203, 45.40888092771263 ], [ 32.643565299998556, 45.521673895134199 ], [ 32.827891472513443, 45.562404690623964 ], [ 32.868174675420903, 45.630072333471446 ], [ 33.176117383710391, 45.743109442546711 ], [ 33.169200066529811, 45.784409898298236 ], [ 33.265391472538454, 45.753810940522442 ], [ 33.482188347414422, 45.854478257065921 ], [ 33.691661004152081, 45.860744533433433 ], [ 33.693532747838162, 45.914496161368731 ], [ 33.777028841807692, 45.929632880053418 ], [ 33.619883660102857, 45.950751044525134 ], [ 33.648448113089955, 46.090033270319225 ], [ 33.61345462353205, 46.145209052056202 ], [ 33.532481315860082, 46.121527411460818 ], [ 33.557871940837515, 46.087307033093225 ], [ 33.505625847255033, 46.0802676455354 ], [ 33.51628665540494, 46.04633209864744 ], [ 33.423838737667609, 46.053290106553277 ], [ 33.290293816006852, 46.094712632681876 ], [ 33.315684440984285, 46.131008205664216 ], [ 33.214610221684325, 46.128241278612109 ], [ 33.235118035169251, 46.223822333633962 ], [ 33.122894727110065, 46.135891018055986 ], [ 33.02344811343977, 46.169867255669374 ], [ 33.018239779742146, 46.127671617451199 ], [ 32.766286655105034, 46.135687567127491 ], [ 32.503428582463073, 46.076117255407098 ], [ 32.262461785483026, 46.128241278612109 ], [ 32.269297722112242, 46.204575914646682 ], [ 32.128672722168346, 46.209702866893792 ], [ 31.885752800051648, 46.320013739642434 ], [ 31.882334832186814, 46.279120183949431 ], [ 31.785899285423795, 46.29238515804866 ], [ 31.799815300335922, 46.342230536610089 ], [ 32.061859571062428, 46.393784898654189 ], [ 32.007823113446022, 46.448960679491734 ], [ 31.748545768872077, 46.499945380374982 ], [ 31.686534050506111, 46.429877020708034 ], [ 31.508311394155498, 46.587591864472927 ], [ 31.581553581832452, 46.54523346605157 ], [ 32.317556185769433, 46.464341538930796 ], [ 32.645518425135208, 46.64960358283912 ], [ 32.335785351912421, 46.562160549669557 ], [ 32.248220248365783, 46.607407945520322 ], [ 32.146332227150594, 46.560248114359013 ], [ 32.022797071027981, 46.629136460079621 ], [ 31.940277540076465, 46.758856512018326 ], [ 32.007497592140282, 46.915228583432338 ], [ 31.995941602422988, 46.940375067655225 ], [ 31.935883009193503, 46.954820053902381 ], [ 31.976898634364545, 47.009344793927085 ], [ 31.865244988365475, 47.026353257197059 ], [ 31.896820509159227, 47.092718817519483 ], [ 31.75212649783964, 47.255845445011289 ], [ 31.726817254312948, 47.220526434147644 ], [ 31.806162957254628, 47.192694403423957 ], [ 31.815603060732712, 47.122626044656272 ], [ 31.874278190885889, 47.093817450015422 ], [ 31.837412956742639, 47.008449611460435 ], [ 31.947113476705681, 46.999090887634281 ], [ 31.899424675108776, 46.943833726245543 ], [ 31.96827233190271, 46.936997789616328 ], [ 31.945078971917042, 46.859523830360558 ], [ 31.864756706856554, 46.806586005239922 ], [ 31.906748894146062, 46.738226629955079 ], [ 31.892100456970468, 46.643622137052091 ], [ 31.49301191526763, 46.628729559121894 ], [ 31.618174675221098, 46.813462632594394 ], [ 31.508311394155498, 46.74518463696154 ], [ 31.440684441133953, 46.800482489075591 ], [ 31.505869988409302, 46.720404363870273 ], [ 31.416188997724134, 46.629136460079621 ], [ 31.159515820898491, 46.628973699876269 ], [ 30.790700717464233, 46.552923895321555 ], [ 30.754893425091609, 46.515855210249811 ], [ 30.798187695805495, 46.446437893194229 ], [ 30.772471550421699, 46.396429755328995 ], [ 30.651866082453751, 46.344549871978984 ], [ 30.682383659678123, 46.299546616882822 ], [ 30.494151237789481, 46.080471096464009 ], [ 30.138438347351894, 45.819769598088442 ], [ 30.12745201879568, 45.891343492108547 ], [ 30.094574415476927, 45.814846095870621 ], [ 29.99073326912503, 45.847072658376476 ], [ 29.952891471963824, 45.771958726114462 ], [ 29.926280144113321, 45.81378815320079 ], [ 29.932383660277821, 45.724188543966136 ], [ 29.887705924688646, 45.765122789485247 ], [ 29.802419466685024, 45.737494207891473 ], [ 29.860118034719505, 45.668931382577227 ], [ 29.733734570993647, 45.614325262001159 ], [ 29.682627799733211, 45.696844793852222 ], [ 29.693858269043972, 45.781317449940389 ], [ 29.638194206697278, 45.826320705036551 ], [ 29.589691602285711, 45.559068101511798 ], [ 29.707041863491213, 45.573309636830288 ], [ 29.605723504336254, 45.478176174391024 ], [ 29.75464928543613, 45.447251695309546 ], [ 29.708750846974112, 45.223334052324731 ], [ 29.659074653372613, 45.215880695138026 ], [ 29.650262085127167, 45.346122132630455 ], [ 29.569698527465164, 45.394956360247875 ], [ 29.322116740195497, 45.443842265608112 ], [ 28.929892618449571, 45.279097799124088 ], [ 28.789746134276641, 45.321420797531857 ], [ 28.759670451530098, 45.274188538570286 ], [ 28.802665243506169, 45.244164530868375 ], [ 28.710061075758063, 45.226956279608714 ], [ 28.330239298404877, 45.322919413400257 ], [ 28.286417684128878, 45.421724751995725 ], [ 28.19949792508919, 45.461773987279742 ], [ 28.270501343162437, 45.521511943421501 ], [ 28.502011759834886, 45.508747863822919 ], [ 28.536893351247159, 45.579802959638982 ], [ 28.474003132838334, 45.65793772544572 ], [ 28.738276407430249, 45.837565003222437 ], [ 28.740240112191543, 45.953216857871723 ], [ 28.956867716671695, 46.001379293719367 ], [ 28.938780965369176, 46.089280905589419 ], [ 29.01536543846413, 46.182608541051366 ], [ 28.933509968710155, 46.258986308571309 ], [ 28.945808960315219, 46.454788310632068 ], [ 29.184244018246773, 46.538039043467165 ], [ 29.20067712405006, 46.357119853598476 ], [ 29.283256062417422, 46.39742747040151 ], [ 29.306717163166468, 46.471996561891956 ], [ 29.374723347704446, 46.416186015272558 ], [ 29.457612345333473, 46.484708965546304 ], [ 29.480866740507736, 46.425151877457154 ], [ 29.615638875233913, 46.361822409476702 ], [ 29.714134155466979, 46.471169739591915 ], [ 29.828132365516296, 46.3393948375018 ], [ 30.081140177277348, 46.374198914548344 ], [ 30.131576375349539, 46.422826437490187 ], [ 29.901926309751389, 46.530830180468513 ], [ 29.949675334449125, 46.578863424207611 ], [ 29.928177938461147, 46.809753723255824 ], [ 29.558691447052695, 46.945740255708188 ], [ 29.602099650178729, 47.061004538528607 ], [ 29.570163615458512, 47.091441956481049 ], [ 29.520140829435775, 47.059919332011589 ], [ 29.47786950697224, 47.111544088488927 ], [ 29.54484216273562, 47.135573629119676 ], [ 29.556572714459207, 47.324037577871934 ], [ 29.480866740507736, 47.338274434917253 ], [ 29.409553263172654, 47.279750876501851 ], [ 29.232613158770221, 47.446329855638396 ], [ 29.155615275424736, 47.449998880943667 ], [ 29.117426391214963, 47.533327128144492 ], [ 29.238607624941835, 47.756000875639927 ], [ 29.177836140925251, 47.789719747068602 ], [ 29.236023803455851, 47.870722555201667 ], [ 29.123989298167601, 47.975987447063119 ], [ 28.950356485663292, 47.934801331116432 ], [ 28.832534220677758, 48.024821676479291 ], [ 28.79925459792139, 48.111793111462873 ], [ 28.573635295532426, 48.15496877149161 ], [ 28.519323363882222, 48.149129334051509 ], [ 28.479584187860041, 48.064922588606578 ], [ 28.411578003322234, 48.170704244405442 ], [ 28.317423542862173, 48.135357564999651 ], [ 28.35773116146396, 48.238607076155745 ], [ 28.093251180397772, 48.237444357071524 ], [ 28.076404663444578, 48.314933166832134 ], [ 27.582998087191925, 48.486033834693615 ], [ 27.208550659285606, 48.360615133082035 ], [ 27.037398315479834, 48.399682516435121 ], [ 27.033057494807508, 48.360201721931958 ], [ 26.94324385591932, 48.351261699068232 ], [ 26.831932821042813, 48.391362610296312 ], [ 26.777517538403742, 48.366170350581228 ], [ 26.774365275237301, 48.287182923153352 ], [ 26.67979740452671, 48.330177714230217 ], [ 26.587399943252763, 48.249355774149592 ], [ 26.303489623747168, 48.212045389982677 ], [ 26.270726765827533, 48.093603007372906 ], [ 26.173058308793941, 47.993144023278148 ], [ 25.261744426464077, 47.8985761525675 ], [ 25.079946737452076, 47.742926738578092 ], [ 24.896598754828744, 47.710060526971802 ], [ 24.542098429299188, 47.943818868346057 ], [ 24.231006306895665, 47.89702585895634 ], [ 24.008797648292784, 47.961207988557931 ], [ 23.85521529095297, 47.934232890335579 ], [ 23.780077758681671, 47.987511291413 ], [ 23.460820759770286, 47.971336568927541 ], [ 23.139083292160194, 48.098124695198635 ], [ 23.063118936689534, 48.007458395588515 ], [ 22.92410933407848, 48.004822896359542 ], [ 22.877600546428198, 47.946738587515767 ], [ 22.801429484483208, 48.090967509043423 ], [ 22.605472452791503, 48.097039490480199 ], [ 22.481449015160024, 48.242586162521377 ], [ 22.357115519165916, 48.24310292645896 ], [ 22.256759887858607, 48.357282003661567 ], [ 22.271849406525007, 48.403454895427046 ], [ 22.132839803014463, 48.404798483463253 ], [ 22.138730916398742, 48.569594624991964 ], [ 22.310296671354251, 48.681680807123655 ], [ 22.368897745934191, 48.856450501189784 ], [ 22.448996216502223, 48.971430562270598 ], [ 22.520516398512939, 48.99292795825869 ], [ 22.539636677690623, 49.07219960652651 ], [ 22.866955200322252, 49.009981181686214 ], [ 22.841323690136278, 49.094885559121394 ], [ 22.681746867523827, 49.161238098159686 ], [ 22.737764119718349, 49.275391337840006 ], [ 22.640922484984799, 49.528760885706276 ], [ 22.66583052565818, 49.567363180166581 ], [ 23.101462850530197, 49.95710683231448 ], [ 23.682202596072955, 50.368244528562172 ], [ 23.981305786133021, 50.404779765473734 ], [ 24.010657999367254, 50.492784729231914 ], [ 24.107706339675929, 50.540843811392733 ], [ 24.081041300715412, 50.712978007129436 ], [ 23.957637979809022, 50.808010967632015 ], [ 24.143156371869054, 50.856431783200321 ], [ 23.979342081371954, 50.93751210659849 ], [ 23.863586873035786, 51.148274434317727 ], [ 23.635177042686337, 51.304698996461525 ], [ 23.697602173101814, 51.404434509245334 ], [ 23.543399699000076, 51.592743429000166 ], [ 23.552288045000125, 51.736636455000053 ], [ 23.617503703000239, 51.786504212000125 ], [ 23.594559367000215, 51.843296611000028 ], [ 23.67641483500006, 51.994088440000098 ], [ 23.637450806000174, 52.084470521000185 ], [ 23.512497192000183, 52.124442241000054 ], [ 23.487692505000155, 52.181622213000139 ], [ 23.189726196000095, 52.240533346000063 ], [ 23.165644979000092, 52.289393413000028 ], [ 23.392297810000116, 52.509638367000093 ], [ 23.868961222000223, 52.670042013000057 ], [ 23.922498006000183, 52.742595724000068 ], [ 23.911335897000242, 53.005060324 ], [ 23.859349406000035, 53.067976380000118 ], [ 23.893662557000084, 53.151950582000097 ], [ 23.590942016000099, 53.611250712000128 ], [ 23.485625448000121, 53.939292704000025 ], [ 23.627115519000029, 53.898209941000175 ], [ 24.169614705000072, 53.958929749000049 ], [ 24.257051229000183, 53.894024150000121 ], [ 24.377870728000119, 53.886841125999979 ], [ 24.666845336000222, 53.993863017000137 ], [ 24.806371704000128, 53.975311178000027 ], [ 24.782497192000051, 54.092875062000132 ], [ 24.821564575000195, 54.13452626600008 ], [ 25.07198856600013, 54.132200827000133 ], [ 25.206243937000124, 54.256792705 ], [ 25.369748169000104, 54.247904358000085 ], [ 25.459355103000064, 54.298908997000069 ], [ 25.5539746500001, 54.231264548000183 ], [ 25.501678100000106, 54.221756084 ], [ 25.516044149000095, 54.144758200000069 ], [ 25.740009806000216, 54.146256816000061 ], [ 25.786621949, 54.242323304000138 ], [ 25.695981486000051, 54.32097483400014 ], [ 25.563999878, 54.303146465 ], [ 25.52999678600014, 54.34614125600018 ], [ 25.61257572400018, 54.421795553000038 ], [ 25.630869181000094, 54.50835357700015 ], [ 25.740423217000227, 54.568504943999983 ], [ 25.721199585000193, 54.766735739000126 ], [ 25.782694539000147, 54.869675192000045 ], [ 25.870234416000187, 54.938818258000197 ], [ 26.138641805000248, 54.968945618000191 ], [ 26.264422241000204, 55.140097962000084 ], [ 26.600939168000139, 55.120822652000072 ], [ 26.656956421000245, 55.215338847000055 ], [ 26.800720256000204, 55.273319804000096 ], [ 26.450043986000139, 55.327063294000084 ], [ 26.595564819000174, 55.568030497999985 ], [ 26.615615275000209, 55.687971497000092 ], [ 26.822837769000159, 55.706109925000192 ], [ 26.981071004000228, 55.826877747000196 ], [ 27.592713256000195, 55.794244080000055 ], [ 27.645009806000019, 55.92284088100007 ], [ 27.927059774000099, 56.10936696400006 ], [ 28.110976196000252, 56.156805929000029 ], [ 28.289828329000159, 56.046605937000095 ] ], [ [ 34.152571588208218, 46.276215112037903 ], [ 34.202024761633481, 46.183490411753155 ], [ 34.159047599067492, 46.146989260046269 ], [ 34.135204104785601, 46.20792263462198 ], [ 34.077803099933192, 46.190260786905753 ], [ 34.138147745921799, 46.124323222938472 ], [ 34.033942844486603, 46.135803423189486 ], [ 33.893825519931909, 46.231177400316767 ], [ 33.667753870244837, 46.217636650910777 ], [ 33.786971341654009, 46.121379580902897 ], [ 33.804338825076798, 46.176720037499706 ], [ 33.852025813640466, 46.159352554077145 ], [ 33.865566563945833, 46.038663261200611 ], [ 33.981546029925312, 46.017469044660743 ], [ 33.991260046214279, 46.076930597768921 ], [ 33.93974632363404, 46.098713543795043 ], [ 34.037475214209735, 46.087233342644652 ], [ 34.167289793888926, 45.998041012083206 ], [ 34.112832431071865, 45.984794626071107 ], [ 34.153749044482936, 45.936518909819938 ], [ 34.200847304459614, 45.988621360087734 ], [ 34.116070436501559, 46.059857478639799 ], [ 34.226751347896482, 46.004517022942309 ], [ 34.277087613302797, 46.046022364940143 ], [ 34.297693102155051, 45.999218468357526 ], [ 34.349795553322224, 46.026005603775616 ], [ 34.410728926998388, 45.956241305791593 ], [ 34.359215205317525, 45.881767181810005 ], [ 34.411612019878817, 45.864694062680883 ], [ 34.44487516615601, 45.932397811509816 ], [ 34.488146693015494, 45.875585535244227 ], [ 34.569096827856299, 45.918268333516892 ], [ 34.544075877299861, 45.970665148078183 ], [ 34.626792197002374, 45.947410382383396 ], [ 34.461653920991694, 45.771969362396135 ], [ 34.750130765822234, 45.90237267066226 ], [ 34.647103321560962, 45.785510112701559 ], [ 34.750130765822234, 45.806115601553813 ], [ 34.71598452756399, 45.724282373832523 ], [ 34.872291878367605, 45.737234395550956 ], [ 34.839028732090412, 45.703676884980268 ], [ 34.976791144096069, 45.663054634963544 ], [ 35.095714251211746, 45.474367229863731 ], [ 35.010348654666757, 45.429918246729756 ], [ 35.051853996664533, 45.374872155325761 ], [ 35.404502220601103, 45.251239221313085 ], [ 35.455427214594238, 45.279203813904871 ], [ 35.338270292340155, 45.340137187581206 ], [ 35.084528414354793, 45.5871086904138 ], [ 34.89466355208134, 45.846443486377893 ], [ 34.81135850469127, 45.817890166098323 ], [ 34.8478596563981, 45.912969778932109 ], [ 34.7951684775432, 46.029243609205309 ], [ 34.753663135545366, 46.011581761489197 ], [ 34.660938435260618, 46.087233342644652 ], [ 34.77426862439745, 46.087233342644652 ], [ 34.770736254674489, 46.141985070654528 ], [ 34.652107511852307, 46.184373504633584 ], [ 34.57557283871563, 45.996863555808488 ], [ 34.461653920991694, 45.970665148078183 ], [ 34.401309275003086, 46.011287398094908 ], [ 34.469013024731396, 46.046316729233808 ], [ 34.448701900172637, 46.107838831496906 ], [ 34.52405911613539, 46.128149956055665 ], [ 34.552318072121295, 46.085172793489676 ], [ 34.56821373497587, 46.169360933760174 ], [ 34.484614323292362, 46.145517439478283 ], [ 34.311233852460418, 46.21439864548114 ], [ 34.307995847030782, 46.101657184931241 ], [ 34.237348456166274, 46.234415405746404 ], [ 34.152571588208218, 46.276215112037903 ] ], [ [ 30.128613969858861, 46.373944002613541 ], [ 30.125375964429224, 46.305062796610741 ], [ 30.341144870139715, 46.201740988056144 ], [ 30.431220292682383, 46.08370097292152 ], [ 30.498040949530264, 46.124911950626029 ], [ 30.309353544430508, 46.374827094594821 ], [ 30.294635337850593, 46.310361351195354 ], [ 30.227814681002712, 46.393372035191305 ], [ 30.128613969858861, 46.373944002613541 ] ] ], [ [ [ 32.619395378793797, 46.060003973704397 ], [ 32.978688998198777, 46.053290106553277 ], [ 33.057465039979718, 46.025213934175724 ], [ 32.619395378793797, 46.060003973704397 ] ] ], [ [ [ 32.153086785027142, 46.155991929683807 ], [ 31.580332878959268, 46.26276276239156 ], [ 31.521983269212456, 46.313218491939949 ], [ 31.504405143882195, 46.373358466620004 ], [ 31.618174675221098, 46.259222723250105 ], [ 32.153086785027142, 46.155991929683807 ] ] ], [ [ [ 29.908050977071014, 45.666449286105774 ], [ 29.73096764394154, 45.591376044568847 ], [ 30.12598717516812, 45.811468816932347 ], [ 29.908050977071014, 45.666449286105774 ] ] ] ] } },
{ "type": "Feature", "properties": { "NAME_FULL": "Democratic Republic of Limaria", "NAME_SHORT": "Limaria", "CODE": null, "DEMONYM": "Limarians", "LANGUAGE": null, "STATUS": "NOTIONAL", "REGION": "Eurasia", "VERSION": "GIS version 1.5; May 2024", "id": "limaria", "display_name": "Limaria", "full_name": "Democratic Republic of Limaria", "scenario_role": "regional-context" }, "geometry": { "type": "Polygon", "coordinates": [ [ [ 45.002399944401887, 41.290452372978656 ], [ 45.034852742160304, 41.197693176498895 ], [ 45.134433228011069, 41.187874654491679 ], [ 45.201044149467918, 41.126741435269018 ], [ 44.979455606690856, 41.082041320950189 ], [ 44.966949910410008, 41.044834290470085 ], [ 45.015732462982783, 41.02323354169458 ], [ 45.120015502913077, 41.079612529094923 ], [ 45.205178263665907, 41.024887187193876 ], [ 45.177169636669376, 40.993829652516411 ], [ 45.209932495488282, 40.967991434956758 ], [ 45.419118692973285, 41.017342428310414 ], [ 45.416431518699611, 40.961325175216651 ], [ 45.600968057929506, 40.840557353539019 ], [ 45.398809855390482, 40.708937480180566 ], [ 45.38780277497807, 40.609512023960704 ], [ 45.585413452169071, 40.398723856920441 ], [ 45.979239543470165, 40.223592428547704 ], [ 45.873767944235233, 40.009755351128533 ], [ 45.639570353289187, 40.025413310575793 ], [ 45.5794189859974, 39.970171203837999 ], [ 45.742768189400408, 39.940508931342102 ], [ 45.816820516053959, 39.839171448103798 ], [ 45.979239543470179, 39.768478088393103 ], [ 46.184239949913717, 39.593243307232804 ], [ 46.343713419738499, 39.618616435000426 ], [ 46.524270874401296, 39.554641011873201 ], [ 46.491404662794942, 39.466429342540103 ], [ 46.360869995054188, 39.410257060714748 ], [ 46.602612345783093, 39.215488587428389 ], [ 46.395286499372453, 39.195179748946295 ], [ 46.4919214285311, 39.081905009308656 ], [ 46.4750749106786, 38.951060282306166 ], [ 46.514038940344811, 38.882175599524267 ], [ 46.378233276844263, 38.924705303506926 ], [ 46.126052286483812, 38.862667744920493 ], [ 45.459839721825688, 38.993124898295385 ], [ 45.311114949994924, 39.200528259971186 ], [ 45.152726684888592, 39.213524883566521 ], [ 45.087976115405375, 39.350725810147999 ], [ 44.957028036514657, 39.434493306920629 ], [ 44.872278686911834, 39.625075989165559 ], [ 44.809646850921403, 39.636961569620738 ], [ 44.692031291510901, 39.793024393860676 ], [ 44.464344929774654, 39.972289937330736 ], [ 44.28905847177105, 40.043396708191516 ], [ 43.912130574266556, 40.024328104958052 ], [ 43.66542728703962, 40.11016265927929 ], [ 43.721392863289992, 40.169383851483538 ], [ 43.594217163391356, 40.345445454943786 ], [ 43.625326374912284, 40.420169576065057 ], [ 43.559490600710618, 40.477892152400912 ], [ 43.707181843767032, 40.61194081761461 ], [ 43.720617716934044, 40.762887676624963 ], [ 43.636178425693757, 40.933523255593805 ], [ 43.460478557439437, 41.022871806488638 ], [ 43.440428100476439, 41.106587626417834 ], [ 43.754155721209557, 41.108241271917166 ], [ 44.124727417336437, 41.178056132484549 ], [ 44.180331258380818, 41.229939270480962 ], [ 44.551523071232737, 41.177022604609512 ], [ 44.612862996030415, 41.22311798110993 ], [ 44.847784057388324, 41.208906962486331 ], [ 44.820705607277951, 41.273347474506309 ], [ 45.002399944401887, 41.290452372978656 ] ] ] } },
{ "type": "Feature", "properties": { "NAME_FULL": "Republic of Atropia", "NAME_SHORT": "Atropia", "CODE": null, "DEMONYM": "Atropians", "LANGUAGE": null, "STATUS": "NOTIONAL", "REGION": "Eurasia", "VERSION": "GIS version 1.5; May 2024", "id": "atropia", "display_name": "Atropia", "full_name": "Republic of Atropia", "scenario_role": "regional-context" }, "geometry": { "type": "Polygon", "coordinates": [ [ [ 49.190430803895225, 41.078563801940632 ], [ 49.382009310980976, 40.866644597869893 ], [ 49.538828972279241, 40.788072007017526 ], [ 49.510752799901773, 40.687933660909827 ], [ 49.55665123836399, 40.641180731605452 ], [ 49.81674238395388, 40.565375066905823 ], [ 50.052012565727324, 40.584295966385696 ], [ 50.237559441115344, 40.496161199879552 ], [ 50.350596550190637, 40.385891017856238 ], [ 50.391123893852587, 40.235012111619646 ], [ 50.229991082222689, 40.342759507345363 ], [ 49.983734570993683, 40.324204819896522 ], [ 49.893402540394959, 40.36904531568873 ], [ 49.819021030396186, 40.292059637042598 ], [ 49.492523633758644, 40.153998114121798 ], [ 49.496592644235221, 40.09454987187906 ], [ 49.432627799833107, 40.062974351085415 ], [ 49.48389733219615, 39.988674221638043 ], [ 49.423675976964773, 39.935492254863689 ], [ 49.423594597312793, 39.709540106190921 ], [ 49.318044467478202, 39.621405341483332 ], [ 49.284922722505669, 39.522202867668206 ], [ 49.408946160137226, 39.38641998939098 ], [ 49.40707441465247, 39.323675847862106 ], [ 49.366872592296261, 39.35097890815009 ], [ 49.40707441465247, 39.289496161118961 ], [ 49.273122592034035, 39.336574610829622 ], [ 49.203298373121456, 39.034125067717746 ], [ 49.07927493638924, 38.963324286686593 ], [ 49.055837436548437, 39.007513738967887 ], [ 49.147715691326148, 39.08344147314547 ], [ 49.068614129138751, 39.111395575145679 ], [ 49.041188998473537, 39.184393622068022 ], [ 48.967621290390277, 39.183823960007707 ], [ 48.921722851928067, 38.935451565237592 ], [ 48.831797722287135, 38.871161200429086 ], [ 48.874278368252121, 38.434062791764433 ], [ 48.659127644824963, 38.392644755051407 ], [ 48.575928588833349, 38.420369161207837 ], [ 48.415266561502584, 38.618109030507355 ], [ 48.310311727104498, 38.600151470414055 ], [ 48.228042847099729, 38.662189026302507 ], [ 48.222978556015562, 38.721461894450876 ], [ 47.993121785741785, 38.850084534273833 ], [ 48.058544148793438, 38.94837310803252 ], [ 48.293671915726364, 39.004597067600592 ], [ 48.271296021494159, 39.1083116658507 ], [ 48.142156615935079, 39.181201274319321 ], [ 48.106189819804328, 39.269180400554987 ], [ 48.338940470826131, 39.378941142719555 ], [ 47.971417684178817, 39.704554342109212 ], [ 47.823106323498031, 39.680318095004083 ], [ 47.102220092883009, 39.308402812639635 ], [ 47.020467976815773, 39.189960429130494 ], [ 46.866162149963245, 39.165362448618112 ], [ 46.514038940344868, 38.88217559952426 ], [ 46.475074910678664, 38.951060282306173 ], [ 46.491921428531114, 39.081905009308663 ], [ 46.395286499372531, 39.195179748946302 ], [ 46.602612345783129, 39.215488587428382 ], [ 46.36086999505423, 39.410257060714812 ], [ 46.491404662794984, 39.466429342540117 ], [ 46.524270874401367, 39.55464101187323 ], [ 46.343713419738528, 39.61861643500044 ], [ 46.18423994991376, 39.593243307232811 ], [ 45.97923954347025, 39.768478088393124 ], [ 45.816820516053987, 39.839171448103812 ], [ 45.742768189400458, 39.94050893134213 ], [ 45.579418985997378, 39.970171203838014 ], [ 45.639570353289187, 40.025413310575786 ], [ 45.873767944235269, 40.009755351128554 ], [ 45.981771688112907, 40.211913555466204 ], [ 45.585413452169128, 40.398723856920434 ], [ 45.373540080410422, 40.632714742291547 ], [ 45.398809855390503, 40.708937480180602 ], [ 45.555854533360012, 40.776581930411773 ], [ 45.599159382799279, 40.862674866252085 ], [ 45.416431518699625, 40.961325175216672 ], [ 45.419118692973335, 41.017342428310386 ], [ 45.209932495488331, 40.967991434956772 ], [ 45.17716963666939, 40.993829652516411 ], [ 45.205178263665921, 41.024887187193876 ], [ 45.120015502913127, 41.079612529094938 ], [ 45.015732462982783, 41.023233541694594 ], [ 44.960697061819936, 41.059923808237194 ], [ 45.201044149467933, 41.126741435269025 ], [ 45.134433228011083, 41.187874654491736 ], [ 45.034852742160346, 41.197693176498916 ], [ 45.002399944401915, 41.290452372978677 ], [ 45.281711059917519, 41.452923075439585 ], [ 45.744060099693819, 41.335359191973126 ], [ 45.685872436263878, 41.296240133575303 ], [ 45.709746948163158, 41.267714743540608 ], [ 45.96916263814532, 41.168289286421391 ], [ 46.228578328127384, 41.195419413375227 ], [ 46.474919881047654, 41.0441108200583 ], [ 46.601785523483152, 41.09403025329356 ], [ 46.674649291731434, 41.261668600525489 ], [ 46.749992508147784, 41.292172634551385 ], [ 46.954515830641142, 41.226012151147735 ], [ 47.176994664383649, 41.257739623667611 ], [ 47.250841511926183, 41.316032206321317 ], [ 47.547309205455512, 41.205651347431733 ], [ 47.828739054463789, 41.198416646910715 ], [ 47.894626506408201, 41.219293925274428 ], [ 47.892146036810139, 41.283269348401667 ], [ 48.014597080720506, 41.390250987230026 ], [ 48.460615585370874, 41.46843525118895 ], [ 48.674991002295037, 41.780321324353913 ], [ 49.042491082000126, 41.414374091000205 ], [ 49.190430803895225, 41.078563801940632 ] ] ] } }
]
}
